Ligue,Date_Match,Match,Equipe,Joueur,Buts,xG,Tirs,Passes_Cles,Fatigue_Equipe,Arbitre,Moy_Jaunes_Arb
La_Liga,2026-04-05,Alaves vs Osasuna,Alaves,Antonio Martínez,7,8.288906879723072,65,17,✅ OPTIMALE (14j),Non renseigné (Auto),N/A
La_Liga,2026-04-05,Alaves vs Osasuna,Alaves,Lucas Boyé,9,9.740091940388083,54,23,✅ OPTIMALE (14j),Non renseigné (Auto),N/A
La_Liga,2026-04-05,Alaves vs Osasuna,Alaves,Pablo Ibáñez,1,3.3346493914723396,39,14,✅ OPTIMALE (14j),Non renseigné (Auto),N/A
La_Liga,2026-04-05,Alaves vs Osasuna,Alaves,Antonio Blanco,1,0.7245643669739366,29,14,✅ OPTIMALE (14j),Non renseigné (Auto),N/A
La_Liga,2026-04-05,Alaves vs Osasuna,Alaves,Abderrahmane Rebbach,1,2.6443855855613947,27,19,✅ OPTIMALE (14j),Non renseigné (Auto),N/A
La_Liga,2026-04-05,Alaves vs Osasuna,Alaves,Carles Aleñá,0,2.1001556795090437,25,31,✅ OPTIMALE (14j),Non renseigné (Auto),N/A
La_Liga,2026-04-05,Alaves vs Osasuna,Alaves,Nahuel Tenaglia,1,1.364607154391706,16,6,✅ OPTIMALE (14j),Non renseigné (Auto),N/A
La_Liga,2026-04-05,Alaves vs Osasuna,Alaves,Carlos Vicente,5,3.714753158390522,12,26,✅ OPTIMALE (14j),Non renseigné (Auto),N/A
La_Liga,2026-04-05,Alaves vs Osasuna,Alaves,Youssef Lekhedim,0,0.7701235758140683,10,12,✅ OPTIMALE (14j),Non renseigné (Auto),N/A
La_Liga,2026-04-05,Alaves vs Osasuna,Alaves,Jon Guridi,0,1.0686835683882236,8,1,✅ OPTIMALE (14j),Non renseigné (Auto),N/A
La_Liga,2026-04-05,Alaves vs Osasuna,Alaves,Facundo Garcés,0,0.61756222974509,8,0,✅ OPTIMALE (14j),Non renseigné (Auto),N/A
La_Liga,2026-04-05,Alaves vs Osasuna,Alaves,Jonny,0,0.8223819062113762,7,13,✅ OPTIMALE (14j),Non renseigné (Auto),N/A
La_Liga,2026-04-05,Alaves vs Osasuna,Alaves,Denis Suárez,1,1.3282895367592573,6,17,✅ OPTIMALE (14j),Non renseigné (Auto),N/A
La_Liga,2026-04-05,Alaves vs Osasuna,Alaves,Ángel Pérez,1,0.6904677208513021,6,6,✅ OPTIMALE (14j),Non renseigné (Auto),N/A
La_Liga,2026-04-05,Alaves vs Osasuna,Alaves,Mariano,0,0.24978233128786087,6,2,✅ OPTIMALE (14j),Non renseigné (Auto),N/A
La_Liga,2026-04-05,Alaves vs Osasuna,Alaves,Victor Parada,0,1.2461828151717782,6,13,✅ OPTIMALE (14j),Non renseigné (Auto),N/A
La_Liga,2026-04-05,Alaves vs Osasuna,Alaves,Calebe,0,0.14146154932677746,5,10,✅ OPTIMALE (14j),Non renseigné (Auto),N/A
La_Liga,2026-04-05,Alaves vs Osasuna,Alaves,Ander Guevara,1,0.6024258323013783,4,2,✅ OPTIMALE (14j),Non renseigné (Auto),N/A
La_Liga,2026-04-05,Alaves vs Osasuna,Alaves,Jon Pacheco Dozagarat,0,0.24303779192268848,4,5,✅ OPTIMALE (14j),Non renseigné (Auto),N/A
La_Liga,2026-04-05,Alaves vs Osasuna,Alaves,Carlos Benavídez,0,0.22582579404115677,3,2,✅ OPTIMALE (14j),Non renseigné (Auto),N/A
La_Liga,2026-04-05,Alaves vs Osasuna,Alaves,Ibrahim Diabate,0,0.131654754281044,2,0,✅ OPTIMALE (14j),Non renseigné (Auto),N/A
La_Liga,2026-04-05,Alaves vs Osasuna,Alaves,Diego Morcillo,0,0.5672497153282166,1,0,✅ OPTIMALE (14j),Non renseigné (Auto),N/A
La_Liga,2026-04-05,Alaves vs Osasuna,Alaves,Aitor Mañas,0,0.5702066421508789,1,2,✅ OPTIMALE (14j),Non renseigné (Auto),N/A
La_Liga,2026-04-05,Alaves vs Osasuna,Alaves,Antonio Sivera,0,0.0,0,0,✅ OPTIMALE (14j),Non renseigné (Auto),N/A
La_Liga,2026-04-05,Alaves vs Osasuna,Alaves,Moussa Diarra,0,0.0,0,1,✅ OPTIMALE (14j),Non renseigné (Auto),N/A
La_Liga,2026-04-05,Alaves vs Osasuna,Alaves,Lander Pinillos,0,0.0,0,0,✅ OPTIMALE (14j),Non renseigné (Auto),N/A
La_Liga,2026-04-05,Alaves vs Osasuna,Alaves,Carlos Ballestero,0,0.0,0,0,✅ OPTIMALE (14j),Non renseigné (Auto),N/A
La_Liga,2026-04-05,Alaves vs Osasuna,Alaves,Ville Koski,0,0.0,0,0,✅ OPTIMALE (14j),Non renseigné (Auto),N/A
La_Liga,2026-04-05,Alaves vs Osasuna,Osasuna,Ante Budimir,14,12.601044425740838,75,12,✅ OPTIMALE (15j),Non renseigné (Auto),N/A
La_Liga,2026-04-05,Alaves vs Osasuna,Osasuna,Víctor Muñoz,5,6.418245373293757,70,22,✅ OPTIMALE (15j),Non renseigné (Auto),N/A
La_Liga,2026-04-05,Alaves vs Osasuna,Osasuna,Raul García,5,5.567171934992075,27,7,✅ OPTIMALE (15j),Non renseigné (Auto),N/A
La_Liga,2026-04-05,Alaves vs Osasuna,Osasuna,Aimar Oroz,0,1.519816067069769,26,31,✅ OPTIMALE (15j),Non renseigné (Auto),N/A
La_Liga,2026-04-05,Alaves vs Osasuna,Osasuna,Rubén García,2,1.296526838093996,20,32,✅ OPTIMALE (15j),Non renseigné (Auto),N/A
La_Liga,2026-04-05,Alaves vs Osasuna,Osasuna,Lucas Torró,0,1.657860640436411,19,10,✅ OPTIMALE (15j),Non renseigné (Auto),N/A
La_Liga,2026-04-05,Alaves vs Osasuna,Osasuna,Jon Moncayola,0,2.069802885875106,17,31,✅ OPTIMALE (15j),Non renseigné (Auto),N/A
La_Liga,2026-04-05,Alaves vs Osasuna,Osasuna,Alejandro Catena,2,2.2585138333961368,14,9,✅ OPTIMALE (15j),Non renseigné (Auto),N/A
La_Liga,2026-04-05,Alaves vs Osasuna,Osasuna,Abel Bretones,1,0.5832634549587965,11,9,✅ OPTIMALE (15j),Non renseigné (Auto),N/A
La_Liga,2026-04-05,Alaves vs Osasuna,Osasuna,Moi Gómez,0,0.4181990008801222,11,10,✅ OPTIMALE (15j),Non renseigné (Auto),N/A
La_Liga,2026-04-05,Alaves vs Osasuna,Osasuna,Valentin Rosier,0,0.2636332372203469,8,11,✅ OPTIMALE (15j),Non renseigné (Auto),N/A
La_Liga,2026-04-05,Alaves vs Osasuna,Osasuna,Iker Muñoz,0,0.23087357636541128,7,3,✅ OPTIMALE (15j),Non renseigné (Auto),N/A
La_Liga,2026-04-05,Alaves vs Osasuna,Osasuna,Enzo Boyomo,1,0.7986937370151281,6,8,✅ OPTIMALE (15j),Non renseigné (Auto),N/A
La_Liga,2026-04-05,Alaves vs Osasuna,Osasuna,Kike Barja,1,0.6249526012688875,4,5,✅ OPTIMALE (15j),Non renseigné (Auto),N/A
La_Liga,2026-04-05,Alaves vs Osasuna,Osasuna,Javi Galán,0,0.16055666282773018,4,19,✅ OPTIMALE (15j),Non renseigné (Auto),N/A
La_Liga,2026-04-05,Alaves vs Osasuna,Osasuna,Raul Moro,0,0.16192267462611198,4,6,✅ OPTIMALE (15j),Non renseigné (Auto),N/A
La_Liga,2026-04-05,Alaves vs Osasuna,Osasuna,Asier Osambela,1,0.2776791490614414,3,3,✅ OPTIMALE (15j),Non renseigné (Auto),N/A
La_Liga,2026-04-05,Alaves vs Osasuna,Osasuna,Sheraldo Becker,0,0.16511926800012589,3,2,✅ OPTIMALE (15j),Non renseigné (Auto),N/A
La_Liga,2026-04-05,Alaves vs Osasuna,Osasuna,Jorge Herrando,0,0.17066956497728825,3,2,✅ OPTIMALE (15j),Non renseigné (Auto),N/A
La_Liga,2026-04-05,Alaves vs Osasuna,Osasuna,Iker Benito,1,0.3859800510108471,2,2,✅ OPTIMALE (15j),Non renseigné (Auto),N/A
La_Liga,2026-04-05,Alaves vs Osasuna,Osasuna,Juan Cruz,0,0.5461479425430298,1,2,✅ OPTIMALE (15j),Non renseigné (Auto),N/A
La_Liga,2026-04-05,Alaves vs Osasuna,Osasuna,Sergio Herrera,0,0.0,0,0,✅ OPTIMALE (15j),Non renseigné (Auto),N/A
La_Liga,2026-04-05,Alaves vs Osasuna,Osasuna,Iñigo Arguibide,0,0.0,0,1,✅ OPTIMALE (15j),Non renseigné (Auto),N/A
Ligue_1,2026-04-05,Angers vs Lyon,Angers,Louis Mouton,2,3.003793777897954,35,19,✅ OPTIMALE (16j),Non renseigné (Auto),N/A
Ligue_1,2026-04-05,Angers vs Lyon,Angers,Yassin Belkhdim,2,2.15609822422266,30,15,✅ OPTIMALE (16j),Non renseigné (Auto),N/A
Ligue_1,2026-04-05,Angers vs Lyon,Angers,Sidiki Chérif,4,2.8283863738179207,28,5,✅ OPTIMALE (16j),Non renseigné (Auto),N/A
Ligue_1,2026-04-05,Angers vs Lyon,Angers,Amine Sbaï,2,2.885209120810032,26,20,✅ OPTIMALE (16j),Non renseigné (Auto),N/A
Ligue_1,2026-04-05,Angers vs Lyon,Angers,Prosper Peter,3,4.583660250529647,17,11,✅ OPTIMALE (16j),Non renseigné (Auto),N/A
Ligue_1,2026-04-05,Angers vs Lyon,Angers,Goduine Koyalipou,0,1.6959716901183128,15,3,✅ OPTIMALE (16j),Non renseigné (Auto),N/A
Ligue_1,2026-04-05,Angers vs Lyon,Angers,Lilian Raolisoa,2,0.9511190205812454,14,18,✅ OPTIMALE (16j),Non renseigné (Auto),N/A
Ligue_1,2026-04-05,Angers vs Lyon,Angers,Himad Abdelli,2,1.8309766426682472,11,8,✅ OPTIMALE (16j),Non renseigné (Auto),N/A
Ligue_1,2026-04-05,Angers vs Lyon,Angers,Lanroy Machine,1,1.356049694120884,11,2,✅ OPTIMALE (16j),Non renseigné (Auto),N/A
Ligue_1,2026-04-05,Angers vs Lyon,Angers,Carlens Arcus,0,0.2048528864979744,9,16,✅ OPTIMALE (16j),Non renseigné (Auto),N/A
Ligue_1,2026-04-05,Angers vs Lyon,Angers,Jordan Lefort,0,0.4984982628375292,9,7,✅ OPTIMALE (16j),Non renseigné (Auto),N/A
Ligue_1,2026-04-05,Angers vs Lyon,Angers,Branco van den Boomen,0,0.2730126865208149,9,14,✅ OPTIMALE (16j),Non renseigné (Auto),N/A
Ligue_1,2026-04-05,Angers vs Lyon,Angers,Jacques Ekomie,0,0.7854319140315056,8,10,✅ OPTIMALE (16j),Non renseigné (Auto),N/A
Ligue_1,2026-04-05,Angers vs Lyon,Angers,Djibirin Harouna,2,1.2620018012821674,7,4,✅ OPTIMALE (16j),Non renseigné (Auto),N/A
Ligue_1,2026-04-05,Angers vs Lyon,Angers,Ousmane Camara,1,0.29769645258784294,6,4,✅ OPTIMALE (16j),Non renseigné (Auto),N/A
Ligue_1,2026-04-05,Angers vs Lyon,Angers,Jim Allevinah,1,0.7092178463935852,5,1,✅ OPTIMALE (16j),Non renseigné (Auto),N/A
Ligue_1,2026-04-05,Angers vs Lyon,Angers,Haris Belkebla,0,0.1648719646036625,5,10,✅ OPTIMALE (16j),Non renseigné (Auto),N/A
Ligue_1,2026-04-05,Angers vs Lyon,Angers,Esteban Lepaul,1,0.4703880101442337,3,2,✅ OPTIMALE (16j),Non renseigné (Auto),N/A
Ligue_1,2026-04-05,Angers vs Lyon,Angers,Pierrick Capelle,0,0.16671010851860046,3,3,✅ OPTIMALE (16j),Non renseigné (Auto),N/A
Ligue_1,2026-04-05,Angers vs Lyon,Angers,Florent Hanin,0,0.05992070585489273,2,7,✅ OPTIMALE (16j),Non renseigné (Auto),N/A
Ligue_1,2026-04-05,Angers vs Lyon,Angers,Marius Courcoul,0,0.05313415080308914,2,3,✅ OPTIMALE (16j),Non renseigné (Auto),N/A
Ligue_1,2026-04-05,Angers vs Lyon,Angers,Abdoulaye Bamba,0,0.014829288236796856,1,0,✅ OPTIMALE (16j),Non renseigné (Auto),N/A
Ligue_1,2026-04-05,Angers vs Lyon,Angers,Justin-Noel Kalumba,0,0.016442036256194115,1,4,✅ OPTIMALE (16j),Non renseigné (Auto),N/A
Ligue_1,2026-04-05,Angers vs Lyon,Angers,Dan Sinaté,0,0.059151530265808105,1,0,✅ OPTIMALE (16j),Non renseigné (Auto),N/A
Ligue_1,2026-04-05,Angers vs Lyon,Angers,Kouakou Herve Koffi,0,0.0,0,0,✅ OPTIMALE (16j),Non renseigné (Auto),N/A
Ligue_1,2026-04-05,Angers vs Lyon,Angers,Melvin Zinga,0,0.0,0,0,✅ OPTIMALE (16j),Non renseigné (Auto),N/A
Ligue_1,2026-04-05,Angers vs Lyon,Angers,Emmanuel Biumla,0,0.0,0,0,✅ OPTIMALE (16j),Non renseigné (Auto),N/A
Ligue_1,2026-04-05,Angers vs Lyon,Angers,Marius Louãr,0,0.0,0,2,✅ OPTIMALE (16j),Non renseigné (Auto),N/A
Ligue_1,2026-04-05,Angers vs Lyon,Angers,Oumar Pona,0,0.0,0,0,✅ OPTIMALE (16j),Non renseigné (Auto),N/A
Ligue_1,2026-04-05,Angers vs Lyon,Lyon,Corentin Tolisso,7,8.096649084240198,41,28,✅ OPTIMALE (14j),Non renseigné (Auto),N/A
Ligue_1,2026-04-05,Angers vs Lyon,Lyon,Pavel Sulc,10,7.525751184672117,40,18,✅ OPTIMALE (14j),Non renseigné (Auto),N/A
Ligue_1,2026-04-05,Angers vs Lyon,Lyon,Endrick,3,4.127919487655163,30,15,✅ OPTIMALE (14j),Non renseigné (Auto),N/A
Ligue_1,2026-04-05,Angers vs Lyon,Lyon,Tanner Tessmann,1,2.5335096772760153,25,11,✅ OPTIMALE (14j),Non renseigné (Auto),N/A
Ligue_1,2026-04-05,Angers vs Lyon,Lyon,Tyler Morton,2,1.8578537218272686,23,26,✅ OPTIMALE (14j),Non renseigné (Auto),N/A
Ligue_1,2026-04-05,Angers vs Lyon,Lyon,Afonso Moreira,2,1.7208419367671013,23,21,✅ OPTIMALE (14j),Non renseigné (Auto),N/A
Ligue_1,2026-04-05,Angers vs Lyon,Lyon,Malick Fofana,2,2.6917807161808014,18,9,✅ OPTIMALE (14j),Non renseigné (Auto),N/A
Ligue_1,2026-04-05,Angers vs Lyon,Lyon,Martín Satriano,2,2.151202028617263,16,10,✅ OPTIMALE (14j),Non renseigné (Auto),N/A
Ligue_1,2026-04-05,Angers vs Lyon,Lyon,Nicolás Tagliafico,0,1.8607485853135586,15,13,✅ OPTIMALE (14j),Non renseigné (Auto),N/A
Ligue_1,2026-04-05,Angers vs Lyon,Lyon,Abner,3,2.0356894209980965,14,13,✅ OPTIMALE (14j),Non renseigné (Auto),N/A
Ligue_1,2026-04-05,Angers vs Lyon,Lyon,Ainsley Maitland-Niles,1,2.4503330066800117,12,18,✅ OPTIMALE (14j),Non renseigné (Auto),N/A
Ligue_1,2026-04-05,Angers vs Lyon,Lyon,Georges Mikautadze,1,1.2365504503250122,10,0,✅ OPTIMALE (14j),Non renseigné (Auto),N/A
Ligue_1,2026-04-05,Angers vs Lyon,Lyon,Rémi Himbert,1,1.1806120872497559,10,0,✅ OPTIMALE (14j),Non renseigné (Auto),N/A
Ligue_1,2026-04-05,Angers vs Lyon,Lyon,Adam Karabec,1,1.5626697093248367,9,21,✅ OPTIMALE (14j),Non renseigné (Auto),N/A
Ligue_1,2026-04-05,Angers vs Lyon,Lyon,Mathys de Carvalho,0,0.3661429677158594,7,1,✅ OPTIMALE (14j),Non renseigné (Auto),N/A
Ligue_1,2026-04-05,Angers vs Lyon,Lyon,Hans Hateboer,0,0.29930730164051056,6,1,✅ OPTIMALE (14j),Non renseigné (Auto),N/A
Ligue_1,2026-04-05,Angers vs Lyon,Lyon,Noah Nartey,2,0.9463840425014496,4,3,✅ OPTIMALE (14j),Non renseigné (Auto),N/A
Ligue_1,2026-04-05,Angers vs Lyon,Lyon,Moussa Niakhate,0,0.17097577545791864,4,12,✅ OPTIMALE (14j),Non renseigné (Auto),N/A
Ligue_1,2026-04-05,Angers vs Lyon,Lyon,Khalis Merah,0,0.9693154729902744,4,9,✅ OPTIMALE (14j),Non renseigné (Auto),N/A
Ligue_1,2026-04-05,Angers vs Lyon,Lyon,Rachid Ghezzal,0,0.10702870972454548,3,1,✅ OPTIMALE (14j),Non renseigné (Auto),N/A
Ligue_1,2026-04-05,Angers vs Lyon,Lyon,Orel Mangala,0,0.13269847631454468,3,3,✅ OPTIMALE (14j),Non renseigné (Auto),N/A
Ligue_1,2026-04-05,Angers vs Lyon,Lyon,Clinton Mata,0,0.12493745237588882,3,2,✅ OPTIMALE (14j),Non renseigné (Auto),N/A
Ligue_1,2026-04-05,Angers vs Lyon,Lyon,Roman Yaremchuk,0,0.5218189507722855,3,2,✅ OPTIMALE (14j),Non renseigné (Auto),N/A
Ligue_1,2026-04-05,Angers vs Lyon,Lyon,Adil Hamdani,0,0.09110097214579582,2,0,✅ OPTIMALE (14j),Non renseigné (Auto),N/A
Ligue_1,2026-04-05,Angers vs Lyon,Lyon,Ruben Kluivert,1,0.467510849237442,1,2,✅ OPTIMALE (14j),Non renseigné (Auto),N/A
Ligue_1,2026-04-05,Angers vs Lyon,Lyon,Sael Kumbedi,0,0.03166545554995537,1,0,✅ OPTIMALE (14j),Non renseigné (Auto),N/A
Ligue_1,2026-04-05,Angers vs Lyon,Lyon,Remy Descamps,0,0.0,0,0,✅ OPTIMALE (14j),Non renseigné (Auto),N/A
Ligue_1,2026-04-05,Angers vs Lyon,Lyon,Dominik Greif,0,0.0,0,1,✅ OPTIMALE (14j),Non renseigné (Auto),N/A
Ligue_1,2026-04-05,Angers vs Lyon,Lyon,Enzo Molébé,0,0.0,0,0,✅ OPTIMALE (14j),Non renseigné (Auto),N/A
Ligue_1,2026-04-05,Angers vs Lyon,Lyon,Noham Kamara,0,0.0,0,0,✅ OPTIMALE (14j),Non renseigné (Auto),N/A
Ligue_1,2026-04-05,Angers vs Lyon,Lyon,Steeve Kango,0,0.0,0,0,✅ OPTIMALE (14j),Non renseigné (Auto),N/A
La_Liga,2026-04-05,Atletico Madrid vs Barcelona,Atletico Madrid,Julián Álvarez,8,8.894600672647357,54,47,✅ OPTIMALE (14j),Non renseigné (Auto),N/A
La_Liga,2026-04-05,Atletico Madrid vs Barcelona,Atletico Madrid,Alexander Sørloth,10,9.739260882139206,53,10,✅ OPTIMALE (14j),Non renseigné (Auto),N/A
La_Liga,2026-04-05,Atletico Madrid vs Barcelona,Atletico Madrid,Nicolás González,3,4.920811899006367,40,11,✅ OPTIMALE (14j),Non renseigné (Auto),N/A
La_Liga,2026-04-05,Atletico Madrid vs Barcelona,Atletico Madrid,Antoine Griezmann,6,5.957592325285077,34,23,✅ OPTIMALE (14j),Non renseigné (Auto),N/A
La_Liga,2026-04-05,Atletico Madrid vs Barcelona,Atletico Madrid,Giuliano Simeone,3,5.377896117046475,33,28,✅ OPTIMALE (14j),Non renseigné (Auto),N/A
La_Liga,2026-04-05,Atletico Madrid vs Barcelona,Atletico Madrid,Álex Baena,2,1.5188072193413973,21,34,✅ OPTIMALE (14j),Non renseigné (Auto),N/A
La_Liga,2026-04-05,Atletico Madrid vs Barcelona,Atletico Madrid,Pablo Barrios Rivas,1,1.4028489515185356,21,20,✅ OPTIMALE (14j),Non renseigné (Auto),N/A
La_Liga,2026-04-05,Atletico Madrid vs Barcelona,Atletico Madrid,David Hancko,0,0.9874462652951479,19,13,✅ OPTIMALE (14j),Non renseigné (Auto),N/A
La_Liga,2026-04-05,Atletico Madrid vs Barcelona,Atletico Madrid,Thiago Almada,3,3.392496343702078,17,19,✅ OPTIMALE (14j),Non renseigné (Auto),N/A
La_Liga,2026-04-05,Atletico Madrid vs Barcelona,Atletico Madrid,Marcos Llorente,0,2.1275672614574432,16,19,✅ OPTIMALE (14j),Non renseigné (Auto),N/A
La_Liga,2026-04-05,Atletico Madrid vs Barcelona,Atletico Madrid,Ademola Lookman,2,2.1202900782227516,13,4,✅ OPTIMALE (14j),Non renseigné (Auto),N/A
La_Liga,2026-04-05,Atletico Madrid vs Barcelona,Atletico Madrid,Conor Gallagher,2,1.2670744927600026,13,4,✅ OPTIMALE (14j),Non renseigné (Auto),N/A
La_Liga,2026-04-05,Atletico Madrid vs Barcelona,Atletico Madrid,Giménez,0,1.5400749556720257,13,1,✅ OPTIMALE (14j),Non renseigné (Auto),N/A
La_Liga,2026-04-05,Atletico Madrid vs Barcelona,Atletico Madrid,Koke,2,0.7595302611589432,10,28,✅ OPTIMALE (14j),Non renseigné (Auto),N/A
La_Liga,2026-04-05,Atletico Madrid vs Barcelona,Atletico Madrid,Nahuel Molina,2,0.28737368807196617,10,13,✅ OPTIMALE (14j),Non renseigné (Auto),N/A
La_Liga,2026-04-05,Atletico Madrid vs Barcelona,Atletico Madrid,Giacomo Raspadori,0,0.8766965568065643,7,4,✅ OPTIMALE (14j),Non renseigné (Auto),N/A
La_Liga,2026-04-05,Atletico Madrid vs Barcelona,Atletico Madrid,Marc Pubill,0,0.2221174966543913,6,3,✅ OPTIMALE (14j),Non renseigné (Auto),N/A
La_Liga,2026-04-05,Atletico Madrid vs Barcelona,Atletico Madrid,Matteo Ruggeri,0,0.19984443299472332,4,20,✅ OPTIMALE (14j),Non renseigné (Auto),N/A
La_Liga,2026-04-05,Atletico Madrid vs Barcelona,Atletico Madrid,Robin Le Normand,1,1.0887540504336357,3,1,✅ OPTIMALE (14j),Non renseigné (Auto),N/A
La_Liga,2026-04-05,Atletico Madrid vs Barcelona,Atletico Madrid,Clement Lenglet,0,0.14539480581879616,3,3,✅ OPTIMALE (14j),Non renseigné (Auto),N/A
La_Liga,2026-04-05,Atletico Madrid vs Barcelona,Atletico Madrid,Rodrigo Mendoza,0,0.05193695519119501,3,1,✅ OPTIMALE (14j),Non renseigné (Auto),N/A
La_Liga,2026-04-05,Atletico Madrid vs Barcelona,Atletico Madrid,Johnny Cardoso,0,0.04422198887914419,2,3,✅ OPTIMALE (14j),Non renseigné (Auto),N/A
La_Liga,2026-04-05,Atletico Madrid vs Barcelona,Atletico Madrid,Julio Díaz,0,0.032776471227407455,1,1,✅ OPTIMALE (14j),Non renseigné (Auto),N/A
La_Liga,2026-04-05,Atletico Madrid vs Barcelona,Atletico Madrid,Jan Oblak,0,0.0,0,0,✅ OPTIMALE (14j),Non renseigné (Auto),N/A
La_Liga,2026-04-05,Atletico Madrid vs Barcelona,Atletico Madrid,Juan Musso,0,0.0,0,0,✅ OPTIMALE (14j),Non renseigné (Auto),N/A
La_Liga,2026-04-05,Atletico Madrid vs Barcelona,Atletico Madrid,Javi Galán,0,0.0,0,3,✅ OPTIMALE (14j),Non renseigné (Auto),N/A
La_Liga,2026-04-05,Atletico Madrid vs Barcelona,Atletico Madrid,Jano Monserrate,0,0.0,0,0,✅ OPTIMALE (14j),Non renseigné (Auto),N/A
La_Liga,2026-04-05,Atletico Madrid vs Barcelona,Atletico Madrid,Obed Vargas,0,0.0,0,1,✅ OPTIMALE (14j),Non renseigné (Auto),N/A
La_Liga,2026-04-05,Atletico Madrid vs Barcelona,Barcelona,Lamine Yamal,14,11.81193819642067,99,64,✅ OPTIMALE (14j),Non renseigné (Auto),N/A
La_Liga,2026-04-05,Atletico Madrid vs Barcelona,Barcelona,Marcus Rashford,4,7.0085413651540875,65,36,✅ OPTIMALE (14j),Non renseigné (Auto),N/A
La_Liga,2026-04-05,Atletico Madrid vs Barcelona,Barcelona,Dani Olmo,7,7.493288075551391,59,39,✅ OPTIMALE (14j),Non renseigné (Auto),N/A
La_Liga,2026-04-05,Atletico Madrid vs Barcelona,Barcelona,Raphinha,11,9.968581577762961,58,38,✅ OPTIMALE (14j),Non renseigné (Auto),N/A
La_Liga,2026-04-05,Atletico Madrid vs Barcelona,Barcelona,Ferrán Torres,12,13.690469084307551,57,17,✅ OPTIMALE (14j),Non renseigné (Auto),N/A
La_Liga,2026-04-05,Atletico Madrid vs Barcelona,Barcelona,Robert Lewandowski,11,13.87701639905572,54,9,✅ OPTIMALE (14j),Non renseigné (Auto),N/A
La_Liga,2026-04-05,Atletico Madrid vs Barcelona,Barcelona,Fermín López,5,5.307659815996885,49,29,✅ OPTIMALE (14j),Non renseigné (Auto),N/A
La_Liga,2026-04-05,Atletico Madrid vs Barcelona,Barcelona,Eric Garcia,1,3.304715894162655,23,25,✅ OPTIMALE (14j),Non renseigné (Auto),N/A
La_Liga,2026-04-05,Atletico Madrid vs Barcelona,Barcelona,Pedri,2,2.22481007874012,17,47,✅ OPTIMALE (14j),Non renseigné (Auto),N/A
La_Liga,2026-04-05,Atletico Madrid vs Barcelona,Barcelona,Roony Bardghji,1,1.4823282193392515,16,11,✅ OPTIMALE (14j),Non renseigné (Auto),N/A
La_Liga,2026-04-05,Atletico Madrid vs Barcelona,Barcelona,Jules Koundé,1,2.112115003168583,12,20,✅ OPTIMALE (14j),Non renseigné (Auto),N/A
La_Liga,2026-04-05,Atletico Madrid vs Barcelona,Barcelona,Pau Cubarsí,1,0.5516378730535507,10,4,✅ OPTIMALE (14j),Non renseigné (Auto),N/A
La_Liga,2026-04-05,Atletico Madrid vs Barcelona,Barcelona,Ronald Araújo,3,2.221388068050146,9,2,✅ OPTIMALE (14j),Non renseigné (Auto),N/A
La_Liga,2026-04-05,Atletico Madrid vs Barcelona,Barcelona,Marc Casadó,0,0.45990472193807364,9,10,✅ OPTIMALE (14j),Non renseigné (Auto),N/A
La_Liga,2026-04-05,Atletico Madrid vs Barcelona,Barcelona,Álex Balde,0,0.3146120570600033,8,21,✅ OPTIMALE (14j),Non renseigné (Auto),N/A
La_Liga,2026-04-05,Atletico Madrid vs Barcelona,Barcelona,Frenkie de Jong,1,1.0822599418461323,7,31,✅ OPTIMALE (14j),Non renseigné (Auto),N/A
La_Liga,2026-04-05,Atletico Madrid vs Barcelona,Barcelona,João Cancelo,1,0.6273481287062168,6,6,✅ OPTIMALE (14j),Non renseigné (Auto),N/A
La_Liga,2026-04-05,Atletico Madrid vs Barcelona,Barcelona,Marc Bernal,2,0.9174209907650948,5,5,✅ OPTIMALE (14j),Non renseigné (Auto),N/A
La_Liga,2026-04-05,Atletico Madrid vs Barcelona,Barcelona,Gerard Martín,0,0.22633135877549648,5,12,✅ OPTIMALE (14j),Non renseigné (Auto),N/A
La_Liga,2026-04-05,Atletico Madrid vs Barcelona,Barcelona,Andreas Christensen,0,0.12629129365086555,2,1,✅ OPTIMALE (14j),Non renseigné (Auto),N/A
La_Liga,2026-04-05,Atletico Madrid vs Barcelona,Barcelona,Wojciech Szczesny,0,0.0,0,0,✅ OPTIMALE (14j),Non renseigné (Auto),N/A
La_Liga,2026-04-05,Atletico Madrid vs Barcelona,Barcelona,Joan García,0,0.0,0,0,✅ OPTIMALE (14j),Non renseigné (Auto),N/A
La_Liga,2026-04-05,Atletico Madrid vs Barcelona,Barcelona,Gavi,0,0.0,0,3,✅ OPTIMALE (14j),Non renseigné (Auto),N/A
La_Liga,2026-04-05,Atletico Madrid vs Barcelona,Barcelona,Toni Fernández,0,0.0,0,1,✅ OPTIMALE (14j),Non renseigné (Auto),N/A
La_Liga,2026-04-05,Atletico Madrid vs Barcelona,Barcelona,Jofre Torrents,0,0.0,0,0,✅ OPTIMALE (14j),Non renseigné (Auto),N/A
La_Liga,2026-04-05,Atletico Madrid vs Barcelona,Barcelona,Dro Fernández,0,0.0,0,2,✅ OPTIMALE (14j),Non renseigné (Auto),N/A
La_Liga,2026-04-05,Atletico Madrid vs Barcelona,Barcelona,Xavi Espart,0,0.0,0,0,✅ OPTIMALE (14j),Non renseigné (Auto),N/A
La_Liga,2026-04-05,Atletico Madrid vs Barcelona,Barcelona,Tomás Marqués,0,0.0,0,0,✅ OPTIMALE (14j),Non renseigné (Auto),N/A
Bundesliga,2026-04-04,Bayer Leverkusen vs Wolfsburg,Bayer Leverkusen,Patrik Schick,9,11.813770767301321,47,11,✅ OPTIMALE (14j),Non renseigné (Auto),N/A
Bundesliga,2026-04-04,Bayer Leverkusen vs Wolfsburg,Bayer Leverkusen,Álex Grimaldo,6,5.003955053165555,40,48,✅ OPTIMALE (14j),Non renseigné (Auto),N/A
Bundesliga,2026-04-04,Bayer Leverkusen vs Wolfsburg,Bayer Leverkusen,Christian Kofane,5,6.5611046105623245,36,14,✅ OPTIMALE (14j),Non renseigné (Auto),N/A
Bundesliga,2026-04-04,Bayer Leverkusen vs Wolfsburg,Bayer Leverkusen,Ibrahim Maza,2,3.173876902088523,34,17,✅ OPTIMALE (14j),Non renseigné (Auto),N/A
Bundesliga,2026-04-04,Bayer Leverkusen vs Wolfsburg,Bayer Leverkusen,Malik Tillman,5,4.389549918472767,31,25,✅ OPTIMALE (14j),Non renseigné (Auto),N/A
Bundesliga,2026-04-04,Bayer Leverkusen vs Wolfsburg,Bayer Leverkusen,Ernest Poku,5,3.6422607600688934,26,26,✅ OPTIMALE (14j),Non renseigné (Auto),N/A
Bundesliga,2026-04-04,Bayer Leverkusen vs Wolfsburg,Bayer Leverkusen,Aleix García,2,1.9553318116813898,25,36,✅ OPTIMALE (14j),Non renseigné (Auto),N/A
Bundesliga,2026-04-04,Bayer Leverkusen vs Wolfsburg,Bayer Leverkusen,Edmond Tapsoba,4,3.2409368911758065,23,8,✅ OPTIMALE (14j),Non renseigné (Auto),N/A
Bundesliga,2026-04-04,Bayer Leverkusen vs Wolfsburg,Bayer Leverkusen,Jonas Hofmann,2,2.150341484695673,21,14,✅ OPTIMALE (14j),Non renseigné (Auto),N/A
Bundesliga,2026-04-04,Bayer Leverkusen vs Wolfsburg,Bayer Leverkusen,Martin Terrier,4,3.201124083250761,17,10,✅ OPTIMALE (14j),Non renseigné (Auto),N/A
Bundesliga,2026-04-04,Bayer Leverkusen vs Wolfsburg,Bayer Leverkusen,Jarell Quansah,3,2.6048063188791275,12,10,✅ OPTIMALE (14j),Non renseigné (Auto),N/A
Bundesliga,2026-04-04,Bayer Leverkusen vs Wolfsburg,Bayer Leverkusen,Arthur,1,1.1891322792507708,10,11,✅ OPTIMALE (14j),Non renseigné (Auto),N/A
Bundesliga,2026-04-04,Bayer Leverkusen vs Wolfsburg,Bayer Leverkusen,Nathan Tella,0,1.1608178075402975,10,12,✅ OPTIMALE (14j),Non renseigné (Auto),N/A
Bundesliga,2026-04-04,Bayer Leverkusen vs Wolfsburg,Bayer Leverkusen,Ezequiél Fernández,0,0.5077801253646612,10,7,✅ OPTIMALE (14j),Non renseigné (Auto),N/A
Bundesliga,2026-04-04,Bayer Leverkusen vs Wolfsburg,Bayer Leverkusen,Loic Bade,0,0.9232862805947661,9,2,✅ OPTIMALE (14j),Non renseigné (Auto),N/A
Bundesliga,2026-04-04,Bayer Leverkusen vs Wolfsburg,Bayer Leverkusen,Exequiel Palacios,0,0.22290260717272758,6,4,✅ OPTIMALE (14j),Non renseigné (Auto),N/A
Bundesliga,2026-04-04,Bayer Leverkusen vs Wolfsburg,Bayer Leverkusen,Robert Andrich,1,0.5138549096882343,5,11,✅ OPTIMALE (14j),Non renseigné (Auto),N/A
Bundesliga,2026-04-04,Bayer Leverkusen vs Wolfsburg,Bayer Leverkusen,Ben Seghir,0,0.0776483565568924,4,5,✅ OPTIMALE (14j),Non renseigné (Auto),N/A
Bundesliga,2026-04-04,Bayer Leverkusen vs Wolfsburg,Bayer Leverkusen,Lucas Vázquez,1,0.8392858803272247,3,8,✅ OPTIMALE (14j),Non renseigné (Auto),N/A
Bundesliga,2026-04-04,Bayer Leverkusen vs Wolfsburg,Bayer Leverkusen,Montrell Culbreath,1,1.1998304352164268,3,3,✅ OPTIMALE (14j),Non renseigné (Auto),N/A
Bundesliga,2026-04-04,Bayer Leverkusen vs Wolfsburg,Bayer Leverkusen,Axel Tape,0,0.1425793543457985,3,0,✅ OPTIMALE (14j),Non renseigné (Auto),N/A
Bundesliga,2026-04-04,Bayer Leverkusen vs Wolfsburg,Bayer Leverkusen,Piero Hincapié,0,0.5172572731971741,2,0,✅ OPTIMALE (14j),Non renseigné (Auto),N/A
Bundesliga,2026-04-04,Bayer Leverkusen vs Wolfsburg,Bayer Leverkusen,Alejo Sarco,0,0.3146037198603153,2,1,✅ OPTIMALE (14j),Non renseigné (Auto),N/A
Bundesliga,2026-04-04,Bayer Leverkusen vs Wolfsburg,Bayer Leverkusen,Jeanuël Belocian,0,0.2895685136318207,1,1,✅ OPTIMALE (14j),Non renseigné (Auto),N/A
Bundesliga,2026-04-04,Bayer Leverkusen vs Wolfsburg,Bayer Leverkusen,Claudio Echeverri,0,0.11350106447935104,1,1,✅ OPTIMALE (14j),Non renseigné (Auto),N/A
Bundesliga,2026-04-04,Bayer Leverkusen vs Wolfsburg,Bayer Leverkusen,Janis Blaswich,0,0.0,0,2,✅ OPTIMALE (14j),Non renseigné (Auto),N/A
Bundesliga,2026-04-04,Bayer Leverkusen vs Wolfsburg,Bayer Leverkusen,Mark Flekken,0,0.0,0,1,✅ OPTIMALE (14j),Non renseigné (Auto),N/A
Bundesliga,2026-04-04,Bayer Leverkusen vs Wolfsburg,Bayer Leverkusen,Tim Oermann,0,0.0,0,1,✅ OPTIMALE (14j),Non renseigné (Auto),N/A
Bundesliga,2026-04-04,Bayer Leverkusen vs Wolfsburg,Wolfsburg,Mohammed Amoura,8,8.184730482287705,50,23,✅ OPTIMALE (14j),Non renseigné (Auto),N/A
Bundesliga,2026-04-04,Bayer Leverkusen vs Wolfsburg,Wolfsburg,Dzenan Pejcinovic,5,5.151660994626582,31,5,✅ OPTIMALE (14j),Non renseigné (Auto),N/A
Bundesliga,2026-04-04,Bayer Leverkusen vs Wolfsburg,Wolfsburg,Christian Eriksen,2,3.3042496712878346,29,42,✅ OPTIMALE (14j),Non renseigné (Auto),N/A
Bundesliga,2026-04-04,Bayer Leverkusen vs Wolfsburg,Wolfsburg,Lovro Majer,2,3.343825296498835,23,19,✅ OPTIMALE (14j),Non renseigné (Auto),N/A
Bundesliga,2026-04-04,Bayer Leverkusen vs Wolfsburg,Wolfsburg,Konstantinos Koulierakis,2,2.3602450247853994,21,9,✅ OPTIMALE (14j),Non renseigné (Auto),N/A
Bundesliga,2026-04-04,Bayer Leverkusen vs Wolfsburg,Wolfsburg,Adam Daghim,2,1.3791019059717655,18,13,✅ OPTIMALE (14j),Non renseigné (Auto),N/A
Bundesliga,2026-04-04,Bayer Leverkusen vs Wolfsburg,Wolfsburg,Mattias Svanberg,3,2.22151755169034,17,6,✅ OPTIMALE (14j),Non renseigné (Auto),N/A
Bundesliga,2026-04-04,Bayer Leverkusen vs Wolfsburg,Wolfsburg,Patrick Wimmer,3,2.470255134627223,15,7,✅ OPTIMALE (14j),Non renseigné (Auto),N/A
Bundesliga,2026-04-04,Bayer Leverkusen vs Wolfsburg,Wolfsburg,Maximilian Arnold,1,0.3515035742893815,12,28,✅ OPTIMALE (14j),Non renseigné (Auto),N/A
Bundesliga,2026-04-04,Bayer Leverkusen vs Wolfsburg,Wolfsburg,Yannick Gerhardt,1,1.067916914820671,10,6,✅ OPTIMALE (14j),Non renseigné (Auto),N/A
Bundesliga,2026-04-04,Bayer Leverkusen vs Wolfsburg,Wolfsburg,Aaron Zehnter,2,0.9841702813282609,8,16,✅ OPTIMALE (14j),Non renseigné (Auto),N/A
Bundesliga,2026-04-04,Bayer Leverkusen vs Wolfsburg,Wolfsburg,Kento Shiogai,1,1.8243667632341385,8,1,✅ OPTIMALE (14j),Non renseigné (Auto),N/A
Bundesliga,2026-04-04,Bayer Leverkusen vs Wolfsburg,Wolfsburg,Jesper Lindstrom,0,0.9141391888260841,8,3,✅ OPTIMALE (14j),Non renseigné (Auto),N/A
Bundesliga,2026-04-04,Bayer Leverkusen vs Wolfsburg,Wolfsburg,Jonas Wind,0,1.22400176897645,8,5,✅ OPTIMALE (14j),Non renseigné (Auto),N/A
Bundesliga,2026-04-04,Bayer Leverkusen vs Wolfsburg,Wolfsburg,Andreas Skov Olsen,1,0.19574299361556768,7,7,✅ OPTIMALE (14j),Non renseigné (Auto),N/A
Bundesliga,2026-04-04,Bayer Leverkusen vs Wolfsburg,Wolfsburg,Joakim Maehle,0,0.30436769872903824,7,7,✅ OPTIMALE (14j),Non renseigné (Auto),N/A
Bundesliga,2026-04-04,Bayer Leverkusen vs Wolfsburg,Wolfsburg,Denis Vavro,1,1.2191346790641546,6,2,✅ OPTIMALE (14j),Non renseigné (Auto),N/A
Bundesliga,2026-04-04,Bayer Leverkusen vs Wolfsburg,Wolfsburg,Moritz Jenz,1,0.6638292074203491,5,2,✅ OPTIMALE (14j),Non renseigné (Auto),N/A
Bundesliga,2026-04-04,Bayer Leverkusen vs Wolfsburg,Wolfsburg,Vinicius Souza,0,0.0561358081176877,4,4,✅ OPTIMALE (14j),Non renseigné (Auto),N/A
Bundesliga,2026-04-04,Bayer Leverkusen vs Wolfsburg,Wolfsburg,Sael Kumbedi,0,0.07260293792933226,3,13,✅ OPTIMALE (14j),Non renseigné (Auto),N/A
Bundesliga,2026-04-04,Bayer Leverkusen vs Wolfsburg,Wolfsburg,Jonas Adjetey,0,0.08738634176552296,3,0,✅ OPTIMALE (14j),Non renseigné (Auto),N/A
Bundesliga,2026-04-04,Bayer Leverkusen vs Wolfsburg,Wolfsburg,Jeanuël Belocian,0,0.11253400892019272,2,3,✅ OPTIMALE (14j),Non renseigné (Auto),N/A
Bundesliga,2026-04-04,Bayer Leverkusen vs Wolfsburg,Wolfsburg,Kevin Paredes,0,0.06398154236376286,2,1,✅ OPTIMALE (14j),Non renseigné (Auto),N/A
Bundesliga,2026-04-04,Bayer Leverkusen vs Wolfsburg,Wolfsburg,Kilian Fischer,0,0.08712375164031982,2,3,✅ OPTIMALE (14j),Non renseigné (Auto),N/A
Bundesliga,2026-04-04,Bayer Leverkusen vs Wolfsburg,Wolfsburg,Jan Bürger,0,0.06012657471001148,2,2,✅ OPTIMALE (14j),Non renseigné (Auto),N/A
Bundesliga,2026-04-04,Bayer Leverkusen vs Wolfsburg,Wolfsburg,Jenson Seelt,0,0.10756358131766319,2,0,✅ OPTIMALE (14j),Non renseigné (Auto),N/A
Bundesliga,2026-04-04,Bayer Leverkusen vs Wolfsburg,Wolfsburg,Václav Cerny,0,0.07103131711483002,1,0,✅ OPTIMALE (14j),Non renseigné (Auto),N/A
Bundesliga,2026-04-04,Bayer Leverkusen vs Wolfsburg,Wolfsburg,Kamil Grabara,0,0.03640927001833916,1,3,✅ OPTIMALE (14j),Non renseigné (Auto),N/A
Bundesliga,2026-04-04,Bayer Leverkusen vs Wolfsburg,Wolfsburg,Pharell Hensel,0,0.018602386116981506,1,0,✅ OPTIMALE (14j),Non renseigné (Auto),N/A
Bundesliga,2026-04-04,Bayer Leverkusen vs Wolfsburg,Wolfsburg,Bence Dárdai,0,0.0,0,1,✅ OPTIMALE (14j),Non renseigné (Auto),N/A
Bundesliga,2026-04-04,Borussia M.Gladbach vs FC Heidenheim,Borussia M.Gladbach,Haris Tabakovic,11,12.005434792488813,53,14,✅ OPTIMALE (14j),Non renseigné (Auto),N/A
Bundesliga,2026-04-04,Borussia M.Gladbach vs FC Heidenheim,Borussia M.Gladbach,Rocco Reitz,0,1.8065397748723626,35,22,✅ OPTIMALE (14j),Non renseigné (Auto),N/A
Bundesliga,2026-04-04,Borussia M.Gladbach vs FC Heidenheim,Borussia M.Gladbach,Shuto Machino,3,3.627608820796013,22,13,✅ OPTIMALE (14j),Non renseigné (Auto),N/A
Bundesliga,2026-04-04,Borussia M.Gladbach vs FC Heidenheim,Borussia M.Gladbach,Philipp Sander,2,1.2663257094100118,22,9,✅ OPTIMALE (14j),Non renseigné (Auto),N/A
Bundesliga,2026-04-04,Borussia M.Gladbach vs FC Heidenheim,Borussia M.Gladbach,Florian Neuhaus,0,1.392402342054993,22,7,✅ OPTIMALE (14j),Non renseigné (Auto),N/A
Bundesliga,2026-04-04,Borussia M.Gladbach vs FC Heidenheim,Borussia M.Gladbach,Jens Castrop,3,2.8599687963724136,21,11,✅ OPTIMALE (14j),Non renseigné (Auto),N/A
Bundesliga,2026-04-04,Borussia M.Gladbach vs FC Heidenheim,Borussia M.Gladbach,Kevin Diks,4,4.072658812627196,19,5,✅ OPTIMALE (14j),Non renseigné (Auto),N/A
Bundesliga,2026-04-04,Borussia M.Gladbach vs FC Heidenheim,Borussia M.Gladbach,Yannick Engelhardt,2,1.9230567580088973,17,12,✅ OPTIMALE (14j),Non renseigné (Auto),N/A
Bundesliga,2026-04-04,Borussia M.Gladbach vs FC Heidenheim,Borussia M.Gladbach,Franck Honorat,1,0.8210283555090427,15,38,✅ OPTIMALE (14j),Non renseigné (Auto),N/A
Bundesliga,2026-04-04,Borussia M.Gladbach vs FC Heidenheim,Borussia M.Gladbach,Kevin Stöger,1,1.6927101276814938,15,21,✅ OPTIMALE (14j),Non renseigné (Auto),N/A
Bundesliga,2026-04-04,Borussia M.Gladbach vs FC Heidenheim,Borussia M.Gladbach,Joe Scally,1,2.498599768616259,13,13,✅ OPTIMALE (14j),Non renseigné (Auto),N/A
Bundesliga,2026-04-04,Borussia M.Gladbach vs FC Heidenheim,Borussia M.Gladbach,Lukas Ullrich,0,0.68691461160779,9,13,✅ OPTIMALE (14j),Non renseigné (Auto),N/A
Bundesliga,2026-04-04,Borussia M.Gladbach vs FC Heidenheim,Borussia M.Gladbach,Nico Elvedi,0,0.3239464024081826,8,8,✅ OPTIMALE (14j),Non renseigné (Auto),N/A
Bundesliga,2026-04-04,Borussia M.Gladbach vs FC Heidenheim,Borussia M.Gladbach,Robin Hack,0,0.4066634960472584,8,10,✅ OPTIMALE (14j),Non renseigné (Auto),N/A
Bundesliga,2026-04-04,Borussia M.Gladbach vs FC Heidenheim,Borussia M.Gladbach,Wael Mohya,1,0.7601378746330738,6,2,✅ OPTIMALE (14j),Non renseigné (Auto),N/A
Bundesliga,2026-04-04,Borussia M.Gladbach vs FC Heidenheim,Borussia M.Gladbach,Giovanni Reyna,0,0.23864140175282955,5,6,✅ OPTIMALE (14j),Non renseigné (Auto),N/A
Bundesliga,2026-04-04,Borussia M.Gladbach vs FC Heidenheim,Borussia M.Gladbach,Hugo Bolin,0,0.24827439710497856,5,6,✅ OPTIMALE (14j),Non renseigné (Auto),N/A
Bundesliga,2026-04-04,Borussia M.Gladbach vs FC Heidenheim,Borussia M.Gladbach,Grant-Leon Ranos,1,0.5348599851131439,4,1,✅ OPTIMALE (14j),Non renseigné (Auto),N/A
Bundesliga,2026-04-04,Borussia M.Gladbach vs FC Heidenheim,Borussia M.Gladbach,Fabio Chiarodia,0,0.3638808913528919,3,0,✅ OPTIMALE (14j),Non renseigné (Auto),N/A
Bundesliga,2026-04-04,Borussia M.Gladbach vs FC Heidenheim,Borussia M.Gladbach,Kota Takai,0,0.4108753725886345,3,2,✅ OPTIMALE (14j),Non renseigné (Auto),N/A
Bundesliga,2026-04-04,Borussia M.Gladbach vs FC Heidenheim,Borussia M.Gladbach,Luca Netz,0,0.03837163746356964,2,10,✅ OPTIMALE (14j),Non renseigné (Auto),N/A
Bundesliga,2026-04-04,Borussia M.Gladbach vs FC Heidenheim,Borussia M.Gladbach,Oscar Fraulo,1,0.7350285053253174,1,0,✅ OPTIMALE (14j),Non renseigné (Auto),N/A
Bundesliga,2026-04-04,Borussia M.Gladbach vs FC Heidenheim,Borussia M.Gladbach,Alejo Sarco,0,0.04463355243206024,1,1,✅ OPTIMALE (14j),Non renseigné (Auto),N/A
Bundesliga,2026-04-04,Borussia M.Gladbach vs FC Heidenheim,Borussia M.Gladbach,Marvin Friedrich,0,0.0,0,0,✅ OPTIMALE (14j),Non renseigné (Auto),N/A
Bundesliga,2026-04-04,Borussia M.Gladbach vs FC Heidenheim,Borussia M.Gladbach,Tim Kleindienst,0,0.0,0,0,✅ OPTIMALE (14j),Non renseigné (Auto),N/A
Bundesliga,2026-04-04,Borussia M.Gladbach vs FC Heidenheim,Borussia M.Gladbach,Moritz Nicolas,0,0.0,0,2,✅ OPTIMALE (14j),Non renseigné (Auto),N/A
Bundesliga,2026-04-04,Borussia M.Gladbach vs FC Heidenheim,Borussia M.Gladbach,Charles Herrmann,0,0.0,0,1,✅ OPTIMALE (14j),Non renseigné (Auto),N/A
Bundesliga,2026-04-04,Borussia M.Gladbach vs FC Heidenheim,Borussia M.Gladbach,Jan Urbich,0,0.0,0,1,✅ OPTIMALE (14j),Non renseigné (Auto),N/A
Bundesliga,2026-04-04,Borussia M.Gladbach vs FC Heidenheim,FC Heidenheim,Arijon Ibrahimovic,1,4.984565822407603,41,44,✅ OPTIMALE (14j),Non renseigné (Auto),N/A
Bundesliga,2026-04-04,Borussia M.Gladbach vs FC Heidenheim,FC Heidenheim,Stefan Schimmer,5,4.855158105492592,28,12,✅ OPTIMALE (14j),Non renseigné (Auto),N/A
Bundesliga,2026-04-04,Borussia M.Gladbach vs FC Heidenheim,FC Heidenheim,Patrick Mainka,1,2.29714304022491,27,8,✅ OPTIMALE (14j),Non renseigné (Auto),N/A
Bundesliga,2026-04-04,Borussia M.Gladbach vs FC Heidenheim,FC Heidenheim,Mathias Honsak,0,1.6635888684540987,25,8,✅ OPTIMALE (14j),Non renseigné (Auto),N/A
Bundesliga,2026-04-04,Borussia M.Gladbach vs FC Heidenheim,FC Heidenheim,Marvin Pieringer,4,3.822233524173498,21,11,✅ OPTIMALE (14j),Non renseigné (Auto),N/A
Bundesliga,2026-04-04,Borussia M.Gladbach vs FC Heidenheim,FC Heidenheim,Jan Schöppner,1,0.9587472081184387,19,8,✅ OPTIMALE (14j),Non renseigné (Auto),N/A
Bundesliga,2026-04-04,Borussia M.Gladbach vs FC Heidenheim,FC Heidenheim,Julian Niehues,3,2.0830443892627954,17,3,✅ OPTIMALE (14j),Non renseigné (Auto),N/A
Bundesliga,2026-04-04,Borussia M.Gladbach vs FC Heidenheim,FC Heidenheim,Budu Zivzivadze,1,2.59592367708683,14,3,✅ OPTIMALE (14j),Non renseigné (Auto),N/A
Bundesliga,2026-04-04,Borussia M.Gladbach vs FC Heidenheim,FC Heidenheim,Niklas Dorsch,0,0.5254327058792114,13,18,✅ OPTIMALE (14j),Non renseigné (Auto),N/A
Bundesliga,2026-04-04,Borussia M.Gladbach vs FC Heidenheim,FC Heidenheim,Eren Sami Dinkci,1,1.121833462268114,11,4,✅ OPTIMALE (14j),Non renseigné (Auto),N/A
Bundesliga,2026-04-04,Borussia M.Gladbach vs FC Heidenheim,FC Heidenheim,Mikkel Kaufmann,1,1.3755719233304262,11,4,✅ OPTIMALE (14j),Non renseigné (Auto),N/A
Bundesliga,2026-04-04,Borussia M.Gladbach vs FC Heidenheim,FC Heidenheim,Sirlord Conteh,2,3.1821698397397995,10,9,✅ OPTIMALE (14j),Non renseigné (Auto),N/A
Bundesliga,2026-04-04,Borussia M.Gladbach vs FC Heidenheim,FC Heidenheim,Adrian Beck,1,0.9175612106919289,10,14,✅ OPTIMALE (14j),Non renseigné (Auto),N/A
Bundesliga,2026-04-04,Borussia M.Gladbach vs FC Heidenheim,FC Heidenheim,Omar Traoré,0,0.5020455876365304,10,13,✅ OPTIMALE (14j),Non renseigné (Auto),N/A
Bundesliga,2026-04-04,Borussia M.Gladbach vs FC Heidenheim,FC Heidenheim,Luca Kerber,2,1.526185255497694,9,2,✅ OPTIMALE (14j),Non renseigné (Auto),N/A
Bundesliga,2026-04-04,Borussia M.Gladbach vs FC Heidenheim,FC Heidenheim,Marnon Busch,0,0.39567278418689966,6,13,✅ OPTIMALE (14j),Non renseigné (Auto),N/A
Bundesliga,2026-04-04,Borussia M.Gladbach vs FC Heidenheim,FC Heidenheim,Jonas Föhrenbach,1,0.5712428074330091,5,21,✅ OPTIMALE (14j),Non renseigné (Auto),N/A
Bundesliga,2026-04-04,Borussia M.Gladbach vs FC Heidenheim,FC Heidenheim,Hennes Behrens,1,0.14026963710784912,5,11,✅ OPTIMALE (14j),Non renseigné (Auto),N/A
Bundesliga,2026-04-04,Borussia M.Gladbach vs FC Heidenheim,FC Heidenheim,Tim Siersleben,0,0.6296908538788557,5,2,✅ OPTIMALE (14j),Non renseigné (Auto),N/A
Bundesliga,2026-04-04,Borussia M.Gladbach vs FC Heidenheim,FC Heidenheim,Léo Scienza,1,0.1424524337053299,4,3,✅ OPTIMALE (14j),Non renseigné (Auto),N/A
Bundesliga,2026-04-04,Borussia M.Gladbach vs FC Heidenheim,FC Heidenheim,Benedikt Gimber,0,0.4965052902698517,4,1,✅ OPTIMALE (14j),Non renseigné (Auto),N/A
Bundesliga,2026-04-04,Borussia M.Gladbach vs FC Heidenheim,FC Heidenheim,Adam Kölle,1,1.0184025764465332,3,1,✅ OPTIMALE (14j),Non renseigné (Auto),N/A
Bundesliga,2026-04-04,Borussia M.Gladbach vs FC Heidenheim,FC Heidenheim,Christian Conteh,0,0.13346002995967865,3,4,✅ OPTIMALE (14j),Non renseigné (Auto),N/A
Bundesliga,2026-04-04,Borussia M.Gladbach vs FC Heidenheim,FC Heidenheim,Thomas Keller,0,0.05427293013781309,2,0,✅ OPTIMALE (14j),Non renseigné (Auto),N/A
Bundesliga,2026-04-04,Borussia M.Gladbach vs FC Heidenheim,FC Heidenheim,Leonidas Stergiou,0,0.0463435985147953,1,0,✅ OPTIMALE (14j),Non renseigné (Auto),N/A
Bundesliga,2026-04-04,Borussia M.Gladbach vs FC Heidenheim,FC Heidenheim,Yannik Wagner,0,0.024279415607452393,1,3,✅ OPTIMALE (14j),Non renseigné (Auto),N/A
Bundesliga,2026-04-04,Borussia M.Gladbach vs FC Heidenheim,FC Heidenheim,Diant Ramaj,0,0.0,0,0,✅ OPTIMALE (14j),Non renseigné (Auto),N/A
Bundesliga,2026-04-04,Borussia M.Gladbach vs FC Heidenheim,FC Heidenheim,Leart Paqarada,0,0.0,0,0,✅ OPTIMALE (14j),Non renseigné (Auto),N/A
Bundesliga,2026-04-04,Borussia M.Gladbach vs FC Heidenheim,FC Heidenheim,Frank Feller,0,0.0,0,0,✅ OPTIMALE (14j),Non renseigné (Auto),N/A
Bundesliga,2026-04-04,Borussia M.Gladbach vs FC Heidenheim,FC Heidenheim,Tobias Weigel,0,0.0,0,0,✅ OPTIMALE (14j),Non renseigné (Auto),N/A
Ligue_1,2026-04-05,Brest vs Rennes,Brest,Ludovic Ajorque,7,8.256430327892303,43,33,✅ OPTIMALE (15j),Non renseigné (Auto),N/A
Ligue_1,2026-04-05,Brest vs Rennes,Brest,Kamory Doumbia,5,4.582210241816938,38,21,✅ OPTIMALE (15j),Non renseigné (Auto),N/A
Ligue_1,2026-04-05,Brest vs Rennes,Brest,Mama Baldé,2,2.8741042390465736,29,7,✅ OPTIMALE (15j),Non renseigné (Auto),N/A
Ligue_1,2026-04-05,Brest vs Rennes,Brest,Romain Del Castillo,8,7.432745767757297,27,49,✅ OPTIMALE (15j),Non renseigné (Auto),N/A
Ligue_1,2026-04-05,Brest vs Rennes,Brest,Remy Labeau Lascary,4,3.3961065635085106,25,10,✅ OPTIMALE (15j),Non renseigné (Auto),N/A
Ligue_1,2026-04-05,Brest vs Rennes,Brest,Joris Chotard,2,1.186316636390984,22,5,✅ OPTIMALE (15j),Non renseigné (Auto),N/A
Ligue_1,2026-04-05,Brest vs Rennes,Brest,Eric Junior Dina Ebimbe,2,2.989325212314725,19,5,✅ OPTIMALE (15j),Non renseigné (Auto),N/A
Ligue_1,2026-04-05,Brest vs Rennes,Brest,Pathé Mboup,1,3.12737388163805,19,7,✅ OPTIMALE (15j),Non renseigné (Auto),N/A
Ligue_1,2026-04-05,Brest vs Rennes,Brest,Hugo Magnetti,1,0.4717331938445568,18,13,✅ OPTIMALE (15j),Non renseigné (Auto),N/A
Ligue_1,2026-04-05,Brest vs Rennes,Brest,Daouda Guindo,0,0.9660829417407513,17,4,✅ OPTIMALE (15j),Non renseigné (Auto),N/A
Ligue_1,2026-04-05,Brest vs Rennes,Brest,Brendan Chardonnet,0,0.7369303293526173,10,8,✅ OPTIMALE (15j),Non renseigné (Auto),N/A
Ligue_1,2026-04-05,Brest vs Rennes,Brest,Kenny Lala,0,0.23680028319358826,8,21,✅ OPTIMALE (15j),Non renseigné (Auto),N/A
Ligue_1,2026-04-05,Brest vs Rennes,Brest,Soumaila Coulibaly,0,0.29979792796075344,6,1,✅ OPTIMALE (15j),Non renseigné (Auto),N/A
Ligue_1,2026-04-05,Brest vs Rennes,Brest,Julien Le Cardinal,1,0.4954712763428688,5,1,✅ OPTIMALE (15j),Non renseigné (Auto),N/A
Ligue_1,2026-04-05,Brest vs Rennes,Brest,Lucas Tousart,0,0.2135011199861765,5,4,✅ OPTIMALE (15j),Non renseigné (Auto),N/A
Ligue_1,2026-04-05,Brest vs Rennes,Brest,Michel Diaz,0,0.3131665997207165,5,1,✅ OPTIMALE (15j),Non renseigné (Auto),N/A
Ligue_1,2026-04-05,Brest vs Rennes,Brest,Pierre Lees-Melou,0,0.09489169716835022,4,3,✅ OPTIMALE (15j),Non renseigné (Auto),N/A
Ligue_1,2026-04-05,Brest vs Rennes,Brest,Bradley Locko,0,0.07104385830461979,2,7,✅ OPTIMALE (15j),Non renseigné (Auto),N/A
Ligue_1,2026-04-05,Brest vs Rennes,Brest,Luc Zogbe,0,0.0307915061712265,2,1,✅ OPTIMALE (15j),Non renseigné (Auto),N/A
Ligue_1,2026-04-05,Brest vs Rennes,Brest,Hamidou Makalou,0,0.04118484631180763,2,5,✅ OPTIMALE (15j),Non renseigné (Auto),N/A
Ligue_1,2026-04-05,Brest vs Rennes,Brest,Serigne Diop,0,0.09503921121358871,1,0,✅ OPTIMALE (15j),Non renseigné (Auto),N/A
Ligue_1,2026-04-05,Brest vs Rennes,Brest,Justin Bourgault,0,0.033752381801605225,1,0,✅ OPTIMALE (15j),Non renseigné (Auto),N/A
Ligue_1,2026-04-05,Brest vs Rennes,Brest,Radoslaw Majecki,0,0.0,0,0,✅ OPTIMALE (15j),Non renseigné (Auto),N/A
Ligue_1,2026-04-05,Brest vs Rennes,Brest,Grégoire Coudert,0,0.0,0,0,✅ OPTIMALE (15j),Non renseigné (Auto),N/A
Ligue_1,2026-04-05,Brest vs Rennes,Brest,Axel Camblan,0,0.0,0,1,✅ OPTIMALE (15j),Non renseigné (Auto),N/A
Ligue_1,2026-04-05,Brest vs Rennes,Brest,Raphaël Le Guen,0,0.0,0,0,✅ OPTIMALE (15j),Non renseigné (Auto),N/A
Ligue_1,2026-04-05,Brest vs Rennes,Rennes,Esteban Lepaul,13,10.515203136950731,58,13,✅ OPTIMALE (14j),Non renseigné (Auto),N/A
Ligue_1,2026-04-05,Brest vs Rennes,Rennes,Mousa Al Tamari,3,2.63071281183511,44,26,✅ OPTIMALE (14j),Non renseigné (Auto),N/A
Ligue_1,2026-04-05,Brest vs Rennes,Rennes,Ludovic Blas,4,3.8943720450624824,34,28,✅ OPTIMALE (14j),Non renseigné (Auto),N/A
Ligue_1,2026-04-05,Brest vs Rennes,Rennes,Breel Embolo,6,5.4846191462129354,24,14,✅ OPTIMALE (14j),Non renseigné (Auto),N/A
Ligue_1,2026-04-05,Brest vs Rennes,Rennes,Djaoui Cissé,0,0.7663131225854158,24,12,✅ OPTIMALE (14j),Non renseigné (Auto),N/A
Ligue_1,2026-04-05,Brest vs Rennes,Rennes,Mohamed Meïté,3,4.262058779597282,22,5,✅ OPTIMALE (14j),Non renseigné (Auto),N/A
Ligue_1,2026-04-05,Brest vs Rennes,Rennes,Mahdi Camara,3,2.171658931300044,21,19,✅ OPTIMALE (14j),Non renseigné (Auto),N/A
Ligue_1,2026-04-05,Brest vs Rennes,Rennes,Quentin Merlin,1,1.664761358872056,21,30,✅ OPTIMALE (14j),Non renseigné (Auto),N/A
Ligue_1,2026-04-05,Brest vs Rennes,Rennes,Valentin Rongier,1,0.7429740400984883,20,38,✅ OPTIMALE (14j),Non renseigné (Auto),N/A
Ligue_1,2026-04-05,Brest vs Rennes,Rennes,Arnaud Nordin,1,1.1874564699828625,16,3,✅ OPTIMALE (14j),Non renseigné (Auto),N/A
Ligue_1,2026-04-05,Brest vs Rennes,Rennes,Jérémy Jacquet,0,0.7883376181125641,11,8,✅ OPTIMALE (14j),Non renseigné (Auto),N/A
Ligue_1,2026-04-05,Brest vs Rennes,Rennes,Mahamadou Nagida,0,0.5331865195184946,11,3,✅ OPTIMALE (14j),Non renseigné (Auto),N/A
Ligue_1,2026-04-05,Brest vs Rennes,Rennes,Seko Fofana,1,0.7612503450363874,9,11,✅ OPTIMALE (14j),Non renseigné (Auto),N/A
Ligue_1,2026-04-05,Brest vs Rennes,Rennes,Przemyslaw Frankowski,1,0.3376607820391655,9,29,✅ OPTIMALE (14j),Non renseigné (Auto),N/A
Ligue_1,2026-04-05,Brest vs Rennes,Rennes,Sebastian Szymanski,1,0.38264207914471626,8,7,✅ OPTIMALE (14j),Non renseigné (Auto),N/A
Ligue_1,2026-04-05,Brest vs Rennes,Rennes,Anthony Rouault,1,2.274423733353615,8,6,✅ OPTIMALE (14j),Non renseigné (Auto),N/A
Ligue_1,2026-04-05,Brest vs Rennes,Rennes,Lilian Brassier,0,0.8253512624651194,8,10,✅ OPTIMALE (14j),Non renseigné (Auto),N/A
Ligue_1,2026-04-05,Brest vs Rennes,Rennes,Abdelhamid Aït Boudlal,2,1.1382043985649943,4,1,✅ OPTIMALE (14j),Non renseigné (Auto),N/A
Ligue_1,2026-04-05,Brest vs Rennes,Rennes,Alidu Seidu,0,0.06051394809037447,4,7,✅ OPTIMALE (14j),Non renseigné (Auto),N/A
Ligue_1,2026-04-05,Brest vs Rennes,Rennes,Nordan Mukiele,1,0.12698135152459145,3,1,✅ OPTIMALE (14j),Non renseigné (Auto),N/A
Ligue_1,2026-04-05,Brest vs Rennes,Rennes,Ibrahim Salah,0,0.0487111434340477,1,0,✅ OPTIMALE (14j),Non renseigné (Auto),N/A
Ligue_1,2026-04-05,Brest vs Rennes,Rennes,Fabian Rieder,0,0.014277187176048756,1,2,✅ OPTIMALE (14j),Non renseigné (Auto),N/A
Ligue_1,2026-04-05,Brest vs Rennes,Rennes,Elias Legendre,0,0.4692566990852356,1,2,✅ OPTIMALE (14j),Non renseigné (Auto),N/A
Ligue_1,2026-04-05,Brest vs Rennes,Rennes,Yassir Zabiri,0,0.09406677633523941,1,0,✅ OPTIMALE (14j),Non renseigné (Auto),N/A
Ligue_1,2026-04-05,Brest vs Rennes,Rennes,Brice Samba,0,0.0,0,2,✅ OPTIMALE (14j),Non renseigné (Auto),N/A
Ligue_1,2026-04-05,Brest vs Rennes,Rennes,Hans Hateboer,0,0.0,0,0,✅ OPTIMALE (14j),Non renseigné (Auto),N/A
Ligue_1,2026-04-05,Brest vs Rennes,Rennes,Christopher Wooh,0,0.0,0,0,✅ OPTIMALE (14j),Non renseigné (Auto),N/A
Ligue_1,2026-04-05,Brest vs Rennes,Rennes,Bertug Yildirim,0,0.0,0,1,✅ OPTIMALE (14j),Non renseigné (Auto),N/A
Ligue_1,2026-04-05,Brest vs Rennes,Rennes,Mikayil Faye,0,0.0,0,0,✅ OPTIMALE (14j),Non renseigné (Auto),N/A
Ligue_1,2026-04-05,Brest vs Rennes,Rennes,Glen Kamara,0,0.0,0,0,✅ OPTIMALE (14j),Non renseigné (Auto),N/A
Ligue_1,2026-04-05,Brest vs Rennes,Rennes,Henrick Do Marcolino,0,0.0,0,0,✅ OPTIMALE (14j),Non renseigné (Auto),N/A
Ligue_1,2026-04-05,Brest vs Rennes,Rennes,Mathys Silistre,0,0.0,0,0,✅ OPTIMALE (14j),Non renseigné (Auto),N/A
Ligue_1,2026-04-05,Brest vs Rennes,Rennes,Lucas Rosier,0,0.0,0,0,✅ OPTIMALE (14j),Non renseigné (Auto),N/A
Serie_A,2026-04-04,Cremonese vs Bologna,Bologna,Riccardo Orsolini,7,8.167930148541927,68,20,✅ OPTIMALE (13j),Non renseigné (Auto),N/A
Serie_A,2026-04-04,Cremonese vs Bologna,Bologna,Santiago Castro,7,6.325287845917046,49,23,✅ OPTIMALE (13j),Non renseigné (Auto),N/A
Serie_A,2026-04-04,Cremonese vs Bologna,Bologna,Jonathan Rowe,1,3.3354661259800196,34,16,✅ OPTIMALE (13j),Non renseigné (Auto),N/A
Serie_A,2026-04-04,Cremonese vs Bologna,Bologna,Jens Odgaard,5,2.528832908719778,32,13,✅ OPTIMALE (13j),Non renseigné (Auto),N/A
Serie_A,2026-04-04,Cremonese vs Bologna,Bologna,Federico Bernardeschi,2,2.3944944981485605,25,24,✅ OPTIMALE (13j),Non renseigné (Auto),N/A
Serie_A,2026-04-04,Cremonese vs Bologna,Bologna,Nicolò Cambiaghi,3,2.916797866113484,24,17,✅ OPTIMALE (13j),Non renseigné (Auto),N/A
Serie_A,2026-04-04,Cremonese vs Bologna,Bologna,Thijs Dallinga,2,3.886146053671837,24,10,✅ OPTIMALE (13j),Non renseigné (Auto),N/A
Serie_A,2026-04-04,Cremonese vs Bologna,Bologna,Tommaso Pobega,2,1.766655694693327,22,6,✅ OPTIMALE (13j),Non renseigné (Auto),N/A
Serie_A,2026-04-04,Cremonese vs Bologna,Bologna,Nikola Moro,1,0.7205680292099714,16,18,✅ OPTIMALE (13j),Non renseigné (Auto),N/A
Serie_A,2026-04-04,Cremonese vs Bologna,Bologna,Giovanni Fabbian,2,1.9457960203289986,15,4,✅ OPTIMALE (13j),Non renseigné (Auto),N/A
Serie_A,2026-04-04,Cremonese vs Bologna,Bologna,Juan Miranda,1,0.4081823583692312,11,52,✅ OPTIMALE (13j),Non renseigné (Auto),N/A
Serie_A,2026-04-04,Cremonese vs Bologna,Bologna,Nadir Zortea,0,0.4220857946202159,11,25,✅ OPTIMALE (13j),Non renseigné (Auto),N/A
Serie_A,2026-04-04,Cremonese vs Bologna,Bologna,Benjamín Domínguez,0,0.6278901100158691,11,7,✅ OPTIMALE (13j),Non renseigné (Auto),N/A
Serie_A,2026-04-04,Cremonese vs Bologna,Bologna,Lewis Ferguson,1,0.5634688977152109,10,13,✅ OPTIMALE (13j),Non renseigné (Auto),N/A
Serie_A,2026-04-04,Cremonese vs Bologna,Bologna,Torbjørn Heggem,0,0.9754415825009346,10,2,✅ OPTIMALE (13j),Non renseigné (Auto),N/A
Serie_A,2026-04-04,Cremonese vs Bologna,Bologna,Emil Holm,1,0.8483012393116951,8,7,✅ OPTIMALE (13j),Non renseigné (Auto),N/A
Serie_A,2026-04-04,Cremonese vs Bologna,Bologna,Jhon Lucumí,1,1.2083417065441608,7,5,✅ OPTIMALE (13j),Non renseigné (Auto),N/A
Serie_A,2026-04-04,Cremonese vs Bologna,Bologna,Charalampos Lykogiannis,0,0.22313571348786354,7,13,✅ OPTIMALE (13j),Non renseigné (Auto),N/A
Serie_A,2026-04-04,Cremonese vs Bologna,Bologna,Martin Vitík,0,0.7100465074181557,7,3,✅ OPTIMALE (13j),Non renseigné (Auto),N/A
Serie_A,2026-04-04,Cremonese vs Bologna,Bologna,Remo Freuler,0,0.19881300255656242,5,14,✅ OPTIMALE (13j),Non renseigné (Auto),N/A
Serie_A,2026-04-04,Cremonese vs Bologna,Bologna,Nicolò Casale,0,0.1544591300189495,4,3,✅ OPTIMALE (13j),Non renseigné (Auto),N/A
Serie_A,2026-04-04,Cremonese vs Bologna,Bologna,Ciro Immobile,0,0.06291157007217407,2,1,✅ OPTIMALE (13j),Non renseigné (Auto),N/A
Serie_A,2026-04-04,Cremonese vs Bologna,Bologna,Simon Sohm,0,0.3620571196079254,1,4,✅ OPTIMALE (13j),Non renseigné (Auto),N/A
Serie_A,2026-04-04,Cremonese vs Bologna,Bologna,João Mário,0,0.05891107767820358,1,1,✅ OPTIMALE (13j),Non renseigné (Auto),N/A
Serie_A,2026-04-04,Cremonese vs Bologna,Bologna,Lorenzo De Silvestri,0,0.0,0,4,✅ OPTIMALE (13j),Non renseigné (Auto),N/A
Serie_A,2026-04-04,Cremonese vs Bologna,Bologna,Lukasz Skorupski,0,0.0,0,0,✅ OPTIMALE (13j),Non renseigné (Auto),N/A
Serie_A,2026-04-04,Cremonese vs Bologna,Bologna,Federico Ravaglia,0,0.0,0,0,✅ OPTIMALE (13j),Non renseigné (Auto),N/A
Serie_A,2026-04-04,Cremonese vs Bologna,Bologna,Sulemana,0,0.0,0,0,✅ OPTIMALE (13j),Non renseigné (Auto),N/A
Serie_A,2026-04-04,Cremonese vs Bologna,Bologna,Massimo Pessina,0,0.0,0,0,✅ OPTIMALE (13j),Non renseigné (Auto),N/A
Serie_A,2026-04-04,Cremonese vs Bologna,Cremonese,Federico Bonazzoli,6,5.429390802513808,52,11,✅ OPTIMALE (14j),Non renseigné (Auto),N/A
Serie_A,2026-04-04,Cremonese vs Bologna,Cremonese,Jamie Vardy,5,5.615955943241715,26,15,✅ OPTIMALE (14j),Non renseigné (Auto),N/A
Serie_A,2026-04-04,Cremonese vs Bologna,Cremonese,Martín Payero,1,1.2870119623839855,20,9,✅ OPTIMALE (14j),Non renseigné (Auto),N/A
Serie_A,2026-04-04,Cremonese vs Bologna,Cremonese,Alessio Zerbin,0,1.710144093260169,18,13,✅ OPTIMALE (14j),Non renseigné (Auto),N/A
Serie_A,2026-04-04,Cremonese vs Bologna,Cremonese,Jari Vandeputte,1,1.9311229083687067,17,46,✅ OPTIMALE (14j),Non renseigné (Auto),N/A
Serie_A,2026-04-04,Cremonese vs Bologna,Cremonese,Filippo Terracciano,2,2.3262510541826487,13,9,✅ OPTIMALE (14j),Non renseigné (Auto),N/A
Serie_A,2026-04-04,Cremonese vs Bologna,Cremonese,Federico Baschirotto,2,1.1395598910748959,12,1,✅ OPTIMALE (14j),Non renseigné (Auto),N/A
Serie_A,2026-04-04,Cremonese vs Bologna,Cremonese,Franco Vázquez,1,1.4491588799282908,12,9,✅ OPTIMALE (14j),Non renseigné (Auto),N/A
Serie_A,2026-04-04,Cremonese vs Bologna,Cremonese,Tommaso Barbieri,0,0.7716676453128457,12,8,✅ OPTIMALE (14j),Non renseigné (Auto),N/A
Serie_A,2026-04-04,Cremonese vs Bologna,Cremonese,Morten Thorsby,1,1.19813222438097,11,3,✅ OPTIMALE (14j),Non renseigné (Auto),N/A
Serie_A,2026-04-04,Cremonese vs Bologna,Cremonese,Antonio Sanabria,1,2.7467140927910805,10,6,✅ OPTIMALE (14j),Non renseigné (Auto),N/A
Serie_A,2026-04-04,Cremonese vs Bologna,Cremonese,Youssef Maleh,1,0.2130469884723425,10,5,✅ OPTIMALE (14j),Non renseigné (Auto),N/A
Serie_A,2026-04-04,Cremonese vs Bologna,Cremonese,Milan Djuric,0,0.639638863503933,9,4,✅ OPTIMALE (14j),Non renseigné (Auto),N/A
Serie_A,2026-04-04,Cremonese vs Bologna,Cremonese,Alberto Grassi,0,0.6499404003843665,8,3,✅ OPTIMALE (14j),Non renseigné (Auto),N/A
Serie_A,2026-04-04,Cremonese vs Bologna,Cremonese,Matteo Bianchetti,0,0.34063241444528103,6,4,✅ OPTIMALE (14j),Non renseigné (Auto),N/A
Serie_A,2026-04-04,Cremonese vs Bologna,Cremonese,Dennis Johnsen,1,0.736239617690444,5,4,✅ OPTIMALE (14j),Non renseigné (Auto),N/A
Serie_A,2026-04-04,Cremonese vs Bologna,Cremonese,Federico Ceccherini,0,0.19045374542474747,5,2,✅ OPTIMALE (14j),Non renseigné (Auto),N/A
Serie_A,2026-04-04,Cremonese vs Bologna,Cremonese,Warren Bondo,0,0.13682476989924908,5,3,✅ OPTIMALE (14j),Non renseigné (Auto),N/A
Serie_A,2026-04-04,Cremonese vs Bologna,Cremonese,David Okereke,1,0.4829689562320709,4,1,✅ OPTIMALE (14j),Non renseigné (Auto),N/A
Serie_A,2026-04-04,Cremonese vs Bologna,Cremonese,Romano Floriani,0,0.14731263928115368,4,8,✅ OPTIMALE (14j),Non renseigné (Auto),N/A
Serie_A,2026-04-04,Cremonese vs Bologna,Cremonese,Giuseppe Pezzella,0,0.08439666591584682,3,20,✅ OPTIMALE (14j),Non renseigné (Auto),N/A
Serie_A,2026-04-04,Cremonese vs Bologna,Cremonese,Manuel De Luca,1,0.835056483745575,2,0,✅ OPTIMALE (14j),Non renseigné (Auto),N/A
Serie_A,2026-04-04,Cremonese vs Bologna,Cremonese,Sebastiano Luperto,0,0.2943209111690521,2,2,✅ OPTIMALE (14j),Non renseigné (Auto),N/A
Serie_A,2026-04-04,Cremonese vs Bologna,Cremonese,Jeremy Sarmiento,0,0.05533710680902004,2,3,✅ OPTIMALE (14j),Non renseigné (Auto),N/A
Serie_A,2026-04-04,Cremonese vs Bologna,Cremonese,Faris Moumbagna,0,0.4495754614472389,2,1,✅ OPTIMALE (14j),Non renseigné (Auto),N/A
Serie_A,2026-04-04,Cremonese vs Bologna,Cremonese,Mikayil Faye,0,0.045254429802298546,2,1,✅ OPTIMALE (14j),Non renseigné (Auto),N/A
Serie_A,2026-04-04,Cremonese vs Bologna,Cremonese,Michele Collocolo,0,0.07672501634806395,2,2,✅ OPTIMALE (14j),Non renseigné (Auto),N/A
Serie_A,2026-04-04,Cremonese vs Bologna,Cremonese,Francesco Folino,1,0.3466941714286804,1,1,✅ OPTIMALE (14j),Non renseigné (Auto),N/A
Serie_A,2026-04-04,Cremonese vs Bologna,Cremonese,Emil Audero,0,0.0,0,0,✅ OPTIMALE (14j),Non renseigné (Auto),N/A
Serie_A,2026-04-04,Cremonese vs Bologna,Cremonese,Marco Silvestri,0,0.0,0,0,✅ OPTIMALE (14j),Non renseigné (Auto),N/A
Serie_A,2026-04-04,Cremonese vs Bologna,Cremonese,Dachi Lordkipanidze,0,0.0,0,0,✅ OPTIMALE (14j),Non renseigné (Auto),N/A
Bundesliga,2026-04-04,Eintracht Frankfurt vs FC Cologne,Eintracht Frankfurt,Ritsu Doan,4,3.7228294126689434,34,35,✅ OPTIMALE (13j),Non renseigné (Auto),N/A
Bundesliga,2026-04-04,Eintracht Frankfurt vs FC Cologne,Eintracht Frankfurt,Jonathan Burkardt,9,9.662737272679806,31,7,✅ OPTIMALE (13j),Non renseigné (Auto),N/A
Bundesliga,2026-04-04,Eintracht Frankfurt vs FC Cologne,Eintracht Frankfurt,Can Uzun,6,2.734463332220912,27,13,✅ OPTIMALE (13j),Non renseigné (Auto),N/A
Bundesliga,2026-04-04,Eintracht Frankfurt vs FC Cologne,Eintracht Frankfurt,Ansgar Knauff,4,3.3573346063494682,27,16,✅ OPTIMALE (13j),Non renseigné (Auto),N/A
Bundesliga,2026-04-04,Eintracht Frankfurt vs FC Cologne,Eintracht Frankfurt,Jean Négoce,3,1.96841003280133,25,29,✅ OPTIMALE (13j),Non renseigné (Auto),N/A
Bundesliga,2026-04-04,Eintracht Frankfurt vs FC Cologne,Eintracht Frankfurt,Farès Chaïbi,2,2.546945698559284,25,30,✅ OPTIMALE (13j),Non renseigné (Auto),N/A
Bundesliga,2026-04-04,Eintracht Frankfurt vs FC Cologne,Eintracht Frankfurt,Arnaud Kalimuendo Muinga,4,3.2228638529777527,20,8,✅ OPTIMALE (13j),Non renseigné (Auto),N/A
Bundesliga,2026-04-04,Eintracht Frankfurt vs FC Cologne,Eintracht Frankfurt,Nathaniel Brown,4,2.050333686172962,17,23,✅ OPTIMALE (13j),Non renseigné (Auto),N/A
Bundesliga,2026-04-04,Eintracht Frankfurt vs FC Cologne,Eintracht Frankfurt,Mahmoud Dahoud,2,0.7575652450323105,15,6,✅ OPTIMALE (13j),Non renseigné (Auto),N/A
Bundesliga,2026-04-04,Eintracht Frankfurt vs FC Cologne,Eintracht Frankfurt,Rasmus Kristensen,2,1.1042318940162659,14,8,✅ OPTIMALE (13j),Non renseigné (Auto),N/A
Bundesliga,2026-04-04,Eintracht Frankfurt vs FC Cologne,Eintracht Frankfurt,Robin Koch,3,1.8568208049982786,13,7,✅ OPTIMALE (13j),Non renseigné (Auto),N/A
Bundesliga,2026-04-04,Eintracht Frankfurt vs FC Cologne,Eintracht Frankfurt,Arthur Theate,1,1.0566146345809102,11,10,✅ OPTIMALE (13j),Non renseigné (Auto),N/A
Bundesliga,2026-04-04,Eintracht Frankfurt vs FC Cologne,Eintracht Frankfurt,Ayoube Amaimouni-Echghouyab,2,0.3625597096979618,8,3,✅ OPTIMALE (13j),Non renseigné (Auto),N/A
Bundesliga,2026-04-04,Eintracht Frankfurt vs FC Cologne,Eintracht Frankfurt,Hugo Larsson,1,0.8406409472227097,8,13,✅ OPTIMALE (13j),Non renseigné (Auto),N/A
Bundesliga,2026-04-04,Eintracht Frankfurt vs FC Cologne,Eintracht Frankfurt,Sepe Elye Wahi,0,1.0327077973634005,7,4,✅ OPTIMALE (13j),Non renseigné (Auto),N/A
Bundesliga,2026-04-04,Eintracht Frankfurt vs FC Cologne,Eintracht Frankfurt,Michy Batshuayi,1,1.0145394168794155,5,2,✅ OPTIMALE (13j),Non renseigné (Auto),N/A
Bundesliga,2026-04-04,Eintracht Frankfurt vs FC Cologne,Eintracht Frankfurt,Mario Götze,0,0.43461785465478897,5,12,✅ OPTIMALE (13j),Non renseigné (Auto),N/A
Bundesliga,2026-04-04,Eintracht Frankfurt vs FC Cologne,Eintracht Frankfurt,Ellyes Skhiri,0,0.5164884962141514,5,5,✅ OPTIMALE (13j),Non renseigné (Auto),N/A
Bundesliga,2026-04-04,Eintracht Frankfurt vs FC Cologne,Eintracht Frankfurt,Aurèle Amenda,0,0.9006360769271851,5,3,✅ OPTIMALE (13j),Non renseigné (Auto),N/A
Bundesliga,2026-04-04,Eintracht Frankfurt vs FC Cologne,Eintracht Frankfurt,Nnamdi Collins,1,0.6856478173285723,3,3,✅ OPTIMALE (13j),Non renseigné (Auto),N/A
Bundesliga,2026-04-04,Eintracht Frankfurt vs FC Cologne,Eintracht Frankfurt,Younes Ebnoutalib,1,0.4411657452583313,3,2,✅ OPTIMALE (13j),Non renseigné (Auto),N/A
Bundesliga,2026-04-04,Eintracht Frankfurt vs FC Cologne,Eintracht Frankfurt,Oscar Højlund,0,0.24501136504113674,2,5,✅ OPTIMALE (13j),Non renseigné (Auto),N/A
Bundesliga,2026-04-04,Eintracht Frankfurt vs FC Cologne,Eintracht Frankfurt,Aurélio Buta,0,0.029344476759433746,1,1,✅ OPTIMALE (13j),Non renseigné (Auto),N/A
Bundesliga,2026-04-04,Eintracht Frankfurt vs FC Cologne,Eintracht Frankfurt,Michael Zetterer,0,0.0,0,0,✅ OPTIMALE (13j),Non renseigné (Auto),N/A
Bundesliga,2026-04-04,Eintracht Frankfurt vs FC Cologne,Eintracht Frankfurt,Jessic Ngankam,0,0.0,0,0,✅ OPTIMALE (13j),Non renseigné (Auto),N/A
Bundesliga,2026-04-04,Eintracht Frankfurt vs FC Cologne,Eintracht Frankfurt,Kauã Santos,0,0.0,0,0,✅ OPTIMALE (13j),Non renseigné (Auto),N/A
Bundesliga,2026-04-04,Eintracht Frankfurt vs FC Cologne,Eintracht Frankfurt,Elias Baum,0,0.0,0,1,✅ OPTIMALE (13j),Non renseigné (Auto),N/A
Bundesliga,2026-04-04,Eintracht Frankfurt vs FC Cologne,Eintracht Frankfurt,Love Arrhov,0,0.0,0,0,✅ OPTIMALE (13j),Non renseigné (Auto),N/A
Bundesliga,2026-04-04,Eintracht Frankfurt vs FC Cologne,FC Cologne,Said El Mala,10,8.394995929673314,53,13,✅ OPTIMALE (14j),Non renseigné (Auto),N/A
Bundesliga,2026-04-04,Eintracht Frankfurt vs FC Cologne,FC Cologne,Ragnar Ache,6,8.633323587477207,45,24,✅ OPTIMALE (14j),Non renseigné (Auto),N/A
Bundesliga,2026-04-04,Eintracht Frankfurt vs FC Cologne,FC Cologne,Jakub Kaminski,6,4.549526661634445,44,45,✅ OPTIMALE (14j),Non renseigné (Auto),N/A
Bundesliga,2026-04-04,Eintracht Frankfurt vs FC Cologne,FC Cologne,Marius Bülter,3,3.308103835210204,34,21,✅ OPTIMALE (14j),Non renseigné (Auto),N/A
Bundesliga,2026-04-04,Eintracht Frankfurt vs FC Cologne,FC Cologne,Sebastian Sebulonsen,0,1.2105810660868883,24,16,✅ OPTIMALE (14j),Non renseigné (Auto),N/A
Bundesliga,2026-04-04,Eintracht Frankfurt vs FC Cologne,FC Cologne,Jan Thielmann,3,1.800755564123392,21,7,✅ OPTIMALE (14j),Non renseigné (Auto),N/A
Bundesliga,2026-04-04,Eintracht Frankfurt vs FC Cologne,FC Cologne,Kristoffer Lund,0,0.6222306974232197,19,15,✅ OPTIMALE (14j),Non renseigné (Auto),N/A
Bundesliga,2026-04-04,Eintracht Frankfurt vs FC Cologne,FC Cologne,Linton Maina,2,1.1009976360946894,17,9,✅ OPTIMALE (14j),Non renseigné (Auto),N/A
Bundesliga,2026-04-04,Eintracht Frankfurt vs FC Cologne,FC Cologne,Gian-Luca Waldschmidt,3,3.754639696329832,15,10,✅ OPTIMALE (14j),Non renseigné (Auto),N/A
Bundesliga,2026-04-04,Eintracht Frankfurt vs FC Cologne,FC Cologne,Eric Martel,2,0.9473221227526665,15,13,✅ OPTIMALE (14j),Non renseigné (Auto),N/A
Bundesliga,2026-04-04,Eintracht Frankfurt vs FC Cologne,FC Cologne,Ísak Bergmann Jóhannesson,1,1.2030022330582142,10,23,✅ OPTIMALE (14j),Non renseigné (Auto),N/A
Bundesliga,2026-04-04,Eintracht Frankfurt vs FC Cologne,FC Cologne,Tom Krauß,0,0.37441524118185043,8,12,✅ OPTIMALE (14j),Non renseigné (Auto),N/A
Bundesliga,2026-04-04,Eintracht Frankfurt vs FC Cologne,FC Cologne,Florian Kainz,1,0.9068572148680687,7,7,✅ OPTIMALE (14j),Non renseigné (Auto),N/A
Bundesliga,2026-04-04,Eintracht Frankfurt vs FC Cologne,FC Cologne,Cenk Özkacar,0,0.6907666455954313,7,4,✅ OPTIMALE (14j),Non renseigné (Auto),N/A
Bundesliga,2026-04-04,Eintracht Frankfurt vs FC Cologne,FC Cologne,Denis Huseinbasic,0,0.2053355174139142,6,4,✅ OPTIMALE (14j),Non renseigné (Auto),N/A
Bundesliga,2026-04-04,Eintracht Frankfurt vs FC Cologne,FC Cologne,Jahmai Simpson-Pusey,0,0.2724513038992882,5,1,✅ OPTIMALE (14j),Non renseigné (Auto),N/A
Bundesliga,2026-04-04,Eintracht Frankfurt vs FC Cologne,FC Cologne,Youssoupha Niang,0,0.3172231260687113,5,2,✅ OPTIMALE (14j),Non renseigné (Auto),N/A
Bundesliga,2026-04-04,Eintracht Frankfurt vs FC Cologne,FC Cologne,Joël Schmied,0,0.21173877269029617,3,2,✅ OPTIMALE (14j),Non renseigné (Auto),N/A
Bundesliga,2026-04-04,Eintracht Frankfurt vs FC Cologne,FC Cologne,Alessio Castro-Montes,0,0.1609742334112525,3,16,✅ OPTIMALE (14j),Non renseigné (Auto),N/A
Bundesliga,2026-04-04,Eintracht Frankfurt vs FC Cologne,FC Cologne,Felipe Chávez,0,0.08157847821712494,2,0,✅ OPTIMALE (14j),Non renseigné (Auto),N/A
Bundesliga,2026-04-04,Eintracht Frankfurt vs FC Cologne,FC Cologne,Rav van den Berg,0,0.10706858336925507,1,1,✅ OPTIMALE (14j),Non renseigné (Auto),N/A
Bundesliga,2026-04-04,Eintracht Frankfurt vs FC Cologne,FC Cologne,Fynn Schenten,0,0.030162783339619637,1,1,✅ OPTIMALE (14j),Non renseigné (Auto),N/A
Bundesliga,2026-04-04,Eintracht Frankfurt vs FC Cologne,FC Cologne,Dominique Heintz,0,0.0,0,1,✅ OPTIMALE (14j),Non renseigné (Auto),N/A
Bundesliga,2026-04-04,Eintracht Frankfurt vs FC Cologne,FC Cologne,Marvin Schwäbe,0,0.0,0,1,✅ OPTIMALE (14j),Non renseigné (Auto),N/A
Bundesliga,2026-04-04,Eintracht Frankfurt vs FC Cologne,FC Cologne,Timo Hübers,0,0.0,0,0,✅ OPTIMALE (14j),Non renseigné (Auto),N/A
Bundesliga,2026-04-04,Eintracht Frankfurt vs FC Cologne,FC Cologne,Jusuf Gazibegovic,0,0.0,0,0,✅ OPTIMALE (14j),Non renseigné (Auto),N/A
Bundesliga,2026-04-04,Eintracht Frankfurt vs FC Cologne,FC Cologne,Cenny Neumann,0,0.0,0,0,✅ OPTIMALE (14j),Non renseigné (Auto),N/A
Bundesliga,2026-04-04,Freiburg vs Bayern Munich,Bayern Munich,Harry Kane,31,26.705479028634727,108,36,✅ OPTIMALE (14j),Non renseigné (Auto),N/A
Bundesliga,2026-04-04,Freiburg vs Bayern Munich,Bayern Munich,Michael Olise,11,9.842565534636378,84,71,✅ OPTIMALE (14j),Non renseigné (Auto),N/A
Bundesliga,2026-04-04,Freiburg vs Bayern Munich,Bayern Munich,Luis Díaz,15,13.144643872976303,71,56,✅ OPTIMALE (14j),Non renseigné (Auto),N/A
Bundesliga,2026-04-04,Freiburg vs Bayern Munich,Bayern Munich,Serge Gnabry,8,6.14539984986186,47,22,✅ OPTIMALE (14j),Non renseigné (Auto),N/A
Bundesliga,2026-04-04,Freiburg vs Bayern Munich,Bayern Munich,Lennart Karl,4,6.147140823304653,37,20,✅ OPTIMALE (14j),Non renseigné (Auto),N/A
Bundesliga,2026-04-04,Freiburg vs Bayern Munich,Bayern Munich,Joshua Kimmich,2,2.076781475916505,21,42,✅ OPTIMALE (14j),Non renseigné (Auto),N/A
Bundesliga,2026-04-04,Freiburg vs Bayern Munich,Bayern Munich,Tom Bischof,0,0.963580884039402,21,17,✅ OPTIMALE (14j),Non renseigné (Auto),N/A
Bundesliga,2026-04-04,Freiburg vs Bayern Munich,Bayern Munich,Nicolas Jackson,4,4.5895692724734545,19,13,✅ OPTIMALE (14j),Non renseigné (Auto),N/A
Bundesliga,2026-04-04,Freiburg vs Bayern Munich,Bayern Munich,Leon Goretzka,2,2.353755332529545,19,15,✅ OPTIMALE (14j),Non renseigné (Auto),N/A
Bundesliga,2026-04-04,Freiburg vs Bayern Munich,Bayern Munich,Konrad Laimer,3,2.7632063534110785,15,32,✅ OPTIMALE (14j),Non renseigné (Auto),N/A
Bundesliga,2026-04-04,Freiburg vs Bayern Munich,Bayern Munich,Jamal Musiala,1,1.7908645644783974,13,7,✅ OPTIMALE (14j),Non renseigné (Auto),N/A
Bundesliga,2026-04-04,Freiburg vs Bayern Munich,Bayern Munich,Aleksandar Pavlovic,3,1.4776572212576866,9,17,✅ OPTIMALE (14j),Non renseigné (Auto),N/A
Bundesliga,2026-04-04,Freiburg vs Bayern Munich,Bayern Munich,Hiroki Ito,1,1.4641361720860004,9,4,✅ OPTIMALE (14j),Non renseigné (Auto),N/A
Bundesliga,2026-04-04,Freiburg vs Bayern Munich,Bayern Munich,Jonathan Tah,2,0.6638064542785287,8,5,✅ OPTIMALE (14j),Non renseigné (Auto),N/A
Bundesliga,2026-04-04,Freiburg vs Bayern Munich,Bayern Munich,Dayotchanculle Upamecano,1,0.8303499147295952,8,10,✅ OPTIMALE (14j),Non renseigné (Auto),N/A
Bundesliga,2026-04-04,Freiburg vs Bayern Munich,Bayern Munich,Raphael Guerreiro,3,1.8377615213394165,6,12,✅ OPTIMALE (14j),Non renseigné (Auto),N/A
Bundesliga,2026-04-04,Freiburg vs Bayern Munich,Bayern Munich,Josip Stanisic,2,1.0486250892281532,6,16,✅ OPTIMALE (14j),Non renseigné (Auto),N/A
Bundesliga,2026-04-04,Freiburg vs Bayern Munich,Bayern Munich,Sacha Boey,0,0.39243242517113686,6,4,✅ OPTIMALE (14j),Non renseigné (Auto),N/A
Bundesliga,2026-04-04,Freiburg vs Bayern Munich,Bayern Munich,Kim Min-Jae,1,0.5455472841858864,2,1,✅ OPTIMALE (14j),Non renseigné (Auto),N/A
Bundesliga,2026-04-04,Freiburg vs Bayern Munich,Bayern Munich,Alphonso Davies,0,0.10381900519132614,2,4,✅ OPTIMALE (14j),Non renseigné (Auto),N/A
Bundesliga,2026-04-04,Freiburg vs Bayern Munich,Bayern Munich,Wisdom Mike,0,0.10484713315963745,2,0,✅ OPTIMALE (14j),Non renseigné (Auto),N/A
Bundesliga,2026-04-04,Freiburg vs Bayern Munich,Bayern Munich,David Santos,0,0.030350076034665108,1,0,✅ OPTIMALE (14j),Non renseigné (Auto),N/A
Bundesliga,2026-04-04,Freiburg vs Bayern Munich,Bayern Munich,Felipe Chávez,0,0.016718551516532898,1,1,✅ OPTIMALE (14j),Non renseigné (Auto),N/A
Bundesliga,2026-04-04,Freiburg vs Bayern Munich,Bayern Munich,Manuel Neuer,0,0.0,0,0,✅ OPTIMALE (14j),Non renseigné (Auto),N/A
Bundesliga,2026-04-04,Freiburg vs Bayern Munich,Bayern Munich,Sven Ulreich,0,0.0,0,0,✅ OPTIMALE (14j),Non renseigné (Auto),N/A
Bundesliga,2026-04-04,Freiburg vs Bayern Munich,Bayern Munich,Jonas Urbig,0,0.0,0,1,✅ OPTIMALE (14j),Non renseigné (Auto),N/A
Bundesliga,2026-04-04,Freiburg vs Bayern Munich,Bayern Munich,Jonah Kusi-Asare,0,0.0,0,0,✅ OPTIMALE (14j),Non renseigné (Auto),N/A
Bundesliga,2026-04-04,Freiburg vs Bayern Munich,Bayern Munich,Cassiano Kiala,0,0.0,0,0,✅ OPTIMALE (14j),Non renseigné (Auto),N/A
Bundesliga,2026-04-04,Freiburg vs Bayern Munich,Bayern Munich,Maycon Douglas Cardozo,0,0.0,0,0,✅ OPTIMALE (14j),Non renseigné (Auto),N/A
Bundesliga,2026-04-04,Freiburg vs Bayern Munich,Bayern Munich,Erblin Osmani,0,0.0,0,0,✅ OPTIMALE (14j),Non renseigné (Auto),N/A
Bundesliga,2026-04-04,Freiburg vs Bayern Munich,Freiburg,Igor Matanovic,8,7.90627596154809,42,11,✅ OPTIMALE (13j),Non renseigné (Auto),N/A
Bundesliga,2026-04-04,Freiburg vs Bayern Munich,Freiburg,Maximilian Eggestein,2,2.962645312771201,39,17,✅ OPTIMALE (13j),Non renseigné (Auto),N/A
Bundesliga,2026-04-04,Freiburg vs Bayern Munich,Freiburg,Johan Manzambi,3,2.4944626595824957,38,14,✅ OPTIMALE (13j),Non renseigné (Auto),N/A
Bundesliga,2026-04-04,Freiburg vs Bayern Munich,Freiburg,Yuito Suzuki,4,4.058217540383339,35,23,✅ OPTIMALE (13j),Non renseigné (Auto),N/A
Bundesliga,2026-04-04,Freiburg vs Bayern Munich,Freiburg,Derry Scherhant,4,2.4991315146908164,29,15,✅ OPTIMALE (13j),Non renseigné (Auto),N/A
Bundesliga,2026-04-04,Freiburg vs Bayern Munich,Freiburg,Vincenzo Grifo,7,5.334495235234499,26,32,✅ OPTIMALE (13j),Non renseigné (Auto),N/A
Bundesliga,2026-04-04,Freiburg vs Bayern Munich,Freiburg,Jan-Niklas Beste,1,2.8002357818186283,21,28,✅ OPTIMALE (13j),Non renseigné (Auto),N/A
Bundesliga,2026-04-04,Freiburg vs Bayern Munich,Freiburg,Lucas Höler,1,3.1133110281080008,20,18,✅ OPTIMALE (13j),Non renseigné (Auto),N/A
Bundesliga,2026-04-04,Freiburg vs Bayern Munich,Freiburg,Lukas Kübler,2,2.631019704043865,18,8,✅ OPTIMALE (13j),Non renseigné (Auto),N/A
Bundesliga,2026-04-04,Freiburg vs Bayern Munich,Freiburg,Philipp Treu,1,0.8802391327917576,15,18,✅ OPTIMALE (13j),Non renseigné (Auto),N/A
Bundesliga,2026-04-04,Freiburg vs Bayern Munich,Freiburg,Matthias Ginter,2,1.3093623463064432,14,11,✅ OPTIMALE (13j),Non renseigné (Auto),N/A
Bundesliga,2026-04-04,Freiburg vs Bayern Munich,Freiburg,Junior Adamu,1,1.7867614552378654,8,5,✅ OPTIMALE (13j),Non renseigné (Auto),N/A
Bundesliga,2026-04-04,Freiburg vs Bayern Munich,Freiburg,Christian Günter,0,0.3666337914764881,8,17,✅ OPTIMALE (13j),Non renseigné (Auto),N/A
Bundesliga,2026-04-04,Freiburg vs Bayern Munich,Freiburg,Patrick Osterhage,1,1.2812672033905983,7,6,✅ OPTIMALE (13j),Non renseigné (Auto),N/A
Bundesliga,2026-04-04,Freiburg vs Bayern Munich,Freiburg,Cyriaque Irié,0,0.31246868520975113,6,4,✅ OPTIMALE (13j),Non renseigné (Auto),N/A
Bundesliga,2026-04-04,Freiburg vs Bayern Munich,Freiburg,Philipp Lienhart,0,0.8052568137645721,5,3,✅ OPTIMALE (13j),Non renseigné (Auto),N/A
Bundesliga,2026-04-04,Freiburg vs Bayern Munich,Freiburg,Bruno Ogbus,0,0.7863243324682117,5,0,✅ OPTIMALE (13j),Non renseigné (Auto),N/A
Bundesliga,2026-04-04,Freiburg vs Bayern Munich,Freiburg,Eren Sami Dinkci,0,0.2665874008089304,4,1,✅ OPTIMALE (13j),Non renseigné (Auto),N/A
Bundesliga,2026-04-04,Freiburg vs Bayern Munich,Freiburg,Nicolas Höfler,0,0.07480369322001934,2,0,✅ OPTIMALE (13j),Non renseigné (Auto),N/A
Bundesliga,2026-04-04,Freiburg vs Bayern Munich,Freiburg,Anthony Jung,0,0.03665805235505104,1,3,✅ OPTIMALE (13j),Non renseigné (Auto),N/A
Bundesliga,2026-04-04,Freiburg vs Bayern Munich,Freiburg,Max Rosenfelder,0,0.017270773649215698,1,0,✅ OPTIMALE (13j),Non renseigné (Auto),N/A
Bundesliga,2026-04-04,Freiburg vs Bayern Munich,Freiburg,Noah Atubolu,0,0.0,0,2,✅ OPTIMALE (13j),Non renseigné (Auto),N/A
Bundesliga,2026-04-04,Freiburg vs Bayern Munich,Freiburg,Merlin Röhl,0,0.0,0,0,✅ OPTIMALE (13j),Non renseigné (Auto),N/A
Bundesliga,2026-04-04,Freiburg vs Bayern Munich,Freiburg,Jordy Makengo,0,0.0,0,4,✅ OPTIMALE (13j),Non renseigné (Auto),N/A
La_Liga,2026-04-05,Getafe vs Athletic Club,Athletic Club,Gorka Guruzeta,6,8.9389584697783,60,17,✅ OPTIMALE (14j),Non renseigné (Auto),N/A
La_Liga,2026-04-05,Getafe vs Athletic Club,Athletic Club,Iñaki Williams,2,6.027419654652476,45,15,✅ OPTIMALE (14j),Non renseigné (Auto),N/A
La_Liga,2026-04-05,Getafe vs Athletic Club,Athletic Club,Oihan Sancet,3,6.669009603559971,42,25,✅ OPTIMALE (14j),Non renseigné (Auto),N/A
La_Liga,2026-04-05,Getafe vs Athletic Club,Athletic Club,Nico Williams,4,4.948663843795657,37,27,✅ OPTIMALE (14j),Non renseigné (Auto),N/A
La_Liga,2026-04-05,Getafe vs Athletic Club,Athletic Club,Alex Berenguer,2,4.513072959147394,37,44,✅ OPTIMALE (14j),Non renseigné (Auto),N/A
La_Liga,2026-04-05,Getafe vs Athletic Club,Athletic Club,Mikel Jauregizar,2,1.089722279459238,31,21,✅ OPTIMALE (14j),Non renseigné (Auto),N/A
La_Liga,2026-04-05,Getafe vs Athletic Club,Athletic Club,Yuri,0,0.42952639888972044,17,25,✅ OPTIMALE (14j),Non renseigné (Auto),N/A
La_Liga,2026-04-05,Getafe vs Athletic Club,Athletic Club,Inigo Ruiz de Galarreta,1,0.5053522596135736,16,20,✅ OPTIMALE (14j),Non renseigné (Auto),N/A
La_Liga,2026-04-05,Getafe vs Athletic Club,Athletic Club,Roberto Navarro,5,3.0039532454684377,14,17,✅ OPTIMALE (14j),Non renseigné (Auto),N/A
La_Liga,2026-04-05,Getafe vs Athletic Club,Athletic Club,Dani Vivian,1,1.366984797641635,14,5,✅ OPTIMALE (14j),Non renseigné (Auto),N/A
La_Liga,2026-04-05,Getafe vs Athletic Club,Athletic Club,Unai Gómez,1,1.4200693126767874,14,8,✅ OPTIMALE (14j),Non renseigné (Auto),N/A
La_Liga,2026-04-05,Getafe vs Athletic Club,Athletic Club,Nicolás Serrano,1,0.5777395609766245,13,8,✅ OPTIMALE (14j),Non renseigné (Auto),N/A
La_Liga,2026-04-05,Getafe vs Athletic Club,Athletic Club,Aymeric Laporte,0,1.7030628975480795,13,7,✅ OPTIMALE (14j),Non renseigné (Auto),N/A
La_Liga,2026-04-05,Getafe vs Athletic Club,Athletic Club,Aitor Paredes,1,1.343791265040636,12,3,✅ OPTIMALE (14j),Non renseigné (Auto),N/A
La_Liga,2026-04-05,Getafe vs Athletic Club,Athletic Club,Alejandro Rego,1,0.5154665904119611,10,8,✅ OPTIMALE (14j),Non renseigné (Auto),N/A
La_Liga,2026-04-05,Getafe vs Athletic Club,Athletic Club,Urko Izeta,0,1.1592427976429462,8,2,✅ OPTIMALE (14j),Non renseigné (Auto),N/A
La_Liga,2026-04-05,Getafe vs Athletic Club,Athletic Club,Maroan Sannadi,1,0.9551242720335722,7,2,✅ OPTIMALE (14j),Non renseigné (Auto),N/A
La_Liga,2026-04-05,Getafe vs Athletic Club,Athletic Club,Andoni Gorosabel,0,0.21548599284142256,5,8,✅ OPTIMALE (14j),Non renseigné (Auto),N/A
La_Liga,2026-04-05,Getafe vs Athletic Club,Athletic Club,Selton Sánchez,0,0.28422196209430695,4,4,✅ OPTIMALE (14j),Non renseigné (Auto),N/A
La_Liga,2026-04-05,Getafe vs Athletic Club,Athletic Club,Íñigo Lekue,0,0.13128633052110672,3,1,✅ OPTIMALE (14j),Non renseigné (Auto),N/A
La_Liga,2026-04-05,Getafe vs Athletic Club,Athletic Club,Jesús Areso,0,0.09548324905335903,3,21,✅ OPTIMALE (14j),Non renseigné (Auto),N/A
La_Liga,2026-04-05,Getafe vs Athletic Club,Athletic Club,Mikel Vesga,0,0.1971089020371437,2,4,✅ OPTIMALE (14j),Non renseigné (Auto),N/A
La_Liga,2026-04-05,Getafe vs Athletic Club,Athletic Club,Beñat Prados,0,0.02024441957473755,1,2,✅ OPTIMALE (14j),Non renseigné (Auto),N/A
La_Liga,2026-04-05,Getafe vs Athletic Club,Athletic Club,Adama Boiro,0,0.03685692697763443,1,3,✅ OPTIMALE (14j),Non renseigné (Auto),N/A
La_Liga,2026-04-05,Getafe vs Athletic Club,Athletic Club,Asier Hierro,0,0.0869530513882637,1,1,✅ OPTIMALE (14j),Non renseigné (Auto),N/A
La_Liga,2026-04-05,Getafe vs Athletic Club,Athletic Club,Eder García,0,0.03657441958785057,1,0,✅ OPTIMALE (14j),Non renseigné (Auto),N/A
La_Liga,2026-04-05,Getafe vs Athletic Club,Athletic Club,Unai Simón,0,0.0,0,1,✅ OPTIMALE (14j),Non renseigné (Auto),N/A
La_Liga,2026-04-05,Getafe vs Athletic Club,Getafe,Mauro Arambarri,6,6.646038103848696,49,16,✅ OPTIMALE (15j),Non renseigné (Auto),N/A
La_Liga,2026-04-05,Getafe vs Athletic Club,Getafe,Adrián Liso,3,2.5819152016192675,23,3,✅ OPTIMALE (15j),Non renseigné (Auto),N/A
La_Liga,2026-04-05,Getafe vs Athletic Club,Getafe,Mario Martín,2,2.3378630317747593,22,7,✅ OPTIMALE (15j),Non renseigné (Auto),N/A
La_Liga,2026-04-05,Getafe vs Athletic Club,Getafe,Juan Iglesias,1,1.134616807103157,21,14,✅ OPTIMALE (15j),Non renseigné (Auto),N/A
La_Liga,2026-04-05,Getafe vs Athletic Club,Getafe,Luis Milla,0,1.2604784723371267,19,60,✅ OPTIMALE (15j),Non renseigné (Auto),N/A
La_Liga,2026-04-05,Getafe vs Athletic Club,Getafe,Martín Satriano,3,1.8423563688993454,18,8,✅ OPTIMALE (15j),Non renseigné (Auto),N/A
La_Liga,2026-04-05,Getafe vs Athletic Club,Getafe,Borja Mayoral,4,3.4059319589287043,14,4,✅ OPTIMALE (15j),Non renseigné (Auto),N/A
La_Liga,2026-04-05,Getafe vs Athletic Club,Getafe,Javi Muñoz,0,0.32580624148249626,13,5,✅ OPTIMALE (15j),Non renseigné (Auto),N/A
La_Liga,2026-04-05,Getafe vs Athletic Club,Getafe,Domingos Duarte,1,0.7622319888323545,12,1,✅ OPTIMALE (15j),Non renseigné (Auto),N/A
La_Liga,2026-04-05,Getafe vs Athletic Club,Getafe,Luis Vázquez,2,0.8718868503347039,11,1,✅ OPTIMALE (15j),Non renseigné (Auto),N/A
La_Liga,2026-04-05,Getafe vs Athletic Club,Getafe,Diego Rico,0,0.2927396623417735,11,9,✅ OPTIMALE (15j),Non renseigné (Auto),N/A
La_Liga,2026-04-05,Getafe vs Athletic Club,Getafe,Alex Sancris,0,0.3494899617508054,11,8,✅ OPTIMALE (15j),Non renseigné (Auto),N/A
La_Liga,2026-04-05,Getafe vs Athletic Club,Getafe,Kiko Femenía,1,0.9618913042359054,8,15,✅ OPTIMALE (15j),Non renseigné (Auto),N/A
La_Liga,2026-04-05,Getafe vs Athletic Club,Getafe,Abdelkabir Abqar,0,0.3874060558155179,7,4,✅ OPTIMALE (15j),Non renseigné (Auto),N/A
La_Liga,2026-04-05,Getafe vs Athletic Club,Getafe,Christantus Uche,1,1.4415657743811607,6,4,✅ OPTIMALE (15j),Non renseigné (Auto),N/A
La_Liga,2026-04-05,Getafe vs Athletic Club,Getafe,Coba da Costa,0,0.2343458440154791,5,3,✅ OPTIMALE (15j),Non renseigné (Auto),N/A
La_Liga,2026-04-05,Getafe vs Athletic Club,Getafe,Zaid Romero,0,0.40512463077902794,5,2,✅ OPTIMALE (15j),Non renseigné (Auto),N/A
La_Liga,2026-04-05,Getafe vs Athletic Club,Getafe,Nyom,0,0.13120730221271515,3,2,✅ OPTIMALE (15j),Non renseigné (Auto),N/A
La_Liga,2026-04-05,Getafe vs Athletic Club,Getafe,Djené Dakonam,0,0.06865107547491789,3,2,✅ OPTIMALE (15j),Non renseigné (Auto),N/A
La_Liga,2026-04-05,Getafe vs Athletic Club,Getafe,Abu Kamara,0,0.37469766288995743,3,2,✅ OPTIMALE (15j),Non renseigné (Auto),N/A
La_Liga,2026-04-05,Getafe vs Athletic Club,Getafe,Davinchi,0,0.1721816435456276,3,2,✅ OPTIMALE (15j),Non renseigné (Auto),N/A
La_Liga,2026-04-05,Getafe vs Athletic Club,Getafe,Juanmi,1,0.13904428482055664,2,2,✅ OPTIMALE (15j),Non renseigné (Auto),N/A
La_Liga,2026-04-05,Getafe vs Athletic Club,Getafe,Sebastián Boselli,0,0.33551719784736633,2,0,✅ OPTIMALE (15j),Non renseigné (Auto),N/A
La_Liga,2026-04-05,Getafe vs Athletic Club,Getafe,Veljko Birmancevic,0,0.05372293293476105,1,2,✅ OPTIMALE (15j),Non renseigné (Auto),N/A
La_Liga,2026-04-05,Getafe vs Athletic Club,Getafe,Ismael Bekhoucha,0,0.025432489812374115,1,1,✅ OPTIMALE (15j),Non renseigné (Auto),N/A
La_Liga,2026-04-05,Getafe vs Athletic Club,Getafe,Joselu Pérez,0,0.014085882343351841,1,0,✅ OPTIMALE (15j),Non renseigné (Auto),N/A
La_Liga,2026-04-05,Getafe vs Athletic Club,Getafe,Alejandro Mestanza,0,0.01869388110935688,1,0,✅ OPTIMALE (15j),Non renseigné (Auto),N/A
La_Liga,2026-04-05,Getafe vs Athletic Club,Getafe,David Soria,0,0.0,0,1,✅ OPTIMALE (15j),Non renseigné (Auto),N/A
La_Liga,2026-04-05,Getafe vs Athletic Club,Getafe,Alex Sola,0,0.0,0,0,✅ OPTIMALE (15j),Non renseigné (Auto),N/A
La_Liga,2026-04-05,Getafe vs Athletic Club,Getafe,Yvan Neyou,0,0.0,0,0,✅ OPTIMALE (15j),Non renseigné (Auto),N/A
La_Liga,2026-04-05,Getafe vs Athletic Club,Getafe,Hugo Solozabal,0,0.0,0,0,✅ OPTIMALE (15j),Non renseigné (Auto),N/A
La_Liga,2026-04-05,Getafe vs Athletic Club,Getafe,Jorge Montes,0,0.0,0,1,✅ OPTIMALE (15j),Non renseigné (Auto),N/A
La_Liga,2026-04-05,Girona vs Villarreal,Girona,Joel Roca,2,2.92173233255744,34,10,✅ OPTIMALE (15j),Non renseigné (Auto),N/A
La_Liga,2026-04-05,Girona vs Villarreal,Girona,Viktor Tsygankov,5,4.829901099205017,33,34,✅ OPTIMALE (15j),Non renseigné (Auto),N/A
La_Liga,2026-04-05,Girona vs Villarreal,Girona,Azz-Eddine Ounahi,4,2.279971159994602,33,20,✅ OPTIMALE (15j),Non renseigné (Auto),N/A
La_Liga,2026-04-05,Girona vs Villarreal,Girona,Vladyslav Vanat,9,9.496832385659218,27,12,✅ OPTIMALE (15j),Non renseigné (Auto),N/A
La_Liga,2026-04-05,Girona vs Villarreal,Girona,Bryan Gil Salvatierra,0,2.174213159829378,20,19,✅ OPTIMALE (15j),Non renseigné (Auto),N/A
La_Liga,2026-04-05,Girona vs Villarreal,Girona,Axel Witsel,1,2.360667746514082,18,15,✅ OPTIMALE (15j),Non renseigné (Auto),N/A
La_Liga,2026-04-05,Girona vs Villarreal,Girona,Thomas Lemar,2,1.6924519538879395,15,15,✅ OPTIMALE (15j),Non renseigné (Auto),N/A
La_Liga,2026-04-05,Girona vs Villarreal,Girona,Álex Moreno,0,1.4656613990664482,15,11,✅ OPTIMALE (15j),Non renseigné (Auto),N/A
La_Liga,2026-04-05,Girona vs Villarreal,Girona,Yáser Asprilla,0,0.5583002185449004,15,12,✅ OPTIMALE (15j),Non renseigné (Auto),N/A
La_Liga,2026-04-05,Girona vs Villarreal,Girona,Vitor Reis,1,1.4675985500216484,12,7,✅ OPTIMALE (15j),Non renseigné (Auto),N/A
La_Liga,2026-04-05,Girona vs Villarreal,Girona,Arnau Martinez,1,1.0684232534840703,11,14,✅ OPTIMALE (15j),Non renseigné (Auto),N/A
La_Liga,2026-04-05,Girona vs Villarreal,Girona,Portu,0,1.6742162741720676,9,3,✅ OPTIMALE (15j),Non renseigné (Auto),N/A
La_Liga,2026-04-05,Girona vs Villarreal,Girona,Iván Martín,0,0.9734207801520824,9,17,✅ OPTIMALE (15j),Non renseigné (Auto),N/A
La_Liga,2026-04-05,Girona vs Villarreal,Girona,Cristhian Stuani,3,3.813407562673092,8,1,✅ OPTIMALE (15j),Non renseigné (Auto),N/A
La_Liga,2026-04-05,Girona vs Villarreal,Girona,Claudio Echeverri,1,1.0410882513970137,8,5,✅ OPTIMALE (15j),Non renseigné (Auto),N/A
La_Liga,2026-04-05,Girona vs Villarreal,Girona,Hugo Rincón,1,0.6909217592328787,7,9,✅ OPTIMALE (15j),Non renseigné (Auto),N/A
La_Liga,2026-04-05,Girona vs Villarreal,Girona,Alejandro Francés,0,0.22580099385231733,7,8,✅ OPTIMALE (15j),Non renseigné (Auto),N/A
La_Liga,2026-04-05,Girona vs Villarreal,Girona,Fran Beltrán,1,0.20480437390506268,6,5,✅ OPTIMALE (15j),Non renseigné (Auto),N/A
La_Liga,2026-04-05,Girona vs Villarreal,Girona,Daley Blind,0,0.04614204680547118,3,11,✅ OPTIMALE (15j),Non renseigné (Auto),N/A
La_Liga,2026-04-05,Girona vs Villarreal,Girona,Abel Ruiz,0,0.2210751622915268,3,2,✅ OPTIMALE (15j),Non renseigné (Auto),N/A
La_Liga,2026-04-05,Girona vs Villarreal,Girona,Jhon Solis,0,0.1824372038245201,3,1,✅ OPTIMALE (15j),Non renseigné (Auto),N/A
La_Liga,2026-04-05,Girona vs Villarreal,Girona,Donny van de Beek,0,0.07745239697396755,2,0,✅ OPTIMALE (15j),Non renseigné (Auto),N/A
La_Liga,2026-04-05,Girona vs Villarreal,Girona,Dawda Camara,0,0.16032399237155914,2,1,✅ OPTIMALE (15j),Non renseigné (Auto),N/A
La_Liga,2026-04-05,Girona vs Villarreal,Girona,David López,0,0.6544463038444519,1,0,✅ OPTIMALE (15j),Non renseigné (Auto),N/A
La_Liga,2026-04-05,Girona vs Villarreal,Girona,Yangel Herrera,0,0.018670575693249702,1,0,✅ OPTIMALE (15j),Non renseigné (Auto),N/A
La_Liga,2026-04-05,Girona vs Villarreal,Girona,Ladislav Krejcí,0,0.12153472751379013,1,0,✅ OPTIMALE (15j),Non renseigné (Auto),N/A
La_Liga,2026-04-05,Girona vs Villarreal,Girona,Paulo Gazzaniga,0,0.0,0,0,✅ OPTIMALE (15j),Non renseigné (Auto),N/A
La_Liga,2026-04-05,Girona vs Villarreal,Girona,Marc-André ter Stegen,0,0.0,0,0,✅ OPTIMALE (15j),Non renseigné (Auto),N/A
La_Liga,2026-04-05,Girona vs Villarreal,Girona,Bojan Miovski,0,0.0,0,0,✅ OPTIMALE (15j),Non renseigné (Auto),N/A
La_Liga,2026-04-05,Girona vs Villarreal,Girona,Vladyslav Krapyvtsov,0,0.0,0,0,✅ OPTIMALE (15j),Non renseigné (Auto),N/A
La_Liga,2026-04-05,Girona vs Villarreal,Girona,Lancinet Kourouma,0,0.0,0,0,✅ OPTIMALE (15j),Non renseigné (Auto),N/A
La_Liga,2026-04-05,Girona vs Villarreal,Girona,Juan Arango,0,0.0,0,0,✅ OPTIMALE (15j),Non renseigné (Auto),N/A
La_Liga,2026-04-05,Girona vs Villarreal,Villarreal,Nicolas Pepe,5,7.339526172727346,51,41,✅ OPTIMALE (16j),Non renseigné (Auto),N/A
La_Liga,2026-04-05,Girona vs Villarreal,Villarreal,Georges Mikautadze,9,12.018502527847886,49,21,✅ OPTIMALE (16j),Non renseigné (Auto),N/A
La_Liga,2026-04-05,Girona vs Villarreal,Villarreal,Alberto Moleiro,9,5.2085331454873085,40,30,✅ OPTIMALE (16j),Non renseigné (Auto),N/A
La_Liga,2026-04-05,Girona vs Villarreal,Villarreal,Pape Alassane Gueye,4,3.8954913914203644,37,21,✅ OPTIMALE (16j),Non renseigné (Auto),N/A
La_Liga,2026-04-05,Girona vs Villarreal,Villarreal,Gerard Moreno,8,5.30874203518033,27,19,✅ OPTIMALE (16j),Non renseigné (Auto),N/A
La_Liga,2026-04-05,Girona vs Villarreal,Villarreal,Tajon Buchanan,6,2.429425321519375,22,15,✅ OPTIMALE (16j),Non renseigné (Auto),N/A
La_Liga,2026-04-05,Girona vs Villarreal,Villarreal,Santiago Comesaña,3,4.6401277333498,22,21,✅ OPTIMALE (16j),Non renseigné (Auto),N/A
La_Liga,2026-04-05,Girona vs Villarreal,Villarreal,Tani Oluwaseyi,2,3.547338616102934,15,4,✅ OPTIMALE (16j),Non renseigné (Auto),N/A
La_Liga,2026-04-05,Girona vs Villarreal,Villarreal,Sergi Cardona,0,0.6729642245918512,14,13,✅ OPTIMALE (16j),Non renseigné (Auto),N/A
La_Liga,2026-04-05,Girona vs Villarreal,Villarreal,Ayoze Pérez,2,3.328026592731476,13,12,✅ OPTIMALE (16j),Non renseigné (Auto),N/A
La_Liga,2026-04-05,Girona vs Villarreal,Villarreal,Santiago Mouriño,1,1.1589391976594925,13,8,✅ OPTIMALE (16j),Non renseigné (Auto),N/A
La_Liga,2026-04-05,Girona vs Villarreal,Villarreal,Alfonso,1,1.1962180444970727,10,16,✅ OPTIMALE (16j),Non renseigné (Auto),N/A
La_Liga,2026-04-05,Girona vs Villarreal,Villarreal,Thomas Partey,0,0.3256993256509304,8,5,✅ OPTIMALE (16j),Non renseigné (Auto),N/A
La_Liga,2026-04-05,Girona vs Villarreal,Villarreal,Renato Veiga,0,0.1798072038218379,8,2,✅ OPTIMALE (16j),Non renseigné (Auto),N/A
La_Liga,2026-04-05,Girona vs Villarreal,Villarreal,Etta Eyong,1,1.496839888393879,7,3,✅ OPTIMALE (16j),Non renseigné (Auto),N/A
La_Liga,2026-04-05,Girona vs Villarreal,Villarreal,Ilias Akhomach,0,1.0958134271204472,6,5,✅ OPTIMALE (16j),Non renseigné (Auto),N/A
La_Liga,2026-04-05,Girona vs Villarreal,Villarreal,Rafa Marín,1,0.19804299715906382,4,5,✅ OPTIMALE (16j),Non renseigné (Auto),N/A
La_Liga,2026-04-05,Girona vs Villarreal,Villarreal,Manor Solomon,1,0.608427070081234,2,2,✅ OPTIMALE (16j),Non renseigné (Auto),N/A
La_Liga,2026-04-05,Girona vs Villarreal,Villarreal,Daniel Parejo,0,0.1502215936779976,2,19,✅ OPTIMALE (16j),Non renseigné (Auto),N/A
La_Liga,2026-04-05,Girona vs Villarreal,Villarreal,Juan Foyth,0,0.07373266108334064,2,0,✅ OPTIMALE (16j),Non renseigné (Auto),N/A
La_Liga,2026-04-05,Girona vs Villarreal,Villarreal,Yeremi Pino,0,0.12507127225399017,2,6,✅ OPTIMALE (16j),Non renseigné (Auto),N/A
La_Liga,2026-04-05,Girona vs Villarreal,Villarreal,Pau Navarro,0,0.02267860621213913,1,4,✅ OPTIMALE (16j),Non renseigné (Auto),N/A
La_Liga,2026-04-05,Girona vs Villarreal,Villarreal,Carlos Macià,0,0.02315744385123253,1,0,✅ OPTIMALE (16j),Non renseigné (Auto),N/A
La_Liga,2026-04-05,Girona vs Villarreal,Villarreal,Arnau Tenas,0,0.0,0,0,✅ OPTIMALE (16j),Non renseigné (Auto),N/A
La_Liga,2026-04-05,Girona vs Villarreal,Villarreal,Alfon,0,0.0,0,0,✅ OPTIMALE (16j),Non renseigné (Auto),N/A
La_Liga,2026-04-05,Girona vs Villarreal,Villarreal,Adrià Alti,0,0.0,0,0,✅ OPTIMALE (16j),Non renseigné (Auto),N/A
La_Liga,2026-04-05,Girona vs Villarreal,Villarreal,Luiz Júnior,0,0.0,0,0,✅ OPTIMALE (16j),Non renseigné (Auto),N/A
La_Liga,2026-04-05,Girona vs Villarreal,Villarreal,Hugo Lopez,0,0.0,0,0,✅ OPTIMALE (16j),Non renseigné (Auto),N/A
La_Liga,2026-04-05,Girona vs Villarreal,Villarreal,Alexander Freeman,0,0.0,0,0,✅ OPTIMALE (16j),Non renseigné (Auto),N/A
Bundesliga,2026-04-04,Hamburger SV vs Augsburg,Augsburg,Alexis Claude Maurice,4,4.77810719050467,59,22,✅ OPTIMALE (13j),Non renseigné (Auto),N/A
Bundesliga,2026-04-04,Hamburger SV vs Augsburg,Augsburg,Mert Kömür,2,4.025537796318531,36,20,✅ OPTIMALE (13j),Non renseigné (Auto),N/A
Bundesliga,2026-04-04,Hamburger SV vs Augsburg,Augsburg,Fabian Rieder,4,2.863989037461579,28,27,✅ OPTIMALE (13j),Non renseigné (Auto),N/A
Bundesliga,2026-04-04,Hamburger SV vs Augsburg,Augsburg,Anton Kade,3,3.717436632141471,27,17,✅ OPTIMALE (13j),Non renseigné (Auto),N/A
Bundesliga,2026-04-04,Hamburger SV vs Augsburg,Augsburg,Robin Fellhauer,2,1.530571130104363,23,24,✅ OPTIMALE (13j),Non renseigné (Auto),N/A
Bundesliga,2026-04-04,Hamburger SV vs Augsburg,Augsburg,Han-Noah Massengo,2,1.6341153755784035,17,15,✅ OPTIMALE (13j),Non renseigné (Auto),N/A
Bundesliga,2026-04-04,Hamburger SV vs Augsburg,Augsburg,Samuel Essende,1,1.4566263109445572,17,4,✅ OPTIMALE (13j),Non renseigné (Auto),N/A
Bundesliga,2026-04-04,Hamburger SV vs Augsburg,Augsburg,Rodrigo Ribeiro,2,3.2194636054337025,16,1,✅ OPTIMALE (13j),Non renseigné (Auto),N/A
Bundesliga,2026-04-04,Hamburger SV vs Augsburg,Augsburg,Kristijan Jakic,1,0.7176310932263732,16,12,✅ OPTIMALE (13j),Non renseigné (Auto),N/A
Bundesliga,2026-04-04,Hamburger SV vs Augsburg,Augsburg,Michael Gregoritsch,3,2.4235596526414156,12,3,✅ OPTIMALE (13j),Non renseigné (Auto),N/A
Bundesliga,2026-04-04,Hamburger SV vs Augsburg,Augsburg,Keven Schlotterbeck,0,1.3001904971897602,12,12,✅ OPTIMALE (13j),Non renseigné (Auto),N/A
Bundesliga,2026-04-04,Hamburger SV vs Augsburg,Augsburg,Elvis Rexhbecaj,2,0.5392126142978668,11,9,✅ OPTIMALE (13j),Non renseigné (Auto),N/A
Bundesliga,2026-04-04,Hamburger SV vs Augsburg,Augsburg,Marius Wolf,1,1.6266599986702204,11,9,✅ OPTIMALE (13j),Non renseigné (Auto),N/A
Bundesliga,2026-04-04,Hamburger SV vs Augsburg,Augsburg,Dimitris Giannoulis,2,0.9338894300162792,9,24,✅ OPTIMALE (13j),Non renseigné (Auto),N/A
Bundesliga,2026-04-04,Hamburger SV vs Augsburg,Augsburg,Noahkai Banks,1,1.2308643972501159,9,7,✅ OPTIMALE (13j),Non renseigné (Auto),N/A
Bundesliga,2026-04-04,Hamburger SV vs Augsburg,Augsburg,Cédric Zesiger,0,0.9712917171418667,8,6,✅ OPTIMALE (13j),Non renseigné (Auto),N/A
Bundesliga,2026-04-04,Hamburger SV vs Augsburg,Augsburg,Chrislain Matsima,1,0.5306734442710876,6,4,✅ OPTIMALE (13j),Non renseigné (Auto),N/A
Bundesliga,2026-04-04,Hamburger SV vs Augsburg,Augsburg,Phillip Tietz,1,1.0400232933461666,6,3,✅ OPTIMALE (13j),Non renseigné (Auto),N/A
Bundesliga,2026-04-04,Hamburger SV vs Augsburg,Augsburg,Elias Saad,0,0.37165308371186256,6,12,✅ OPTIMALE (13j),Non renseigné (Auto),N/A
Bundesliga,2026-04-04,Hamburger SV vs Augsburg,Augsburg,Arthur Chaves,1,0.3078186810016632,3,2,✅ OPTIMALE (13j),Non renseigné (Auto),N/A
Bundesliga,2026-04-04,Hamburger SV vs Augsburg,Augsburg,Ismaël Gharbi,0,0.22596237063407898,3,1,✅ OPTIMALE (13j),Non renseigné (Auto),N/A
Bundesliga,2026-04-04,Hamburger SV vs Augsburg,Augsburg,Jeffrey Gouweleeuw,0,0.10657917894423008,2,2,✅ OPTIMALE (13j),Non renseigné (Auto),N/A
Bundesliga,2026-04-04,Hamburger SV vs Augsburg,Augsburg,Mads Pedersen,0,0.11341566778719425,2,3,✅ OPTIMALE (13j),Non renseigné (Auto),N/A
Bundesliga,2026-04-04,Hamburger SV vs Augsburg,Augsburg,Finn Dahmen,0,0.6633901596069336,1,3,✅ OPTIMALE (13j),Non renseigné (Auto),N/A
Bundesliga,2026-04-04,Hamburger SV vs Augsburg,Augsburg,Aiman Dardari,0,0.05606662854552269,1,0,✅ OPTIMALE (13j),Non renseigné (Auto),N/A
Bundesliga,2026-04-04,Hamburger SV vs Augsburg,Augsburg,Arne Maier,0,0.0,0,0,✅ OPTIMALE (13j),Non renseigné (Auto),N/A
Bundesliga,2026-04-04,Hamburger SV vs Augsburg,Augsburg,Yannik Keitel,0,0.0,0,0,✅ OPTIMALE (13j),Non renseigné (Auto),N/A
Bundesliga,2026-04-04,Hamburger SV vs Augsburg,Augsburg,Tim Schnitzer,0,0.0,0,0,✅ OPTIMALE (13j),Non renseigné (Auto),N/A
Bundesliga,2026-04-04,Hamburger SV vs Augsburg,Augsburg,Uchenna Ogundu,0,0.0,0,0,✅ OPTIMALE (13j),Non renseigné (Auto),N/A
Bundesliga,2026-04-04,Hamburger SV vs Augsburg,Hamburger SV,Ransford Königsdörffer,4,6.969476473517716,53,16,✅ OPTIMALE (14j),Non renseigné (Auto),N/A
Bundesliga,2026-04-04,Hamburger SV vs Augsburg,Hamburger SV,Fábio Vieira,5,3.959945078007877,43,24,✅ OPTIMALE (14j),Non renseigné (Auto),N/A
Bundesliga,2026-04-04,Hamburger SV vs Augsburg,Hamburger SV,Rayan Philippe,5,5.102377101778984,32,13,✅ OPTIMALE (14j),Non renseigné (Auto),N/A
Bundesliga,2026-04-04,Hamburger SV vs Augsburg,Hamburger SV,Luka Vuskovic,5,4.477153269574046,27,9,✅ OPTIMALE (14j),Non renseigné (Auto),N/A
Bundesliga,2026-04-04,Hamburger SV vs Augsburg,Hamburger SV,Jean-Luc Dompe,3,2.179867002181709,25,33,✅ OPTIMALE (14j),Non renseigné (Auto),N/A
Bundesliga,2026-04-04,Hamburger SV vs Augsburg,Hamburger SV,Miro Muheim,0,1.2573005352169275,21,37,✅ OPTIMALE (14j),Non renseigné (Auto),N/A
Bundesliga,2026-04-04,Hamburger SV vs Augsburg,Hamburger SV,Nicolás Capaldo,1,1.8536334233358502,16,11,✅ OPTIMALE (14j),Non renseigné (Auto),N/A
Bundesliga,2026-04-04,Hamburger SV vs Augsburg,Hamburger SV,Albert Sambi Lokonga,5,1.4439084362238646,15,20,✅ OPTIMALE (14j),Non renseigné (Auto),N/A
Bundesliga,2026-04-04,Hamburger SV vs Augsburg,Hamburger SV,Nicolai Remberg,0,1.0259372480213642,15,7,✅ OPTIMALE (14j),Non renseigné (Auto),N/A
Bundesliga,2026-04-04,Hamburger SV vs Augsburg,Hamburger SV,Giorgi Gocholeishvili,0,0.9689812874421477,13,9,✅ OPTIMALE (14j),Non renseigné (Auto),N/A
Bundesliga,2026-04-04,Hamburger SV vs Augsburg,Hamburger SV,William Mikelbrencis,0,1.2233750810846686,10,11,✅ OPTIMALE (14j),Non renseigné (Auto),N/A
Bundesliga,2026-04-04,Hamburger SV vs Augsburg,Hamburger SV,Robert Glatzel,1,1.2580250706523657,9,3,✅ OPTIMALE (14j),Non renseigné (Auto),N/A
Bundesliga,2026-04-04,Hamburger SV vs Augsburg,Hamburger SV,Yussuf Poulsen,1,0.6910383813083172,7,2,✅ OPTIMALE (14j),Non renseigné (Auto),N/A
Bundesliga,2026-04-04,Hamburger SV vs Augsburg,Hamburger SV,Damion Downs,0,0.4918728657066822,7,7,✅ OPTIMALE (14j),Non renseigné (Auto),N/A
Bundesliga,2026-04-04,Hamburger SV vs Augsburg,Hamburger SV,Bakery Jatta,0,0.6220819428563118,6,4,✅ OPTIMALE (14j),Non renseigné (Auto),N/A
Bundesliga,2026-04-04,Hamburger SV vs Augsburg,Hamburger SV,Philip Otele,1,0.7998729050159454,5,9,✅ OPTIMALE (14j),Non renseigné (Auto),N/A
Bundesliga,2026-04-04,Hamburger SV vs Augsburg,Hamburger SV,Fabio Baldé,0,0.4062047265470028,5,4,✅ OPTIMALE (14j),Non renseigné (Auto),N/A
Bundesliga,2026-04-04,Hamburger SV vs Augsburg,Hamburger SV,Daniel Elfadli,0,0.6049705110490322,4,2,✅ OPTIMALE (14j),Non renseigné (Auto),N/A
Bundesliga,2026-04-04,Hamburger SV vs Augsburg,Hamburger SV,Jordan Torunarigha,0,0.08443785086274147,3,1,✅ OPTIMALE (14j),Non renseigné (Auto),N/A
Bundesliga,2026-04-04,Hamburger SV vs Augsburg,Hamburger SV,Otto Stange,0,0.22518473863601685,3,0,✅ OPTIMALE (14j),Non renseigné (Auto),N/A
Bundesliga,2026-04-04,Hamburger SV vs Augsburg,Hamburger SV,Warmed Omari,0,0.04865051619708538,2,5,✅ OPTIMALE (14j),Non renseigné (Auto),N/A
Bundesliga,2026-04-04,Hamburger SV vs Augsburg,Hamburger SV,Alexander Røssing-Lelesiit,0,0.08903256431221962,2,5,✅ OPTIMALE (14j),Non renseigné (Auto),N/A
Bundesliga,2026-04-04,Hamburger SV vs Augsburg,Hamburger SV,Daniel Heuer Fernandes,0,0.12809063494205475,1,0,✅ OPTIMALE (14j),Non renseigné (Auto),N/A
Bundesliga,2026-04-04,Hamburger SV vs Augsburg,Hamburger SV,Immanuel Pherai,0,0.02896745502948761,1,0,✅ OPTIMALE (14j),Non renseigné (Auto),N/A
Bundesliga,2026-04-04,Hamburger SV vs Augsburg,Hamburger SV,Guilherme Ramos,0,0.12104368209838867,1,0,✅ OPTIMALE (14j),Non renseigné (Auto),N/A
Bundesliga,2026-04-04,Hamburger SV vs Augsburg,Hamburger SV,Jonas Meffert,0,0.0,0,2,✅ OPTIMALE (14j),Non renseigné (Auto),N/A
Bundesliga,2026-04-04,Hamburger SV vs Augsburg,Hamburger SV,Emir Sahiti,0,0.0,0,1,✅ OPTIMALE (14j),Non renseigné (Auto),N/A
Bundesliga,2026-04-04,Hamburger SV vs Augsburg,Hamburger SV,Aboubaka Soumahoro,0,0.0,0,1,✅ OPTIMALE (14j),Non renseigné (Auto),N/A
Bundesliga,2026-04-04,Hoffenheim vs Mainz 05,Hoffenheim,Fisnik Asllani,8,7.574554221704602,57,27,✅ OPTIMALE (15j),Non renseigné (Auto),N/A
Bundesliga,2026-04-04,Hoffenheim vs Mainz 05,Hoffenheim,Andrej Kramaric,10,9.46609241142869,52,31,✅ OPTIMALE (15j),Non renseigné (Auto),N/A
Bundesliga,2026-04-04,Hoffenheim vs Mainz 05,Hoffenheim,Tim Lemperle,7,6.828041722998023,39,21,✅ OPTIMALE (15j),Non renseigné (Auto),N/A
Bundesliga,2026-04-04,Hoffenheim vs Mainz 05,Hoffenheim,Grischa Prömel,7,4.9746057242155075,38,15,✅ OPTIMALE (15j),Non renseigné (Auto),N/A
Bundesliga,2026-04-04,Hoffenheim vs Mainz 05,Hoffenheim,Bazoumana Touré,2,3.9713587826117873,32,33,✅ OPTIMALE (15j),Non renseigné (Auto),N/A
Bundesliga,2026-04-04,Hoffenheim vs Mainz 05,Hoffenheim,Wouter Burger,4,3.3539092391729355,27,38,✅ OPTIMALE (15j),Non renseigné (Auto),N/A
Bundesliga,2026-04-04,Hoffenheim vs Mainz 05,Hoffenheim,Ozan Kabak,4,3.35003406368196,25,5,✅ OPTIMALE (15j),Non renseigné (Auto),N/A
Bundesliga,2026-04-04,Hoffenheim vs Mainz 05,Hoffenheim,Vladimir Coufal,1,0.7647872250527143,21,45,✅ OPTIMALE (15j),Non renseigné (Auto),N/A
Bundesliga,2026-04-04,Hoffenheim vs Mainz 05,Hoffenheim,Alexander Prass,3,1.576729103922844,16,16,✅ OPTIMALE (15j),Non renseigné (Auto),N/A
Bundesliga,2026-04-04,Hoffenheim vs Mainz 05,Hoffenheim,Albian Hajdari,1,1.7636657785624266,13,5,✅ OPTIMALE (15j),Non renseigné (Auto),N/A
Bundesliga,2026-04-04,Hoffenheim vs Mainz 05,Hoffenheim,Muhammed Damar,0,1.7655513063073158,12,11,✅ OPTIMALE (15j),Non renseigné (Auto),N/A
Bundesliga,2026-04-04,Hoffenheim vs Mainz 05,Hoffenheim,Leon Avdullahu,0,0.4837837256491184,12,17,✅ OPTIMALE (15j),Non renseigné (Auto),N/A
Bundesliga,2026-04-04,Hoffenheim vs Mainz 05,Hoffenheim,Bernardo,0,0.29895967058837414,7,6,✅ OPTIMALE (15j),Non renseigné (Auto),N/A
Bundesliga,2026-04-04,Hoffenheim vs Mainz 05,Hoffenheim,Robin Hranác,0,1.8047191724181175,7,3,✅ OPTIMALE (15j),Non renseigné (Auto),N/A
Bundesliga,2026-04-04,Hoffenheim vs Mainz 05,Hoffenheim,Max Moerstedt,2,1.1926478147506714,5,2,✅ OPTIMALE (15j),Non renseigné (Auto),N/A
Bundesliga,2026-04-04,Hoffenheim vs Mainz 05,Hoffenheim,Ihlas Bebou,0,0.6424789670854807,5,2,✅ OPTIMALE (15j),Non renseigné (Auto),N/A
Bundesliga,2026-04-04,Hoffenheim vs Mainz 05,Hoffenheim,Valentin Gendrey,1,0.3482030779123306,2,3,✅ OPTIMALE (15j),Non renseigné (Auto),N/A
Bundesliga,2026-04-04,Hoffenheim vs Mainz 05,Hoffenheim,Umut Tohumcu,0,0.08933279849588871,2,0,✅ OPTIMALE (15j),Non renseigné (Auto),N/A
Bundesliga,2026-04-04,Hoffenheim vs Mainz 05,Hoffenheim,Adam Hlozek,0,0.4251236915588379,1,0,✅ OPTIMALE (15j),Non renseigné (Auto),N/A
Bundesliga,2026-04-04,Hoffenheim vs Mainz 05,Hoffenheim,Arthur Chaves,0,0.013305079191923141,1,1,✅ OPTIMALE (15j),Non renseigné (Auto),N/A
Bundesliga,2026-04-04,Hoffenheim vs Mainz 05,Hoffenheim,Oliver Baumann,0,0.0,0,0,✅ OPTIMALE (15j),Non renseigné (Auto),N/A
Bundesliga,2026-04-04,Hoffenheim vs Mainz 05,Hoffenheim,Kevin Akpoguma,0,0.0,0,0,✅ OPTIMALE (15j),Non renseigné (Auto),N/A
Bundesliga,2026-04-04,Hoffenheim vs Mainz 05,Hoffenheim,Yannick Eduardo,0,0.0,0,0,✅ OPTIMALE (15j),Non renseigné (Auto),N/A
Bundesliga,2026-04-04,Hoffenheim vs Mainz 05,Hoffenheim,Cole Campbell,0,0.0,0,0,✅ OPTIMALE (15j),Non renseigné (Auto),N/A
Bundesliga,2026-04-04,Hoffenheim vs Mainz 05,Hoffenheim,Luka Djuric,0,0.0,0,0,✅ OPTIMALE (15j),Non renseigné (Auto),N/A
Bundesliga,2026-04-04,Hoffenheim vs Mainz 05,Hoffenheim,Koki Machida,0,0.0,0,0,✅ OPTIMALE (15j),Non renseigné (Auto),N/A
Bundesliga,2026-04-04,Hoffenheim vs Mainz 05,Mainz 05,Nadiem Amiri,10,7.3520552739501,39,47,✅ OPTIMALE (13j),Non renseigné (Auto),N/A
Bundesliga,2026-04-04,Hoffenheim vs Mainz 05,Mainz 05,Phillip Tietz,1,6.181815817952156,30,8,✅ OPTIMALE (13j),Non renseigné (Auto),N/A
Bundesliga,2026-04-04,Hoffenheim vs Mainz 05,Mainz 05,Jae-Sung Lee,4,3.8827443392947316,29,22,✅ OPTIMALE (13j),Non renseigné (Auto),N/A
Bundesliga,2026-04-04,Hoffenheim vs Mainz 05,Mainz 05,Paul Nebel,4,3.7080252841115,22,31,✅ OPTIMALE (13j),Non renseigné (Auto),N/A
Bundesliga,2026-04-04,Hoffenheim vs Mainz 05,Mainz 05,Benedict Hollerbach,1,2.9790893960744143,22,4,✅ OPTIMALE (13j),Non renseigné (Auto),N/A
Bundesliga,2026-04-04,Hoffenheim vs Mainz 05,Mainz 05,Silvan Widmer,2,2.5333029814064503,17,5,✅ OPTIMALE (13j),Non renseigné (Auto),N/A
Bundesliga,2026-04-04,Hoffenheim vs Mainz 05,Mainz 05,Kaishu Sano,1,1.0115436129271984,16,19,✅ OPTIMALE (13j),Non renseigné (Auto),N/A
Bundesliga,2026-04-04,Hoffenheim vs Mainz 05,Mainz 05,Armindo Sieb,2,2.710621727630496,14,6,✅ OPTIMALE (13j),Non renseigné (Auto),N/A
Bundesliga,2026-04-04,Hoffenheim vs Mainz 05,Mainz 05,Arnaud Nordin,0,0.7219278290867805,13,2,✅ OPTIMALE (13j),Non renseigné (Auto),N/A
Bundesliga,2026-04-04,Hoffenheim vs Mainz 05,Mainz 05,Stefan Bell,2,1.840271808207035,12,5,✅ OPTIMALE (13j),Non renseigné (Auto),N/A
Bundesliga,2026-04-04,Hoffenheim vs Mainz 05,Mainz 05,Nelson Weiper,0,2.695963144302368,12,6,✅ OPTIMALE (13j),Non renseigné (Auto),N/A
Bundesliga,2026-04-04,Hoffenheim vs Mainz 05,Mainz 05,Danny da Costa,2,2.261965313926339,11,15,✅ OPTIMALE (13j),Non renseigné (Auto),N/A
Bundesliga,2026-04-04,Hoffenheim vs Mainz 05,Mainz 05,Sheraldo Becker,1,1.5014495998620987,11,10,✅ OPTIMALE (13j),Non renseigné (Auto),N/A
Bundesliga,2026-04-04,Hoffenheim vs Mainz 05,Mainz 05,Dominik Kohr,1,1.2369884476065636,9,7,✅ OPTIMALE (13j),Non renseigné (Auto),N/A
Bundesliga,2026-04-04,Hoffenheim vs Mainz 05,Mainz 05,Kacper Potulski,1,1.5141763016581535,9,2,✅ OPTIMALE (13j),Non renseigné (Auto),N/A
Bundesliga,2026-04-04,Hoffenheim vs Mainz 05,Mainz 05,Silas Wamangituka,1,2.3329260647296906,8,3,✅ OPTIMALE (13j),Non renseigné (Auto),N/A
Bundesliga,2026-04-04,Hoffenheim vs Mainz 05,Mainz 05,Philipp Mwene,0,0.8796208277344704,6,12,✅ OPTIMALE (13j),Non renseigné (Auto),N/A
Bundesliga,2026-04-04,Hoffenheim vs Mainz 05,Mainz 05,Andreas Hanche-Olsen,0,0.23574959114193916,6,3,✅ OPTIMALE (13j),Non renseigné (Auto),N/A
Bundesliga,2026-04-04,Hoffenheim vs Mainz 05,Mainz 05,Stefan Posch,0,0.21692540403455496,5,4,✅ OPTIMALE (13j),Non renseigné (Auto),N/A
Bundesliga,2026-04-04,Hoffenheim vs Mainz 05,Mainz 05,Anthony Caci,0,0.22836721688508987,5,6,✅ OPTIMALE (13j),Non renseigné (Auto),N/A
Bundesliga,2026-04-04,Hoffenheim vs Mainz 05,Mainz 05,Lennard Maloney,0,0.4786199890077114,3,1,✅ OPTIMALE (13j),Non renseigné (Auto),N/A
Bundesliga,2026-04-04,Hoffenheim vs Mainz 05,Mainz 05,Nikolas Veratschnig,0,0.12270497065037489,3,3,✅ OPTIMALE (13j),Non renseigné (Auto),N/A
Bundesliga,2026-04-04,Hoffenheim vs Mainz 05,Mainz 05,Maxim Leitsch,0,0.02450724132359028,1,0,✅ OPTIMALE (13j),Non renseigné (Auto),N/A
Bundesliga,2026-04-04,Hoffenheim vs Mainz 05,Mainz 05,Sota Kawasaki,0,0.04572444409132004,1,0,✅ OPTIMALE (13j),Non renseigné (Auto),N/A
Bundesliga,2026-04-04,Hoffenheim vs Mainz 05,Mainz 05,William Bøving,0,0.01329879555851221,1,3,✅ OPTIMALE (13j),Non renseigné (Auto),N/A
Bundesliga,2026-04-04,Hoffenheim vs Mainz 05,Mainz 05,Fabio Moreno Fell,0,0.051751505583524704,1,0,✅ OPTIMALE (13j),Non renseigné (Auto),N/A
Bundesliga,2026-04-04,Hoffenheim vs Mainz 05,Mainz 05,Robin Zentner,0,0.0,0,0,✅ OPTIMALE (13j),Non renseigné (Auto),N/A
Bundesliga,2026-04-04,Hoffenheim vs Mainz 05,Mainz 05,Ben Bobzien,0,0.0,0,0,✅ OPTIMALE (13j),Non renseigné (Auto),N/A
Bundesliga,2026-04-04,Hoffenheim vs Mainz 05,Mainz 05,Lasse Rieß,0,0.0,0,0,✅ OPTIMALE (13j),Non renseigné (Auto),N/A
Bundesliga,2026-04-04,Hoffenheim vs Mainz 05,Mainz 05,Daniel Batz,0,0.0,0,0,✅ OPTIMALE (13j),Non renseigné (Auto),N/A
Serie_A,2026-04-04,Inter vs Roma,Inter,Lautaro Martínez,14,14.574753515422344,83,32,✅ OPTIMALE (13j),Non renseigné (Auto),N/A
Serie_A,2026-04-04,Inter vs Roma,Inter,Marcus Thuram,7,8.905336204916239,58,23,✅ OPTIMALE (13j),Non renseigné (Auto),N/A
Serie_A,2026-04-04,Inter vs Roma,Inter,Federico Dimarco,6,6.17091453447938,57,76,✅ OPTIMALE (13j),Non renseigné (Auto),N/A
Serie_A,2026-04-04,Inter vs Roma,Inter,Francesco Pio Esposito,6,9.031466560438275,49,16,✅ OPTIMALE (13j),Non renseigné (Auto),N/A
Serie_A,2026-04-04,Inter vs Roma,Inter,Hakan Calhanoglu,8,5.023795718327165,45,37,✅ OPTIMALE (13j),Non renseigné (Auto),N/A
Serie_A,2026-04-04,Inter vs Roma,Inter,Henrikh Mkhitaryan,2,3.9772362001240253,35,17,✅ OPTIMALE (13j),Non renseigné (Auto),N/A
Serie_A,2026-04-04,Inter vs Roma,Inter,Nicolò Barella,1,2.898268112912774,27,62,✅ OPTIMALE (13j),Non renseigné (Auto),N/A
Serie_A,2026-04-04,Inter vs Roma,Inter,Piotr Zielinski,5,1.858990939334035,23,25,✅ OPTIMALE (13j),Non renseigné (Auto),N/A
Serie_A,2026-04-04,Inter vs Roma,Inter,Yann Bisseck,2,2.366162436082959,22,8,✅ OPTIMALE (13j),Non renseigné (Auto),N/A
Serie_A,2026-04-04,Inter vs Roma,Inter,Manuel Akanji,2,2.2031501941382885,22,5,✅ OPTIMALE (13j),Non renseigné (Auto),N/A
Serie_A,2026-04-04,Inter vs Roma,Inter,Ange-Yoan Bonny,5,3.9196958746761084,19,13,✅ OPTIMALE (13j),Non renseigné (Auto),N/A
Serie_A,2026-04-04,Inter vs Roma,Inter,Petar Sucic,1,1.9561552703380585,18,22,✅ OPTIMALE (13j),Non renseigné (Auto),N/A
Serie_A,2026-04-04,Inter vs Roma,Inter,Alessandro Bastoni,1,1.6497777961194515,16,23,✅ OPTIMALE (13j),Non renseigné (Auto),N/A
Serie_A,2026-04-04,Inter vs Roma,Inter,Luis Henrique,1,1.0236223861575127,14,21,✅ OPTIMALE (13j),Non renseigné (Auto),N/A
Serie_A,2026-04-04,Inter vs Roma,Inter,Carlos Augusto,1,1.6097844615578651,13,11,✅ OPTIMALE (13j),Non renseigné (Auto),N/A
Serie_A,2026-04-04,Inter vs Roma,Inter,Davide Frattesi,0,1.9305415898561478,13,4,✅ OPTIMALE (13j),Non renseigné (Auto),N/A
Serie_A,2026-04-04,Inter vs Roma,Inter,Denzel Dumfries,1,2.3977499287575483,12,12,✅ OPTIMALE (13j),Non renseigné (Auto),N/A
Serie_A,2026-04-04,Inter vs Roma,Inter,Stefan de Vrij,0,0.31114134658128023,5,1,✅ OPTIMALE (13j),Non renseigné (Auto),N/A
Serie_A,2026-04-04,Inter vs Roma,Inter,Andy Diouf,0,0.3741707131266594,5,9,✅ OPTIMALE (13j),Non renseigné (Auto),N/A
Serie_A,2026-04-04,Inter vs Roma,Inter,Francesco Acerbi,0,0.370837839320302,3,3,✅ OPTIMALE (13j),Non renseigné (Auto),N/A
Serie_A,2026-04-04,Inter vs Roma,Inter,Benjamin Pavard,0,0.04614909365773201,1,1,✅ OPTIMALE (13j),Non renseigné (Auto),N/A
Serie_A,2026-04-04,Inter vs Roma,Inter,Yann Sommer,0,0.0,0,0,✅ OPTIMALE (13j),Non renseigné (Auto),N/A
Serie_A,2026-04-04,Inter vs Roma,Inter,Matteo Darmian,0,0.0,0,0,✅ OPTIMALE (13j),Non renseigné (Auto),N/A
Serie_A,2026-04-04,Inter vs Roma,Inter,Josep Martínez,0,0.0,0,0,✅ OPTIMALE (13j),Non renseigné (Auto),N/A
Serie_A,2026-04-04,Inter vs Roma,Inter,Matteo Lavelli,0,0.0,0,0,✅ OPTIMALE (13j),Non renseigné (Auto),N/A
Serie_A,2026-04-04,Inter vs Roma,Roma,Donyell Malen,7,7.696999326348305,43,2,✅ OPTIMALE (13j),Non renseigné (Auto),N/A
Serie_A,2026-04-04,Inter vs Roma,Roma,Matìas Soulè Malvano,6,3.7469464000314474,42,34,✅ OPTIMALE (13j),Non renseigné (Auto),N/A
Serie_A,2026-04-04,Inter vs Roma,Roma,Bryan Cristante,2,2.076498388312757,37,23,✅ OPTIMALE (13j),Non renseigné (Auto),N/A
Serie_A,2026-04-04,Inter vs Roma,Roma,Paulo Dybala,2,5.446348372846842,36,40,✅ OPTIMALE (13j),Non renseigné (Auto),N/A
Serie_A,2026-04-04,Inter vs Roma,Roma,Lorenzo Pellegrini,3,4.5848686043173075,29,28,✅ OPTIMALE (13j),Non renseigné (Auto),N/A
Serie_A,2026-04-04,Inter vs Roma,Roma,Evan Ferguson,3,3.4807619526982307,26,15,✅ OPTIMALE (13j),Non renseigné (Auto),N/A
Serie_A,2026-04-04,Inter vs Roma,Roma,Wesley,4,2.3235203810036182,22,27,✅ OPTIMALE (13j),Non renseigné (Auto),N/A
Serie_A,2026-04-04,Inter vs Roma,Roma,Kouadio Kone,2,1.9376755431294441,21,24,✅ OPTIMALE (13j),Non renseigné (Auto),N/A
Serie_A,2026-04-04,Inter vs Roma,Roma,Evan Ndicka,3,2.2063370011746883,18,6,✅ OPTIMALE (13j),Non renseigné (Auto),N/A
Serie_A,2026-04-04,Inter vs Roma,Roma,Mehmet Zeki Çelik,1,1.3159585446119308,18,18,✅ OPTIMALE (13j),Non renseigné (Auto),N/A
Serie_A,2026-04-04,Inter vs Roma,Roma,Gianluca Mancini,0,0.9570232704281807,15,20,✅ OPTIMALE (13j),Non renseigné (Auto),N/A
Serie_A,2026-04-04,Inter vs Roma,Roma,Stephan El Shaarawy,0,1.3363066464662552,13,8,✅ OPTIMALE (13j),Non renseigné (Auto),N/A
Serie_A,2026-04-04,Inter vs Roma,Roma,Niccolò Pisilli,1,1.3745494149625301,12,8,✅ OPTIMALE (13j),Non renseigné (Auto),N/A
Serie_A,2026-04-04,Inter vs Roma,Roma,Tommaso Baldanzi,1,1.3537424206733704,11,5,✅ OPTIMALE (13j),Non renseigné (Auto),N/A
Serie_A,2026-04-04,Inter vs Roma,Roma,Artem Dovbyk,3,2.87838901206851,10,11,✅ OPTIMALE (13j),Non renseigné (Auto),N/A
Serie_A,2026-04-04,Inter vs Roma,Roma,Mario Hermoso,1,0.8410026896744967,9,9,✅ OPTIMALE (13j),Non renseigné (Auto),N/A
Serie_A,2026-04-04,Inter vs Roma,Roma,Konstantinos Tsimikas,0,0.5282826032489538,6,2,✅ OPTIMALE (13j),Non renseigné (Auto),N/A
Serie_A,2026-04-04,Inter vs Roma,Roma,Robinio Vaz,1,0.6552822887897491,5,0,✅ OPTIMALE (13j),Non renseigné (Auto),N/A
Serie_A,2026-04-04,Inter vs Roma,Roma,Angelino,0,0.20628463849425316,4,5,✅ OPTIMALE (13j),Non renseigné (Auto),N/A
Serie_A,2026-04-04,Inter vs Roma,Roma,Neil El Aynaoui,0,0.16730844788253307,4,5,✅ OPTIMALE (13j),Non renseigné (Auto),N/A
Serie_A,2026-04-04,Inter vs Roma,Roma,Devyne Rensch,0,0.5006411662325263,4,4,✅ OPTIMALE (13j),Non renseigné (Auto),N/A
Serie_A,2026-04-04,Inter vs Roma,Roma,Leon Bailey,0,0.1348361037671566,3,2,✅ OPTIMALE (13j),Non renseigné (Auto),N/A
Serie_A,2026-04-04,Inter vs Roma,Roma,Lorenzo Venturino,0,0.1613813266158104,2,5,✅ OPTIMALE (13j),Non renseigné (Auto),N/A
Serie_A,2026-04-04,Inter vs Roma,Roma,Antonio Arena,0,0.17717944085597992,2,0,✅ OPTIMALE (13j),Non renseigné (Auto),N/A
Serie_A,2026-04-04,Inter vs Roma,Roma,Bryan Zaragoza,0,0.1814824938774109,1,4,✅ OPTIMALE (13j),Non renseigné (Auto),N/A
Serie_A,2026-04-04,Inter vs Roma,Roma,Daniele Ghilardi,0,0.3682742714881897,1,3,✅ OPTIMALE (13j),Non renseigné (Auto),N/A
Serie_A,2026-04-04,Inter vs Roma,Roma,Mile Svilar,0,0.0,0,0,✅ OPTIMALE (13j),Non renseigné (Auto),N/A
Serie_A,2026-04-04,Inter vs Roma,Roma,Alessandro Romano,0,0.0,0,0,✅ OPTIMALE (13j),Non renseigné (Auto),N/A
Serie_A,2026-04-04,Inter vs Roma,Roma,Jan Ziólkowski,0,0.0,0,1,✅ OPTIMALE (13j),Non renseigné (Auto),N/A
Serie_A,2026-04-04,Juventus vs Genoa,Genoa,Lorenzo Colombo,6,7.368872446939349,54,14,✅ OPTIMALE (15j),Non renseigné (Auto),N/A
Serie_A,2026-04-04,Juventus vs Genoa,Genoa,Vitinha,5,5.485856178216636,51,13,✅ OPTIMALE (15j),Non renseigné (Auto),N/A
Serie_A,2026-04-04,Juventus vs Genoa,Genoa,Ruslan Malinovskiy,5,4.0330296363681555,45,33,✅ OPTIMALE (15j),Non renseigné (Auto),N/A
Serie_A,2026-04-04,Juventus vs Genoa,Genoa,Caleb Ekuban,3,3.1866643987596035,24,11,✅ OPTIMALE (15j),Non renseigné (Auto),N/A
Serie_A,2026-04-04,Juventus vs Genoa,Genoa,Mikael Ellertsson,1,2.028130777180195,24,15,✅ OPTIMALE (15j),Non renseigné (Auto),N/A
Serie_A,2026-04-04,Juventus vs Genoa,Genoa,Johan Vásquez,0,1.2167105060070753,23,9,✅ OPTIMALE (15j),Non renseigné (Auto),N/A
Serie_A,2026-04-04,Juventus vs Genoa,Genoa,Leo Østigard,5,2.6975211296230555,18,8,✅ OPTIMALE (15j),Non renseigné (Auto),N/A
Serie_A,2026-04-04,Juventus vs Genoa,Genoa,Junior Messias,3,1.7149581965059042,16,4,✅ OPTIMALE (15j),Non renseigné (Auto),N/A
Serie_A,2026-04-04,Juventus vs Genoa,Genoa,Jeff Ekhator,2,2.579536233097315,15,5,✅ OPTIMALE (15j),Non renseigné (Auto),N/A
Serie_A,2026-04-04,Juventus vs Genoa,Genoa,Brooke Norton-Cuffy,2,2.006999369710684,15,21,✅ OPTIMALE (15j),Non renseigné (Auto),N/A
Serie_A,2026-04-04,Juventus vs Genoa,Genoa,Patrizio Masini,0,1.148725913837552,13,8,✅ OPTIMALE (15j),Non renseigné (Auto),N/A
Serie_A,2026-04-04,Juventus vs Genoa,Genoa,Morten Thorsby,2,1.5208306377753615,10,6,✅ OPTIMALE (15j),Non renseigné (Auto),N/A
Serie_A,2026-04-04,Juventus vs Genoa,Genoa,Morten Frendrup,1,0.27423396054655313,8,10,✅ OPTIMALE (15j),Non renseigné (Auto),N/A
Serie_A,2026-04-04,Juventus vs Genoa,Genoa,Aarón Martín,1,0.3767999019473791,6,57,✅ OPTIMALE (15j),Non renseigné (Auto),N/A
Serie_A,2026-04-04,Juventus vs Genoa,Genoa,Valentín Carboni,0,0.6554981181398034,6,4,✅ OPTIMALE (15j),Non renseigné (Auto),N/A
Serie_A,2026-04-04,Juventus vs Genoa,Genoa,Nicolae Stanciu,0,1.0953040271997452,5,2,✅ OPTIMALE (15j),Non renseigné (Auto),N/A
Serie_A,2026-04-04,Juventus vs Genoa,Genoa,Maxwel Cornet,0,1.429563120007515,4,5,✅ OPTIMALE (15j),Non renseigné (Auto),N/A
Serie_A,2026-04-04,Juventus vs Genoa,Genoa,Stefano Sabelli,0,0.2754324674606323,3,2,✅ OPTIMALE (15j),Non renseigné (Auto),N/A
Serie_A,2026-04-04,Juventus vs Genoa,Genoa,Alessandro Marcandalli,0,0.17312667332589626,3,7,✅ OPTIMALE (15j),Non renseigné (Auto),N/A
Serie_A,2026-04-04,Juventus vs Genoa,Genoa,Sebastian Otoa,0,0.0394859854131937,2,0,✅ OPTIMALE (15j),Non renseigné (Auto),N/A
Serie_A,2026-04-04,Juventus vs Genoa,Genoa,Alex Amorim,0,0.12713701650500298,2,1,✅ OPTIMALE (15j),Non renseigné (Auto),N/A
Serie_A,2026-04-04,Juventus vs Genoa,Genoa,Jean Onana,0,0.019550567492842674,1,1,✅ OPTIMALE (15j),Non renseigné (Auto),N/A
Serie_A,2026-04-04,Juventus vs Genoa,Genoa,Tommaso Baldanzi,0,0.07161366939544678,1,4,✅ OPTIMALE (15j),Non renseigné (Auto),N/A
Serie_A,2026-04-04,Juventus vs Genoa,Genoa,Albert Grønbæk,0,0.03885722905397415,1,2,✅ OPTIMALE (15j),Non renseigné (Auto),N/A
Serie_A,2026-04-04,Juventus vs Genoa,Genoa,Lorenzo Venturino,0,0.009564039297401905,1,1,✅ OPTIMALE (15j),Non renseigné (Auto),N/A
Serie_A,2026-04-04,Juventus vs Genoa,Genoa,Nicola Leali,0,0.0,0,2,✅ OPTIMALE (15j),Non renseigné (Auto),N/A
Serie_A,2026-04-04,Juventus vs Genoa,Genoa,Daniele Sommariva,0,0.0,0,0,✅ OPTIMALE (15j),Non renseigné (Auto),N/A
Serie_A,2026-04-04,Juventus vs Genoa,Genoa,Seydou Fini,0,0.0,0,1,✅ OPTIMALE (15j),Non renseigné (Auto),N/A
Serie_A,2026-04-04,Juventus vs Genoa,Genoa,Joi Nuredini,0,0.0,0,0,✅ OPTIMALE (15j),Non renseigné (Auto),N/A
Serie_A,2026-04-04,Juventus vs Genoa,Genoa,Justin Bijlow,0,0.0,0,0,✅ OPTIMALE (15j),Non renseigné (Auto),N/A
Serie_A,2026-04-04,Juventus vs Genoa,Genoa,Nils Zätterström,0,0.0,0,0,✅ OPTIMALE (15j),Non renseigné (Auto),N/A
Serie_A,2026-04-04,Juventus vs Genoa,Juventus,Kenan Yildiz,10,8.150473667308688,87,67,✅ OPTIMALE (14j),Non renseigné (Auto),N/A
Serie_A,2026-04-04,Juventus vs Genoa,Juventus,Francisco Conceição,3,5.628825683146715,51,24,✅ OPTIMALE (14j),Non renseigné (Auto),N/A
Serie_A,2026-04-04,Juventus vs Genoa,Juventus,Kephren Thuram,2,2.8041546484455466,40,20,✅ OPTIMALE (14j),Non renseigné (Auto),N/A
Serie_A,2026-04-04,Juventus vs Genoa,Juventus,Weston McKennie,4,6.504627022892237,37,36,✅ OPTIMALE (14j),Non renseigné (Auto),N/A
Serie_A,2026-04-04,Juventus vs Genoa,Juventus,Jonathan Christian David,5,10.766088856384158,35,29,✅ OPTIMALE (14j),Non renseigné (Auto),N/A
Serie_A,2026-04-04,Juventus vs Genoa,Juventus,Manuel Locatelli,1,1.9922326682135463,34,36,✅ OPTIMALE (14j),Non renseigné (Auto),N/A
Serie_A,2026-04-04,Juventus vs Genoa,Juventus,Dusan Vlahovic,3,4.618957936763763,30,7,✅ OPTIMALE (14j),Non renseigné (Auto),N/A
Serie_A,2026-04-04,Juventus vs Genoa,Juventus,Teun Koopmeiners,0,1.7667940743267536,27,15,✅ OPTIMALE (14j),Non renseigné (Auto),N/A
Serie_A,2026-04-04,Juventus vs Genoa,Juventus,Loïs Openda,1,3.6466977363452315,25,8,✅ OPTIMALE (14j),Non renseigné (Auto),N/A
Serie_A,2026-04-04,Juventus vs Genoa,Juventus,Andrea Cambiaso,3,2.636385602876544,21,44,✅ OPTIMALE (14j),Non renseigné (Auto),N/A
Serie_A,2026-04-04,Juventus vs Genoa,Juventus,Fabio Miretti,1,1.5747880320996046,16,10,✅ OPTIMALE (14j),Non renseigné (Auto),N/A
Serie_A,2026-04-04,Juventus vs Genoa,Juventus,Jeremie Boga,3,2.7499061580747366,14,8,✅ OPTIMALE (14j),Non renseigné (Auto),N/A
Serie_A,2026-04-04,Juventus vs Genoa,Juventus,Edon Zhegrova,0,0.4802727233618498,14,9,✅ OPTIMALE (14j),Non renseigné (Auto),N/A
Serie_A,2026-04-04,Juventus vs Genoa,Juventus,Federico Gatti,2,1.5057558212429285,12,2,✅ OPTIMALE (14j),Non renseigné (Auto),N/A
Serie_A,2026-04-04,Juventus vs Genoa,Juventus,Lloyd Kelly,1,0.5868196794763207,12,6,✅ OPTIMALE (14j),Non renseigné (Auto),N/A
Serie_A,2026-04-04,Juventus vs Genoa,Juventus,Bremer,3,1.869823514483869,11,8,✅ OPTIMALE (14j),Non renseigné (Auto),N/A
Serie_A,2026-04-04,Juventus vs Genoa,Juventus,Pierre Kalulu Kyatengwa,1,1.0853796228766441,10,34,✅ OPTIMALE (14j),Non renseigné (Auto),N/A
Serie_A,2026-04-04,Juventus vs Genoa,Juventus,Filip Kostic,3,0.6743299197405577,9,10,✅ OPTIMALE (14j),Non renseigné (Auto),N/A
Serie_A,2026-04-04,Juventus vs Genoa,Juventus,Vasilije Adzic,1,0.22699675429612398,6,4,✅ OPTIMALE (14j),Non renseigné (Auto),N/A
Serie_A,2026-04-04,Juventus vs Genoa,Juventus,Juan Cabal,2,1.079673127271235,5,2,✅ OPTIMALE (14j),Non renseigné (Auto),N/A
Serie_A,2026-04-04,Juventus vs Genoa,Juventus,João Mário,0,0.13705867901444435,3,3,✅ OPTIMALE (14j),Non renseigné (Auto),N/A
Serie_A,2026-04-04,Juventus vs Genoa,Juventus,Nicolás González,0,0.08179152198135853,2,1,✅ OPTIMALE (14j),Non renseigné (Auto),N/A
Serie_A,2026-04-04,Juventus vs Genoa,Juventus,Arkadiusz Milik,0,0.24782824516296387,1,0,✅ OPTIMALE (14j),Non renseigné (Auto),N/A
Serie_A,2026-04-04,Juventus vs Genoa,Juventus,Emil Holm,0,0.06088382005691528,1,0,✅ OPTIMALE (14j),Non renseigné (Auto),N/A
Serie_A,2026-04-04,Juventus vs Genoa,Juventus,Mattia Perin,0,0.0,0,1,✅ OPTIMALE (14j),Non renseigné (Auto),N/A
Serie_A,2026-04-04,Juventus vs Genoa,Juventus,Daniele Rugani,0,0.0,0,0,✅ OPTIMALE (14j),Non renseigné (Auto),N/A
Serie_A,2026-04-04,Juventus vs Genoa,Juventus,Michele Di Gregorio,0,0.0,0,0,✅ OPTIMALE (14j),Non renseigné (Auto),N/A
Serie_A,2026-04-04,Lazio vs Parma Calcio 1913,Lazio,Gustav Isaksen,4,4.171031994745135,40,14,✅ OPTIMALE (13j),Non renseigné (Auto),N/A
Serie_A,2026-04-04,Lazio vs Parma Calcio 1913,Lazio,Matteo Cancellieri,3,3.689160577952862,32,13,✅ OPTIMALE (13j),Non renseigné (Auto),N/A
Serie_A,2026-04-04,Lazio vs Parma Calcio 1913,Lazio,Mattia Zaccagni,3,4.754504917189479,30,28,✅ OPTIMALE (13j),Non renseigné (Auto),N/A
Serie_A,2026-04-04,Lazio vs Parma Calcio 1913,Lazio,Danilo Cataldi,3,2.712070008739829,26,21,✅ OPTIMALE (13j),Non renseigné (Auto),N/A
Serie_A,2026-04-04,Lazio vs Parma Calcio 1913,Lazio,Toma Basic,1,1.114882878959179,26,14,✅ OPTIMALE (13j),Non renseigné (Auto),N/A
Serie_A,2026-04-04,Lazio vs Parma Calcio 1913,Lazio,Valentín Castellanos,2,2.0615241527557373,20,8,✅ OPTIMALE (13j),Non renseigné (Auto),N/A
Serie_A,2026-04-04,Lazio vs Parma Calcio 1913,Lazio,Tijjani Noslin,2,2.3437381396070123,19,9,✅ OPTIMALE (13j),Non renseigné (Auto),N/A
Serie_A,2026-04-04,Lazio vs Parma Calcio 1913,Lazio,Pedro,3,2.0113909943029284,16,13,✅ OPTIMALE (13j),Non renseigné (Auto),N/A
Serie_A,2026-04-04,Lazio vs Parma Calcio 1913,Lazio,Matteo Guendouzi,2,1.22304982598871,16,15,✅ OPTIMALE (13j),Non renseigné (Auto),N/A
Serie_A,2026-04-04,Lazio vs Parma Calcio 1913,Lazio,Kenneth Taylor,3,1.9627008941024542,14,9,✅ OPTIMALE (13j),Non renseigné (Auto),N/A
Serie_A,2026-04-04,Lazio vs Parma Calcio 1913,Lazio,Adam Marusic,1,1.676746222190559,14,8,✅ OPTIMALE (13j),Non renseigné (Auto),N/A
Serie_A,2026-04-04,Lazio vs Parma Calcio 1913,Lazio,Boulaye Dia,1,2.6861117500811815,11,8,✅ OPTIMALE (13j),Non renseigné (Auto),N/A
Serie_A,2026-04-04,Lazio vs Parma Calcio 1913,Lazio,Daniel Maldini,1,1.2935680896043777,11,7,✅ OPTIMALE (13j),Non renseigné (Auto),N/A
Serie_A,2026-04-04,Lazio vs Parma Calcio 1913,Lazio,Mario Gila,0,1.1164315035566688,11,5,✅ OPTIMALE (13j),Non renseigné (Auto),N/A
Serie_A,2026-04-04,Lazio vs Parma Calcio 1913,Lazio,Nuno Tavares,0,0.3105700295418501,10,15,✅ OPTIMALE (13j),Non renseigné (Auto),N/A
Serie_A,2026-04-04,Lazio vs Parma Calcio 1913,Lazio,Matías Vecino,1,0.310302727855742,7,3,✅ OPTIMALE (13j),Non renseigné (Auto),N/A
Serie_A,2026-04-04,Lazio vs Parma Calcio 1913,Lazio,Alessio Romagnoli,0,1.4343700930476189,6,3,✅ OPTIMALE (13j),Non renseigné (Auto),N/A
Serie_A,2026-04-04,Lazio vs Parma Calcio 1913,Lazio,Luca Pellegrini,0,0.5136015443131328,5,13,✅ OPTIMALE (13j),Non renseigné (Auto),N/A
Serie_A,2026-04-04,Lazio vs Parma Calcio 1913,Lazio,Fisayo Dele-Bashiru,0,0.36036377400159836,5,7,✅ OPTIMALE (13j),Non renseigné (Auto),N/A
Serie_A,2026-04-04,Lazio vs Parma Calcio 1913,Lazio,Petar Ratkov,0,0.4612734653055668,5,1,✅ OPTIMALE (13j),Non renseigné (Auto),N/A
Serie_A,2026-04-04,Lazio vs Parma Calcio 1913,Lazio,Oliver Provstgaard,0,0.48203589394688606,3,3,✅ OPTIMALE (13j),Non renseigné (Auto),N/A
Serie_A,2026-04-04,Lazio vs Parma Calcio 1913,Lazio,Patric,0,0.0564758088439703,2,1,✅ OPTIMALE (13j),Non renseigné (Auto),N/A
Serie_A,2026-04-04,Lazio vs Parma Calcio 1913,Lazio,Manuel Lazzari,0,0.012183730490505695,1,2,✅ OPTIMALE (13j),Non renseigné (Auto),N/A
Serie_A,2026-04-04,Lazio vs Parma Calcio 1913,Lazio,Nicolo Rovella,0,0.01711762323975563,1,12,✅ OPTIMALE (13j),Non renseigné (Auto),N/A
Serie_A,2026-04-04,Lazio vs Parma Calcio 1913,Lazio,Reda Belahyane,0,0.12286441773176193,1,5,✅ OPTIMALE (13j),Non renseigné (Auto),N/A
Serie_A,2026-04-04,Lazio vs Parma Calcio 1913,Lazio,Elseid Hysaj,0,0.0,0,0,✅ OPTIMALE (13j),Non renseigné (Auto),N/A
Serie_A,2026-04-04,Lazio vs Parma Calcio 1913,Lazio,Ivan Provedel,0,0.0,0,1,✅ OPTIMALE (13j),Non renseigné (Auto),N/A
Serie_A,2026-04-04,Lazio vs Parma Calcio 1913,Lazio,Edoardo Motta,0,0.0,0,1,✅ OPTIMALE (13j),Non renseigné (Auto),N/A
Serie_A,2026-04-04,Lazio vs Parma Calcio 1913,Parma Calcio 1913,Mateo Pellegrino,8,9.063418463803828,64,18,✅ OPTIMALE (14j),Non renseigné (Auto),N/A
Serie_A,2026-04-04,Lazio vs Parma Calcio 1913,Parma Calcio 1913,Adrián Bernabé,3,2.5368833746761084,46,49,✅ OPTIMALE (14j),Non renseigné (Auto),N/A
Serie_A,2026-04-04,Lazio vs Parma Calcio 1913,Parma Calcio 1913,Patrick Cutrone,1,3.271421535871923,25,3,✅ OPTIMALE (14j),Non renseigné (Auto),N/A
Serie_A,2026-04-04,Lazio vs Parma Calcio 1913,Parma Calcio 1913,Gaetano Oristanio,1,2.3994482420384884,23,10,✅ OPTIMALE (14j),Non renseigné (Auto),N/A
Serie_A,2026-04-04,Lazio vs Parma Calcio 1913,Parma Calcio 1913,Jacob Ondrejka,0,1.423084044829011,20,5,✅ OPTIMALE (14j),Non renseigné (Auto),N/A
Serie_A,2026-04-04,Lazio vs Parma Calcio 1913,Parma Calcio 1913,Emanuele Valeri,0,0.3772185733541846,17,42,✅ OPTIMALE (14j),Non renseigné (Auto),N/A
Serie_A,2026-04-04,Lazio vs Parma Calcio 1913,Parma Calcio 1913,Lautaro Valenti,0,0.4092920050024986,16,10,✅ OPTIMALE (14j),Non renseigné (Auto),N/A
Serie_A,2026-04-04,Lazio vs Parma Calcio 1913,Parma Calcio 1913,Enrico Del Prato,1,2.0670492574572563,15,6,✅ OPTIMALE (14j),Non renseigné (Auto),N/A
Serie_A,2026-04-04,Lazio vs Parma Calcio 1913,Parma Calcio 1913,Oliver Sørensen,1,2.032379439100623,14,7,✅ OPTIMALE (14j),Non renseigné (Auto),N/A
Serie_A,2026-04-04,Lazio vs Parma Calcio 1913,Parma Calcio 1913,Gabriel Strefezza,0,0.395377179607749,13,8,✅ OPTIMALE (14j),Non renseigné (Auto),N/A
Serie_A,2026-04-04,Lazio vs Parma Calcio 1913,Parma Calcio 1913,Sascha Britschgi,0,0.40998667664825916,13,16,✅ OPTIMALE (14j),Non renseigné (Auto),N/A
Serie_A,2026-04-04,Lazio vs Parma Calcio 1913,Parma Calcio 1913,Mandela Keita,0,0.23503503389656544,12,11,✅ OPTIMALE (14j),Non renseigné (Auto),N/A
Serie_A,2026-04-04,Lazio vs Parma Calcio 1913,Parma Calcio 1913,Nahuel Estévez,0,0.6303743990138173,9,9,✅ OPTIMALE (14j),Non renseigné (Auto),N/A
Serie_A,2026-04-04,Lazio vs Parma Calcio 1913,Parma Calcio 1913,Adrian Benedyczak,1,1.9938557110726833,8,9,✅ OPTIMALE (14j),Non renseigné (Auto),N/A
Serie_A,2026-04-04,Lazio vs Parma Calcio 1913,Parma Calcio 1913,Mariano Troilo,1,0.8737117238342762,7,6,✅ OPTIMALE (14j),Non renseigné (Auto),N/A
Serie_A,2026-04-04,Lazio vs Parma Calcio 1913,Parma Calcio 1913,Hans Nicolussi Caviglia,0,0.3270249739289284,7,5,✅ OPTIMALE (14j),Non renseigné (Auto),N/A
Serie_A,2026-04-04,Lazio vs Parma Calcio 1913,Parma Calcio 1913,Christian Ordóñez,1,0.25712115969508886,6,2,✅ OPTIMALE (14j),Non renseigné (Auto),N/A
Serie_A,2026-04-04,Lazio vs Parma Calcio 1913,Parma Calcio 1913,Alessandro Circati,1,0.5512313488870859,5,7,✅ OPTIMALE (14j),Non renseigné (Auto),N/A
Serie_A,2026-04-04,Lazio vs Parma Calcio 1913,Parma Calcio 1913,Milan Djuric,0,0.10801726207137108,4,1,✅ OPTIMALE (14j),Non renseigné (Auto),N/A
Serie_A,2026-04-04,Lazio vs Parma Calcio 1913,Parma Calcio 1913,Niakhate Ndiaye,0,0.21532265469431877,4,1,✅ OPTIMALE (14j),Non renseigné (Auto),N/A
Serie_A,2026-04-04,Lazio vs Parma Calcio 1913,Parma Calcio 1913,Pontus Almqvist,0,0.2460934966802597,3,8,✅ OPTIMALE (14j),Non renseigné (Auto),N/A
Serie_A,2026-04-04,Lazio vs Parma Calcio 1913,Parma Calcio 1913,Mathias Løvik,0,0.17995419446378946,3,2,✅ OPTIMALE (14j),Non renseigné (Auto),N/A
Serie_A,2026-04-04,Lazio vs Parma Calcio 1913,Parma Calcio 1913,Hernani,0,0.03572908416390419,1,1,✅ OPTIMALE (14j),Non renseigné (Auto),N/A
Serie_A,2026-04-04,Lazio vs Parma Calcio 1913,Parma Calcio 1913,Benjamín Cremaschi,0,0.01805051788687706,1,1,✅ OPTIMALE (14j),Non renseigné (Auto),N/A
Serie_A,2026-04-04,Lazio vs Parma Calcio 1913,Parma Calcio 1913,Edoardo Corvi,0,0.0,0,0,✅ OPTIMALE (14j),Non renseigné (Auto),N/A
Serie_A,2026-04-04,Lazio vs Parma Calcio 1913,Parma Calcio 1913,Filippo Rinaldi,0,0.0,0,0,✅ OPTIMALE (14j),Non renseigné (Auto),N/A
Serie_A,2026-04-04,Lazio vs Parma Calcio 1913,Parma Calcio 1913,Franco Ezequiel Carboni,0,0.0,0,0,✅ OPTIMALE (14j),Non renseigné (Auto),N/A
Serie_A,2026-04-04,Lazio vs Parma Calcio 1913,Parma Calcio 1913,Zion Suzuki,0,0.0,0,0,✅ OPTIMALE (14j),Non renseigné (Auto),N/A
Serie_A,2026-04-04,Lazio vs Parma Calcio 1913,Parma Calcio 1913,Tjas Begic,0,0.0,0,0,✅ OPTIMALE (14j),Non renseigné (Auto),N/A
Serie_A,2026-04-04,Lazio vs Parma Calcio 1913,Parma Calcio 1913,Nesta Elphege,0,0.0,0,1,✅ OPTIMALE (14j),Non renseigné (Auto),N/A
Ligue_1,2026-04-05,Le Havre vs Auxerre,Auxerre,Lassine Sinayoko,6,9.853414468467236,66,28,✅ OPTIMALE (15j),Non renseigné (Auto),N/A
Ligue_1,2026-04-05,Le Havre vs Auxerre,Auxerre,Danny Namaso,3,6.474966999143362,54,27,✅ OPTIMALE (15j),Non renseigné (Auto),N/A
Ligue_1,2026-04-05,Le Havre vs Auxerre,Auxerre,Sékou Mara,0,1.6350818276405334,24,6,✅ OPTIMALE (15j),Non renseigné (Auto),N/A
Ligue_1,2026-04-05,Le Havre vs Auxerre,Auxerre,Kévin Danois,2,1.674341183155775,21,44,✅ OPTIMALE (15j),Non renseigné (Auto),N/A
Ligue_1,2026-04-05,Le Havre vs Auxerre,Auxerre,Josué Casimir,1,2.7186045553535223,21,9,✅ OPTIMALE (15j),Non renseigné (Auto),N/A
Ligue_1,2026-04-05,Le Havre vs Auxerre,Auxerre,Ibrahim Osman,0,1.9371187165379524,18,7,✅ OPTIMALE (15j),Non renseigné (Auto),N/A
Ligue_1,2026-04-05,Le Havre vs Auxerre,Auxerre,Marvin Senaya,1,1.3491626419126987,13,5,✅ OPTIMALE (15j),Non renseigné (Auto),N/A
Ligue_1,2026-04-05,Le Havre vs Auxerre,Auxerre,Fredrik Oppegård,0,0.4826142154633999,9,10,✅ OPTIMALE (15j),Non renseigné (Auto),N/A
Ligue_1,2026-04-05,Le Havre vs Auxerre,Auxerre,Francisco Sierralta,1,0.7252583894878626,7,1,✅ OPTIMALE (15j),Non renseigné (Auto),N/A
Ligue_1,2026-04-05,Le Havre vs Auxerre,Auxerre,Lamine Sy,0,0.747686455026269,7,9,✅ OPTIMALE (15j),Non renseigné (Auto),N/A
Ligue_1,2026-04-05,Le Havre vs Auxerre,Auxerre,Romain Faivre,0,0.2263171225786209,6,4,✅ OPTIMALE (15j),Non renseigné (Auto),N/A
Ligue_1,2026-04-05,Le Havre vs Auxerre,Auxerre,Clément Akpa,0,0.23579978570342064,6,9,✅ OPTIMALE (15j),Non renseigné (Auto),N/A
Ligue_1,2026-04-05,Le Havre vs Auxerre,Auxerre,Bryan Okoh,2,0.8278331607580185,5,3,✅ OPTIMALE (15j),Non renseigné (Auto),N/A
Ligue_1,2026-04-05,Le Havre vs Auxerre,Auxerre,Oussama El Azzouzi,1,0.6952410852536559,5,9,✅ OPTIMALE (15j),Non renseigné (Auto),N/A
Ligue_1,2026-04-05,Le Havre vs Auxerre,Auxerre,Sinaly Diomande,1,1.5240850299596786,4,4,✅ OPTIMALE (15j),Non renseigné (Auto),N/A
Ligue_1,2026-04-05,Le Havre vs Auxerre,Auxerre,Assane Diousse,0,0.15603983029723167,4,3,✅ OPTIMALE (15j),Non renseigné (Auto),N/A
Ligue_1,2026-04-05,Le Havre vs Auxerre,Auxerre,Elisha Owusu,0,0.08178111258894205,4,9,✅ OPTIMALE (15j),Non renseigné (Auto),N/A
Ligue_1,2026-04-05,Le Havre vs Auxerre,Auxerre,Naouirou Ahamada,0,0.29207031428813934,4,5,✅ OPTIMALE (15j),Non renseigné (Auto),N/A
Ligue_1,2026-04-05,Le Havre vs Auxerre,Auxerre,Rudy Matondo,0,0.2253648042678833,4,2,✅ OPTIMALE (15j),Non renseigné (Auto),N/A
Ligue_1,2026-04-05,Le Havre vs Auxerre,Auxerre,Lasso Coulibaly,0,0.2644320409744978,3,3,✅ OPTIMALE (15j),Non renseigné (Auto),N/A
Ligue_1,2026-04-05,Le Havre vs Auxerre,Auxerre,Gideon Mensah,0,0.01311845239251852,1,13,✅ OPTIMALE (15j),Non renseigné (Auto),N/A
Ligue_1,2026-04-05,Le Havre vs Auxerre,Auxerre,Telli Siwe,0,0.01858360320329666,1,1,✅ OPTIMALE (15j),Non renseigné (Auto),N/A
Ligue_1,2026-04-05,Le Havre vs Auxerre,Auxerre,Donovan Léon,0,0.0,0,1,✅ OPTIMALE (15j),Non renseigné (Auto),N/A
Ligue_1,2026-04-05,Le Havre vs Auxerre,Auxerre,Théo De Percin,0,0.0,0,0,✅ OPTIMALE (15j),Non renseigné (Auto),N/A
Ligue_1,2026-04-05,Le Havre vs Auxerre,Auxerre,Gabriel Osho,0,0.0,0,0,✅ OPTIMALE (15j),Non renseigné (Auto),N/A
Ligue_1,2026-04-05,Le Havre vs Auxerre,Auxerre,Theo Bair,0,0.0,0,0,✅ OPTIMALE (15j),Non renseigné (Auto),N/A
Ligue_1,2026-04-05,Le Havre vs Auxerre,Auxerre,Ryan Rodin,0,0.0,0,0,✅ OPTIMALE (15j),Non renseigné (Auto),N/A
Ligue_1,2026-04-05,Le Havre vs Auxerre,Auxerre,Tidiane Devernois,0,0.0,0,2,✅ OPTIMALE (15j),Non renseigné (Auto),N/A
Ligue_1,2026-04-05,Le Havre vs Auxerre,Auxerre,Yvan Zaddy,0,0.0,0,0,✅ OPTIMALE (15j),Non renseigné (Auto),N/A
Ligue_1,2026-04-05,Le Havre vs Auxerre,Auxerre,Mamoudou Cissokho,0,0.0,0,0,✅ OPTIMALE (15j),Non renseigné (Auto),N/A
Ligue_1,2026-04-05,Le Havre vs Auxerre,Le Havre,Issa Soumaré,6,10.657758167944849,62,22,✅ OPTIMALE (14j),Non renseigné (Auto),N/A
Ligue_1,2026-04-05,Le Havre vs Auxerre,Le Havre,Mbwana Samatta,0,4.120310535654426,31,14,✅ OPTIMALE (14j),Non renseigné (Auto),N/A
Ligue_1,2026-04-05,Le Havre vs Auxerre,Le Havre,Rassoul Ndiaye,4,2.7982117664068937,27,24,✅ OPTIMALE (14j),Non renseigné (Auto),N/A
Ligue_1,2026-04-05,Le Havre vs Auxerre,Le Havre,Yassine Kechta,1,1.3131993394345045,17,11,✅ OPTIMALE (14j),Non renseigné (Auto),N/A
Ligue_1,2026-04-05,Le Havre vs Auxerre,Le Havre,Simon Ebonog,0,1.2917916364967823,17,5,✅ OPTIMALE (14j),Non renseigné (Auto),N/A
Ligue_1,2026-04-05,Le Havre vs Auxerre,Le Havre,Fodé Doucouré,2,1.2434498006477952,16,14,✅ OPTIMALE (14j),Non renseigné (Auto),N/A
Ligue_1,2026-04-05,Le Havre vs Auxerre,Le Havre,Loïc Négo,0,0.5308519587852061,16,14,✅ OPTIMALE (14j),Non renseigné (Auto),N/A
Ligue_1,2026-04-05,Le Havre vs Auxerre,Le Havre,Ayumu Seko,0,0.8750335117802024,14,9,✅ OPTIMALE (14j),Non renseigné (Auto),N/A
Ligue_1,2026-04-05,Le Havre vs Auxerre,Le Havre,Abdoulaye Touré,2,1.529643937945366,13,3,✅ OPTIMALE (14j),Non renseigné (Auto),N/A
Ligue_1,2026-04-05,Le Havre vs Auxerre,Le Havre,Yanis Zouaoui,0,0.43763180542737246,12,27,✅ OPTIMALE (14j),Non renseigné (Auto),N/A
Ligue_1,2026-04-05,Le Havre vs Auxerre,Le Havre,Sofiane Boufal,0,0.29898242466151714,10,17,✅ OPTIMALE (14j),Non renseigné (Auto),N/A
Ligue_1,2026-04-05,Le Havre vs Auxerre,Le Havre,Gautier Lloris,1,1.0197261283174157,9,3,✅ OPTIMALE (14j),Non renseigné (Auto),N/A
Ligue_1,2026-04-05,Le Havre vs Auxerre,Le Havre,Arouna Sangante,1,0.4246211238205433,8,9,✅ OPTIMALE (14j),Non renseigné (Auto),N/A
Ligue_1,2026-04-05,Le Havre vs Auxerre,Le Havre,Kenny Quetant,1,0.9725517965853214,8,1,✅ OPTIMALE (14j),Non renseigné (Auto),N/A
Ligue_1,2026-04-05,Le Havre vs Auxerre,Le Havre,Lucas Gourna Douath,0,0.13405931182205677,6,4,✅ OPTIMALE (14j),Non renseigné (Auto),N/A
Ligue_1,2026-04-05,Le Havre vs Auxerre,Le Havre,Reda Khadra,0,0.255093090236187,6,6,✅ OPTIMALE (14j),Non renseigné (Auto),N/A
Ligue_1,2026-04-05,Le Havre vs Auxerre,Le Havre,Godson Kyeremeh,1,0.8428471460938454,5,5,✅ OPTIMALE (14j),Non renseigné (Auto),N/A
Ligue_1,2026-04-05,Le Havre vs Auxerre,Le Havre,Felix Mambimbi,1,0.5050474088639021,5,7,✅ OPTIMALE (14j),Non renseigné (Auto),N/A
Ligue_1,2026-04-05,Le Havre vs Auxerre,Le Havre,Noam Obougou,1,0.16073566116392612,4,0,✅ OPTIMALE (14j),Non renseigné (Auto),N/A
Ligue_1,2026-04-05,Le Havre vs Auxerre,Le Havre,Younes Namli,0,0.13972900342196226,4,2,✅ OPTIMALE (14j),Non renseigné (Auto),N/A
Ligue_1,2026-04-05,Le Havre vs Auxerre,Le Havre,Timothee Pembele,0,0.22482452914118767,4,1,✅ OPTIMALE (14j),Non renseigné (Auto),N/A
Ligue_1,2026-04-05,Le Havre vs Auxerre,Le Havre,Enzo Koffi,0,0.3517147842794657,4,3,✅ OPTIMALE (14j),Non renseigné (Auto),N/A
Ligue_1,2026-04-05,Le Havre vs Auxerre,Le Havre,Thomas Delaine,0,0.0810187254101038,3,3,✅ OPTIMALE (14j),Non renseigné (Auto),N/A
Ligue_1,2026-04-05,Le Havre vs Auxerre,Le Havre,Stephan Zagadou,1,0.100525863468647,1,2,✅ OPTIMALE (14j),Non renseigné (Auto),N/A
Ligue_1,2026-04-05,Le Havre vs Auxerre,Le Havre,Mory Diaw,0,0.0,0,3,✅ OPTIMALE (14j),Non renseigné (Auto),N/A
Ligue_1,2026-04-05,Le Havre vs Auxerre,Le Havre,Étienne Youté,0,0.0,0,1,✅ OPTIMALE (14j),Non renseigné (Auto),N/A
Ligue_1,2026-04-05,Le Havre vs Auxerre,Le Havre,Paul Argney,0,0.0,0,0,✅ OPTIMALE (14j),Non renseigné (Auto),N/A
Ligue_1,2026-04-05,Le Havre vs Auxerre,Le Havre,Daren Mosengo,0,0.0,0,0,✅ OPTIMALE (14j),Non renseigné (Auto),N/A
Ligue_1,2026-04-05,Le Havre vs Auxerre,Le Havre,Damián Pizarro,0,0.0,0,0,✅ OPTIMALE (14j),Non renseigné (Auto),N/A
Ligue_1,2026-04-05,Le Havre vs Auxerre,Le Havre,Lionel Mpasi,0,0.0,0,0,✅ OPTIMALE (14j),Non renseigné (Auto),N/A
Serie_A,2026-04-04,Lecce vs Atalanta,Atalanta,Nikola Krstovic,8,11.797820337116718,74,20,✅ OPTIMALE (13j),Non renseigné (Auto),N/A
Serie_A,2026-04-04,Lecce vs Atalanta,Atalanta,Gianluca Scamacca,8,8.21346314623952,51,13,✅ OPTIMALE (13j),Non renseigné (Auto),N/A
Serie_A,2026-04-04,Lecce vs Atalanta,Atalanta,Charles De Ketelaere,3,3.667718194425106,35,47,✅ OPTIMALE (13j),Non renseigné (Auto),N/A
Serie_A,2026-04-04,Lecce vs Atalanta,Atalanta,Nicola Zalewski,2,2.72246977686882,30,28,✅ OPTIMALE (13j),Non renseigné (Auto),N/A
Serie_A,2026-04-04,Lecce vs Atalanta,Atalanta,Davide Zappacosta,2,2.0651473701000214,29,34,✅ OPTIMALE (13j),Non renseigné (Auto),N/A
Serie_A,2026-04-04,Lecce vs Atalanta,Atalanta,Ademola Lookman,2,3.853021115064621,27,17,✅ OPTIMALE (13j),Non renseigné (Auto),N/A
Serie_A,2026-04-04,Lecce vs Atalanta,Atalanta,Éderson,1,4.378498808480799,26,18,✅ OPTIMALE (13j),Non renseigné (Auto),N/A
Serie_A,2026-04-04,Lecce vs Atalanta,Atalanta,Lazar Samardzic,2,2.6497164256870747,22,25,✅ OPTIMALE (13j),Non renseigné (Auto),N/A
Serie_A,2026-04-04,Lecce vs Atalanta,Atalanta,Kamaldeen Sulemana,2,2.248252622783184,20,10,✅ OPTIMALE (13j),Non renseigné (Auto),N/A
Serie_A,2026-04-04,Lecce vs Atalanta,Atalanta,Mario Pasalic,3,2.666647605597973,16,32,✅ OPTIMALE (13j),Non renseigné (Auto),N/A
Serie_A,2026-04-04,Lecce vs Atalanta,Atalanta,Giorgio Scalvini,2,3.366627663373947,14,8,✅ OPTIMALE (13j),Non renseigné (Auto),N/A
Serie_A,2026-04-04,Lecce vs Atalanta,Atalanta,Marten de Roon,1,0.7627449203282595,14,18,✅ OPTIMALE (13j),Non renseigné (Auto),N/A
Serie_A,2026-04-04,Lecce vs Atalanta,Atalanta,Raoul Bellanova,0,0.5010053906589746,13,19,✅ OPTIMALE (13j),Non renseigné (Auto),N/A
Serie_A,2026-04-04,Lecce vs Atalanta,Atalanta,Berat Gjimshiti,0,0.8740492863580585,11,4,✅ OPTIMALE (13j),Non renseigné (Auto),N/A
Serie_A,2026-04-04,Lecce vs Atalanta,Atalanta,Giacomo Raspadori,1,1.5886186063289642,10,6,✅ OPTIMALE (13j),Non renseigné (Auto),N/A
Serie_A,2026-04-04,Lecce vs Atalanta,Atalanta,Honest Ahanor,0,2.1688793301582336,10,0,✅ OPTIMALE (13j),Non renseigné (Auto),N/A
Serie_A,2026-04-04,Lecce vs Atalanta,Atalanta,Lorenzo Bernasconi,0,0.41859523858875036,9,23,✅ OPTIMALE (13j),Non renseigné (Auto),N/A
Serie_A,2026-04-04,Lecce vs Atalanta,Atalanta,Isak Hien,1,1.0443096067756414,8,1,✅ OPTIMALE (13j),Non renseigné (Auto),N/A
Serie_A,2026-04-04,Lecce vs Atalanta,Atalanta,Daniel Maldini,0,0.662265457212925,8,4,✅ OPTIMALE (13j),Non renseigné (Auto),N/A
Serie_A,2026-04-04,Lecce vs Atalanta,Atalanta,Yunus Musah,1,0.6885600984096527,6,1,✅ OPTIMALE (13j),Non renseigné (Auto),N/A
Serie_A,2026-04-04,Lecce vs Atalanta,Atalanta,Odilon Kossounou,1,0.26420524157583714,5,3,✅ OPTIMALE (13j),Non renseigné (Auto),N/A
Serie_A,2026-04-04,Lecce vs Atalanta,Atalanta,Marco Brescianini,1,0.20133588835597038,3,2,✅ OPTIMALE (13j),Non renseigné (Auto),N/A
Serie_A,2026-04-04,Lecce vs Atalanta,Atalanta,Sead Kolasinac,0,0.12279180064797401,3,0,✅ OPTIMALE (13j),Non renseigné (Auto),N/A
Serie_A,2026-04-04,Lecce vs Atalanta,Atalanta,Marco Carnesecchi,0,0.0,0,0,✅ OPTIMALE (13j),Non renseigné (Auto),N/A
Serie_A,2026-04-04,Lecce vs Atalanta,Lecce,Nikola Stulic,3,4.160234489943832,28,19,✅ OPTIMALE (13j),Non renseigné (Auto),N/A
Serie_A,2026-04-04,Lecce vs Atalanta,Lecce,Ylber Ramadani,1,0.9879165403544903,27,13,✅ OPTIMALE (13j),Non renseigné (Auto),N/A
Serie_A,2026-04-04,Lecce vs Atalanta,Lecce,Medon Berisha,2,1.3144496940076351,24,20,✅ OPTIMALE (13j),Non renseigné (Auto),N/A
Serie_A,2026-04-04,Lecce vs Atalanta,Lecce,Lameck Banda,3,1.5241409335285425,23,13,✅ OPTIMALE (13j),Non renseigné (Auto),N/A
Serie_A,2026-04-04,Lecce vs Atalanta,Lecce,Santiago Pierotti,1,2.579182499088347,23,17,✅ OPTIMALE (13j),Non renseigné (Auto),N/A
Serie_A,2026-04-04,Lecce vs Atalanta,Lecce,Lassana Coulibaly,3,2.226172022521496,20,16,✅ OPTIMALE (13j),Non renseigné (Auto),N/A
Serie_A,2026-04-04,Lecce vs Atalanta,Lecce,Riccardo Sottil,1,0.7569481134414673,20,24,✅ OPTIMALE (13j),Non renseigné (Auto),N/A
Serie_A,2026-04-04,Lecce vs Atalanta,Lecce,Tiago Gabriel,1,3.2246458996087313,18,0,✅ OPTIMALE (13j),Non renseigné (Auto),N/A
Serie_A,2026-04-04,Lecce vs Atalanta,Lecce,Konan N’Dri,2,0.4944310747087002,14,4,✅ OPTIMALE (13j),Non renseigné (Auto),N/A
Serie_A,2026-04-04,Lecce vs Atalanta,Lecce,Tete Morente,0,0.9692354239523411,14,10,✅ OPTIMALE (13j),Non renseigné (Auto),N/A
Serie_A,2026-04-04,Lecce vs Atalanta,Lecce,Francesco Camarda,1,2.2072256710380316,13,3,✅ OPTIMALE (13j),Non renseigné (Auto),N/A
Serie_A,2026-04-04,Lecce vs Atalanta,Lecce,Walid Cheddira,0,1.3187973573803902,10,4,✅ OPTIMALE (13j),Non renseigné (Auto),N/A
Serie_A,2026-04-04,Lecce vs Atalanta,Lecce,Omri Gandelman,2,1.67109764367342,9,5,✅ OPTIMALE (13j),Non renseigné (Auto),N/A
Serie_A,2026-04-04,Lecce vs Atalanta,Lecce,Mohamed Kaba,0,0.4404364861547947,9,5,✅ OPTIMALE (13j),Non renseigné (Auto),N/A
Serie_A,2026-04-04,Lecce vs Atalanta,Lecce,Kialonda Gaspar,0,0.7932648342102766,9,0,✅ OPTIMALE (13j),Non renseigné (Auto),N/A
Serie_A,2026-04-04,Lecce vs Atalanta,Lecce,Youssef Maleh,0,0.8333353251218796,7,3,✅ OPTIMALE (13j),Non renseigné (Auto),N/A
Serie_A,2026-04-04,Lecce vs Atalanta,Lecce,Danilo Veiga,0,0.258736458607018,6,15,✅ OPTIMALE (13j),Non renseigné (Auto),N/A
Serie_A,2026-04-04,Lecce vs Atalanta,Lecce,Antonino Gallo,0,0.7666580146178603,5,26,✅ OPTIMALE (13j),Non renseigné (Auto),N/A
Serie_A,2026-04-04,Lecce vs Atalanta,Lecce,Jamil Siebert,1,0.44733433425426483,4,2,✅ OPTIMALE (13j),Non renseigné (Auto),N/A
Serie_A,2026-04-04,Lecce vs Atalanta,Lecce,Alex Sala,0,0.37685886584222317,4,3,✅ OPTIMALE (13j),Non renseigné (Auto),N/A
Serie_A,2026-04-04,Lecce vs Atalanta,Lecce,Oumar Ngom,0,0.15814318507909775,3,2,✅ OPTIMALE (13j),Non renseigné (Auto),N/A
Serie_A,2026-04-04,Lecce vs Atalanta,Lecce,Thórir Helgason,0,0.19662604108452797,2,3,✅ OPTIMALE (13j),Non renseigné (Auto),N/A
Serie_A,2026-04-04,Lecce vs Atalanta,Lecce,Corrie Ndaba,0,0.12938065826892853,2,1,✅ OPTIMALE (13j),Non renseigné (Auto),N/A
Serie_A,2026-04-04,Lecce vs Atalanta,Lecce,Sadik Fofana,0,0.05637334659695625,1,2,✅ OPTIMALE (13j),Non renseigné (Auto),N/A
Serie_A,2026-04-04,Lecce vs Atalanta,Lecce,Wladimiro Falcone,0,0.0,0,1,✅ OPTIMALE (13j),Non renseigné (Auto),N/A
Serie_A,2026-04-04,Lecce vs Atalanta,Lecce,Balthazar Pierret,0,0.0,0,0,✅ OPTIMALE (13j),Non renseigné (Auto),N/A
Serie_A,2026-04-04,Lecce vs Atalanta,Lecce,Gaby Jean,0,0.0,0,0,✅ OPTIMALE (13j),Non renseigné (Auto),N/A
Serie_A,2026-04-04,Lecce vs Atalanta,Lecce,Owen Kouassi,0,0.0,0,0,✅ OPTIMALE (13j),Non renseigné (Auto),N/A
Serie_A,2026-04-04,Lecce vs Atalanta,Lecce,Matías Pérez,0,0.0,0,1,✅ OPTIMALE (13j),Non renseigné (Auto),N/A
Serie_A,2026-04-04,Lecce vs Atalanta,Lecce,Olaf Gorter,0,0.0,0,0,✅ OPTIMALE (13j),Non renseigné (Auto),N/A
Ligue_1,2026-04-05,Lille vs Lens,Lens,Florian Thauvin,9,11.233915332704782,65,68,✅ OPTIMALE (16j),Non renseigné (Auto),N/A
Ligue_1,2026-04-05,Lille vs Lens,Lens,Odsonne Edouard,12,11.620354171842337,46,17,✅ OPTIMALE (16j),Non renseigné (Auto),N/A
Ligue_1,2026-04-05,Lille vs Lens,Lens,Wesley Said,10,9.418479442596436,45,23,✅ OPTIMALE (16j),Non renseigné (Auto),N/A
Ligue_1,2026-04-05,Lille vs Lens,Lens,Mamadou Sangaré,3,2.7283509504050016,40,21,✅ OPTIMALE (16j),Non renseigné (Auto),N/A
Ligue_1,2026-04-05,Lille vs Lens,Lens,Matthieu Udol,1,3.4939711801707745,37,43,✅ OPTIMALE (16j),Non renseigné (Auto),N/A
Ligue_1,2026-04-05,Lille vs Lens,Lens,Rayan Fofana,5,6.074443439953029,33,5,✅ OPTIMALE (16j),Non renseigné (Auto),N/A
Ligue_1,2026-04-05,Lille vs Lens,Lens,Adrien Thomasson,2,4.338520022109151,31,67,✅ OPTIMALE (16j),Non renseigné (Auto),N/A
Ligue_1,2026-04-05,Lille vs Lens,Lens,Malang Sarr,0,1.201361933723092,17,4,✅ OPTIMALE (16j),Non renseigné (Auto),N/A
Ligue_1,2026-04-05,Lille vs Lens,Lens,Samson Baidoo,2,2.378174432553351,15,3,✅ OPTIMALE (16j),Non renseigné (Auto),N/A
Ligue_1,2026-04-05,Lille vs Lens,Lens,Ruben Aguilar,2,1.0442059729248285,13,19,✅ OPTIMALE (16j),Non renseigné (Auto),N/A
Ligue_1,2026-04-05,Lille vs Lens,Lens,Pierre Ganiou,2,1.6433472372591496,12,4,✅ OPTIMALE (16j),Non renseigné (Auto),N/A
Ligue_1,2026-04-05,Lille vs Lens,Lens,Abdallah Sima,1,0.8003798834979534,12,9,✅ OPTIMALE (16j),Non renseigné (Auto),N/A
Ligue_1,2026-04-05,Lille vs Lens,Lens,Morgan Guilavogui,1,1.7886713072657585,10,11,✅ OPTIMALE (16j),Non renseigné (Auto),N/A
Ligue_1,2026-04-05,Lille vs Lens,Lens,Florian Sotoca,0,0.4814976751804352,9,4,✅ OPTIMALE (16j),Non renseigné (Auto),N/A
Ligue_1,2026-04-05,Lille vs Lens,Lens,Allan Saint-Maximin,1,0.21787632256746292,6,8,✅ OPTIMALE (16j),Non renseigné (Auto),N/A
Ligue_1,2026-04-05,Lille vs Lens,Lens,Saud Abdulhamid,1,0.31904387660324574,6,11,✅ OPTIMALE (16j),Non renseigné (Auto),N/A
Ligue_1,2026-04-05,Lille vs Lens,Lens,Deiver Machado,0,0.57515749335289,6,0,✅ OPTIMALE (16j),Non renseigné (Auto),N/A
Ligue_1,2026-04-05,Lille vs Lens,Lens,Andrija Bulatovic,0,0.6116267889738083,6,8,✅ OPTIMALE (16j),Non renseigné (Auto),N/A
Ligue_1,2026-04-05,Lille vs Lens,Lens,Andy Diouf,0,0.1755841225385666,3,0,✅ OPTIMALE (16j),Non renseigné (Auto),N/A
Ligue_1,2026-04-05,Lille vs Lens,Lens,Anthony Bermont,0,0.1163775622844696,3,0,✅ OPTIMALE (16j),Non renseigné (Auto),N/A
Ligue_1,2026-04-05,Lille vs Lens,Lens,Amadou Haidara,1,0.35697678197175264,2,0,✅ OPTIMALE (16j),Non renseigné (Auto),N/A
Ligue_1,2026-04-05,Lille vs Lens,Lens,Jonathan Gradit,0,0.10594142973423004,2,2,✅ OPTIMALE (16j),Non renseigné (Auto),N/A
Ligue_1,2026-04-05,Lille vs Lens,Lens,Kyllian Antonio,0,0.0487033985555172,1,0,✅ OPTIMALE (16j),Non renseigné (Auto),N/A
Ligue_1,2026-04-05,Lille vs Lens,Lens,Nidal Celik,0,0.11843641102313995,1,0,✅ OPTIMALE (16j),Non renseigné (Auto),N/A
Ligue_1,2026-04-05,Lille vs Lens,Lens,Arthur Masuaku,0,0.0,0,0,✅ OPTIMALE (16j),Non renseigné (Auto),N/A
Ligue_1,2026-04-05,Lille vs Lens,Lens,Robin Risser,0,0.0,0,2,✅ OPTIMALE (16j),Non renseigné (Auto),N/A
Ligue_1,2026-04-05,Lille vs Lens,Lens,Fodé Sylla,0,0.0,0,1,✅ OPTIMALE (16j),Non renseigné (Auto),N/A
Ligue_1,2026-04-05,Lille vs Lens,Lens,Erawan Garnier,0,0.0,0,1,✅ OPTIMALE (16j),Non renseigné (Auto),N/A
Ligue_1,2026-04-05,Lille vs Lens,Lille,Matias Fernandez-Pardo,5,6.944146443158388,49,28,✅ OPTIMALE (14j),Non renseigné (Auto),N/A
Ligue_1,2026-04-05,Lille vs Lens,Lille,Olivier Giroud,6,7.745169568806887,39,18,✅ OPTIMALE (14j),Non renseigné (Auto),N/A
Ligue_1,2026-04-05,Lille vs Lens,Lille,Hákon Haraldsson,6,5.9202720653265715,36,40,✅ OPTIMALE (14j),Non renseigné (Auto),N/A
Ligue_1,2026-04-05,Lille vs Lens,Lille,Felix Correia,3,3.9773631719872355,25,31,✅ OPTIMALE (14j),Non renseigné (Auto),N/A
Ligue_1,2026-04-05,Lille vs Lens,Lille,Hamza Igamane,5,3.7606138456612825,24,4,✅ OPTIMALE (14j),Non renseigné (Auto),N/A
Ligue_1,2026-04-05,Lille vs Lens,Lille,Romain Perraud,2,1.0995901003479958,24,30,✅ OPTIMALE (14j),Non renseigné (Auto),N/A
Ligue_1,2026-04-05,Lille vs Lens,Lille,Benjamin André,2,1.9812850132584572,22,21,✅ OPTIMALE (14j),Non renseigné (Auto),N/A
Ligue_1,2026-04-05,Lille vs Lens,Lille,Nathan Ngoy,1,1.3962279465049505,18,4,✅ OPTIMALE (14j),Non renseigné (Auto),N/A
Ligue_1,2026-04-05,Lille vs Lens,Lille,Nabil Bentaleb,2,1.1699367044493556,17,8,✅ OPTIMALE (14j),Non renseigné (Auto),N/A
Ligue_1,2026-04-05,Lille vs Lens,Lille,Ngal&#039;ayel Mukau,1,2.3549841325730085,16,8,✅ OPTIMALE (14j),Non renseigné (Auto),N/A
Ligue_1,2026-04-05,Lille vs Lens,Lille,Thomas Meunier,1,1.227012313902378,15,13,✅ OPTIMALE (14j),Non renseigné (Auto),N/A
Ligue_1,2026-04-05,Lille vs Lens,Lille,Ayyoub Bouaddi,0,0.9921961771324277,14,18,✅ OPTIMALE (14j),Non renseigné (Auto),N/A
Ligue_1,2026-04-05,Lille vs Lens,Lille,Ethan Mbappé,3,1.807846773415804,13,8,✅ OPTIMALE (14j),Non renseigné (Auto),N/A
Ligue_1,2026-04-05,Lille vs Lens,Lille,Osame Sahraoui,1,1.1932789869606495,11,8,✅ OPTIMALE (14j),Non renseigné (Auto),N/A
Ligue_1,2026-04-05,Lille vs Lens,Lille,Soriba Diaoune,1,0.9795868322253227,10,5,✅ OPTIMALE (14j),Non renseigné (Auto),N/A
Ligue_1,2026-04-05,Lille vs Lens,Lille,Aissa Mandi,1,0.7202100222930312,9,7,✅ OPTIMALE (14j),Non renseigné (Auto),N/A
Ligue_1,2026-04-05,Lille vs Lens,Lille,Tiago Santos,0,0.48075664788484573,8,6,✅ OPTIMALE (14j),Non renseigné (Auto),N/A
Ligue_1,2026-04-05,Lille vs Lens,Lille,Alexsandro Ribeiro,0,0.2516534775495529,7,0,✅ OPTIMALE (14j),Non renseigné (Auto),N/A
Ligue_1,2026-04-05,Lille vs Lens,Lille,Gaetan Perrin,1,0.5568676721304655,6,8,✅ OPTIMALE (14j),Non renseigné (Auto),N/A
Ligue_1,2026-04-05,Lille vs Lens,Lille,Chancel Mbemba,0,0.28758789598941803,5,4,✅ OPTIMALE (14j),Non renseigné (Auto),N/A
Ligue_1,2026-04-05,Lille vs Lens,Lille,Marius Broholm,1,0.9693003743886948,4,8,✅ OPTIMALE (14j),Non renseigné (Auto),N/A
Ligue_1,2026-04-05,Lille vs Lens,Lille,Noah Edjouma,0,0.231984481215477,2,1,✅ OPTIMALE (14j),Non renseigné (Auto),N/A
Ligue_1,2026-04-05,Lille vs Lens,Lille,Calvin Verdonk,0,0.02586996089667082,2,8,✅ OPTIMALE (14j),Non renseigné (Auto),N/A
Ligue_1,2026-04-05,Lille vs Lens,Lille,André Gomes,0,0.0,0,0,✅ OPTIMALE (14j),Non renseigné (Auto),N/A
Ligue_1,2026-04-05,Lille vs Lens,Lille,Ugo Raghouber,0,0.0,0,0,✅ OPTIMALE (14j),Non renseigné (Auto),N/A
Ligue_1,2026-04-05,Lille vs Lens,Lille,Ousmane Touré,0,0.0,0,0,✅ OPTIMALE (14j),Non renseigné (Auto),N/A
Ligue_1,2026-04-05,Lille vs Lens,Lille,Vincent Burlet,0,0.0,0,1,✅ OPTIMALE (14j),Non renseigné (Auto),N/A
Ligue_1,2026-04-05,Lille vs Lens,Lille,Berke Özer,0,0.0,0,3,✅ OPTIMALE (14j),Non renseigné (Auto),N/A
Ligue_1,2026-04-05,Lille vs Lens,Lille,Maxima Goffi,0,0.0,0,0,✅ OPTIMALE (14j),Non renseigné (Auto),N/A
Ligue_1,2026-04-05,Lille vs Lens,Lille,Arnaud Bodart,0,0.0,0,0,✅ OPTIMALE (14j),Non renseigné (Auto),N/A
Ligue_1,2026-04-05,Lorient vs Paris FC,Lorient,Pablo Pagis,8,5.951957071200013,43,23,✅ OPTIMALE (15j),Non renseigné (Auto),N/A
Ligue_1,2026-04-05,Lorient vs Paris FC,Lorient,Jean-Victor Makengo,3,2.349602250382304,31,18,✅ OPTIMALE (15j),Non renseigné (Auto),N/A
Ligue_1,2026-04-05,Lorient vs Paris FC,Lorient,Ahmadou Bamba Dieng,7,6.198749288916588,30,10,✅ OPTIMALE (15j),Non renseigné (Auto),N/A
Ligue_1,2026-04-05,Lorient vs Paris FC,Lorient,Sambou Soumano,4,6.807313602417707,28,9,✅ OPTIMALE (15j),Non renseigné (Auto),N/A
Ligue_1,2026-04-05,Lorient vs Paris FC,Lorient,Aiyegun Tosin,4,5.152076942846179,23,10,✅ OPTIMALE (15j),Non renseigné (Auto),N/A
Ligue_1,2026-04-05,Lorient vs Paris FC,Lorient,Laurent Abergel,1,0.7207506746053696,20,14,✅ OPTIMALE (15j),Non renseigné (Auto),N/A
Ligue_1,2026-04-05,Lorient vs Paris FC,Lorient,Arthur Avom,1,0.8287424268200994,17,28,✅ OPTIMALE (15j),Non renseigné (Auto),N/A
Ligue_1,2026-04-05,Lorient vs Paris FC,Lorient,Théo Le Bris,2,1.709531266707927,16,13,✅ OPTIMALE (15j),Non renseigné (Auto),N/A
Ligue_1,2026-04-05,Lorient vs Paris FC,Lorient,Dermane Karim,1,1.3013652451336384,15,15,✅ OPTIMALE (15j),Non renseigné (Auto),N/A
Ligue_1,2026-04-05,Lorient vs Paris FC,Lorient,Mohamed Bamba,1,2.8765433095395565,13,6,✅ OPTIMALE (15j),Non renseigné (Auto),N/A
Ligue_1,2026-04-05,Lorient vs Paris FC,Lorient,Noah Cadiou,1,1.1629649130627513,12,7,✅ OPTIMALE (15j),Non renseigné (Auto),N/A
Ligue_1,2026-04-05,Lorient vs Paris FC,Lorient,Montassar Talbi,0,0.6503488766029477,11,7,✅ OPTIMALE (15j),Non renseigné (Auto),N/A
Ligue_1,2026-04-05,Lorient vs Paris FC,Lorient,Darline Yongwa,0,0.7409866116940975,10,13,✅ OPTIMALE (15j),Non renseigné (Auto),N/A
Ligue_1,2026-04-05,Lorient vs Paris FC,Lorient,Joel Mvuka,0,0.6974976677447557,8,4,✅ OPTIMALE (15j),Non renseigné (Auto),N/A
Ligue_1,2026-04-05,Lorient vs Paris FC,Lorient,Igor Silva,1,0.3342035049572587,7,8,✅ OPTIMALE (15j),Non renseigné (Auto),N/A
Ligue_1,2026-04-05,Lorient vs Paris FC,Lorient,Arsène Kouassi,2,0.49348993320018053,6,26,✅ OPTIMALE (15j),Non renseigné (Auto),N/A
Ligue_1,2026-04-05,Lorient vs Paris FC,Lorient,Bamo Meïté,0,0.7919618664309382,6,7,✅ OPTIMALE (15j),Non renseigné (Auto),N/A
Ligue_1,2026-04-05,Lorient vs Paris FC,Lorient,Abdoulaye Faye,0,0.48471296951174736,6,0,✅ OPTIMALE (15j),Non renseigné (Auto),N/A
Ligue_1,2026-04-05,Lorient vs Paris FC,Lorient,Panos Katseris,0,0.42672405764460564,5,4,✅ OPTIMALE (15j),Non renseigné (Auto),N/A
Ligue_1,2026-04-05,Lorient vs Paris FC,Lorient,Bingourou Kamara,0,0.0,0,0,✅ OPTIMALE (15j),Non renseigné (Auto),N/A
Ligue_1,2026-04-05,Lorient vs Paris FC,Lorient,Yvon Mvogo,0,0.0,0,1,✅ OPTIMALE (15j),Non renseigné (Auto),N/A
Ligue_1,2026-04-05,Lorient vs Paris FC,Lorient,Formose Mendy,0,0.0,0,0,✅ OPTIMALE (15j),Non renseigné (Auto),N/A
Ligue_1,2026-04-05,Lorient vs Paris FC,Lorient,Nathaniel Adjei,0,0.0,0,0,✅ OPTIMALE (15j),Non renseigné (Auto),N/A
Ligue_1,2026-04-05,Lorient vs Paris FC,Lorient,Martin Bley,0,0.0,0,0,✅ OPTIMALE (15j),Non renseigné (Auto),N/A
Ligue_1,2026-04-05,Lorient vs Paris FC,Lorient,Daniel Semedo,0,0.0,0,0,✅ OPTIMALE (15j),Non renseigné (Auto),N/A
Ligue_1,2026-04-05,Lorient vs Paris FC,Paris FC,Ilan Kebbal,8,5.371192855760455,45,46,✅ OPTIMALE (14j),Non renseigné (Auto),N/A
Ligue_1,2026-04-05,Lorient vs Paris FC,Paris FC,Moses Simon,3,2.6731266397982836,29,30,✅ OPTIMALE (14j),Non renseigné (Auto),N/A
Ligue_1,2026-04-05,Lorient vs Paris FC,Paris FC,Jean-Phillipe Krasso,2,4.3040565541014075,27,23,✅ OPTIMALE (14j),Non renseigné (Auto),N/A
Ligue_1,2026-04-05,Lorient vs Paris FC,Paris FC,Pierre Lees-Melou,1,1.4537909924983978,25,10,✅ OPTIMALE (14j),Non renseigné (Auto),N/A
Ligue_1,2026-04-05,Lorient vs Paris FC,Paris FC,Willem Geubbels,3,3.8301892578601837,23,4,✅ OPTIMALE (14j),Non renseigné (Auto),N/A
Ligue_1,2026-04-05,Lorient vs Paris FC,Paris FC,Vincent Marchetti,2,2.0657163811847568,23,3,✅ OPTIMALE (14j),Non renseigné (Auto),N/A
Ligue_1,2026-04-05,Lorient vs Paris FC,Paris FC,Adama Camara,1,1.8084615897387266,17,12,✅ OPTIMALE (14j),Non renseigné (Auto),N/A
Ligue_1,2026-04-05,Lorient vs Paris FC,Paris FC,Marshall Munetsi,3,3.053344577550888,14,3,✅ OPTIMALE (14j),Non renseigné (Auto),N/A
Ligue_1,2026-04-05,Lorient vs Paris FC,Paris FC,Jonathan Ikone,1,1.6933187954127789,13,6,✅ OPTIMALE (14j),Non renseigné (Auto),N/A
Ligue_1,2026-04-05,Lorient vs Paris FC,Paris FC,Samir Chergui,1,1.6221805308014154,11,2,✅ OPTIMALE (14j),Non renseigné (Auto),N/A
Ligue_1,2026-04-05,Lorient vs Paris FC,Paris FC,Otávio,0,0.20265246042981744,11,3,✅ OPTIMALE (14j),Non renseigné (Auto),N/A
Ligue_1,2026-04-05,Lorient vs Paris FC,Paris FC,Alimami Gory,2,1.743067655712366,10,2,✅ OPTIMALE (14j),Non renseigné (Auto),N/A
Ligue_1,2026-04-05,Lorient vs Paris FC,Paris FC,Ciro Immobile,1,1.0639543570578098,9,4,✅ OPTIMALE (14j),Non renseigné (Auto),N/A
Ligue_1,2026-04-05,Lorient vs Paris FC,Paris FC,Maxime Lopez,0,0.3220146242529154,8,39,✅ OPTIMALE (14j),Non renseigné (Auto),N/A
Ligue_1,2026-04-05,Lorient vs Paris FC,Paris FC,Luca Koleosho,1,1.3861122336238623,7,3,✅ OPTIMALE (14j),Non renseigné (Auto),N/A
Ligue_1,2026-04-05,Lorient vs Paris FC,Paris FC,Mamadou Mbow,0,0.5073643587529659,7,4,✅ OPTIMALE (14j),Non renseigné (Auto),N/A
Ligue_1,2026-04-05,Lorient vs Paris FC,Paris FC,Mathieu Cafaro,0,0.29648386128246784,6,3,✅ OPTIMALE (14j),Non renseigné (Auto),N/A
Ligue_1,2026-04-05,Lorient vs Paris FC,Paris FC,Nouha Dicko,1,0.6042886339128017,5,1,✅ OPTIMALE (14j),Non renseigné (Auto),N/A
Ligue_1,2026-04-05,Lorient vs Paris FC,Paris FC,Hamari Traore,0,0.36396299861371517,4,5,✅ OPTIMALE (14j),Non renseigné (Auto),N/A
Ligue_1,2026-04-05,Lorient vs Paris FC,Paris FC,Thibault De Smet,0,0.18551267869770527,4,4,✅ OPTIMALE (14j),Non renseigné (Auto),N/A
Ligue_1,2026-04-05,Lorient vs Paris FC,Paris FC,Nhoa Sangui,0,0.15764186158776283,3,16,✅ OPTIMALE (14j),Non renseigné (Auto),N/A
Ligue_1,2026-04-05,Lorient vs Paris FC,Paris FC,Rudy Matondo,0,0.0977995116263628,3,2,✅ OPTIMALE (14j),Non renseigné (Auto),N/A
Ligue_1,2026-04-05,Lorient vs Paris FC,Paris FC,Tuomas Ollila,0,0.06992643512785435,3,1,✅ OPTIMALE (14j),Non renseigné (Auto),N/A
Ligue_1,2026-04-05,Lorient vs Paris FC,Paris FC,Lohann Doucet,1,0.6114895138889551,2,4,✅ OPTIMALE (14j),Non renseigné (Auto),N/A
Ligue_1,2026-04-05,Lorient vs Paris FC,Paris FC,Diego Coppola,0,0.18126961588859558,2,1,✅ OPTIMALE (14j),Non renseigné (Auto),N/A
Ligue_1,2026-04-05,Lorient vs Paris FC,Paris FC,Timothée Kolodziejczak,0,0.04284840077161789,1,2,✅ OPTIMALE (14j),Non renseigné (Auto),N/A
Ligue_1,2026-04-05,Lorient vs Paris FC,Paris FC,Kevin Trapp,0,0.0,0,0,✅ OPTIMALE (14j),Non renseigné (Auto),N/A
Ligue_1,2026-04-05,Lorient vs Paris FC,Paris FC,Pierre-Yves Hamel,0,0.0,0,0,✅ OPTIMALE (14j),Non renseigné (Auto),N/A
Ligue_1,2026-04-05,Lorient vs Paris FC,Paris FC,Obed Nkambadio,0,0.0,0,1,✅ OPTIMALE (14j),Non renseigné (Auto),N/A
Ligue_1,2026-04-05,Lorient vs Paris FC,Paris FC,Julien Lopez,0,0.0,0,0,✅ OPTIMALE (14j),Non renseigné (Auto),N/A
Ligue_1,2026-04-05,Lorient vs Paris FC,Paris FC,Mohamed Benoit-Dao,0,0.0,0,0,✅ OPTIMALE (14j),Non renseigné (Auto),N/A
La_Liga,2026-04-05,Mallorca vs Real Madrid,Mallorca,Vedat Muriqi,18,16.52774311415851,86,15,✅ OPTIMALE (15j),Non renseigné (Auto),N/A
La_Liga,2026-04-05,Mallorca vs Real Madrid,Mallorca,Mateo Joseph,2,5.396834125742316,33,12,✅ OPTIMALE (15j),Non renseigné (Auto),N/A
La_Liga,2026-04-05,Mallorca vs Real Madrid,Mallorca,Sergi Darder,1,2.0912536745890975,29,45,✅ OPTIMALE (15j),Non renseigné (Auto),N/A
La_Liga,2026-04-05,Mallorca vs Real Madrid,Mallorca,Jan Virgili,0,1.8502737414091825,26,25,✅ OPTIMALE (15j),Non renseigné (Auto),N/A
La_Liga,2026-04-05,Mallorca vs Real Madrid,Mallorca,Samú Costa,5,2.3377073192968965,25,10,✅ OPTIMALE (15j),Non renseigné (Auto),N/A
La_Liga,2026-04-05,Mallorca vs Real Madrid,Mallorca,Martin Valjent,0,0.8749992717057467,14,2,✅ OPTIMALE (15j),Non renseigné (Auto),N/A
La_Liga,2026-04-05,Mallorca vs Real Madrid,Mallorca,Johan Mojica,0,0.42932876478880644,13,25,✅ OPTIMALE (15j),Non renseigné (Auto),N/A
La_Liga,2026-04-05,Mallorca vs Real Madrid,Mallorca,Pablo Torre,3,1.3600184302777052,12,22,✅ OPTIMALE (15j),Non renseigné (Auto),N/A
La_Liga,2026-04-05,Mallorca vs Real Madrid,Mallorca,Raíllo,0,0.6311804680153728,12,7,✅ OPTIMALE (15j),Non renseigné (Auto),N/A
La_Liga,2026-04-05,Mallorca vs Real Madrid,Mallorca,Takuma Asano,1,1.2583700492978096,9,2,✅ OPTIMALE (15j),Non renseigné (Auto),N/A
La_Liga,2026-04-05,Mallorca vs Real Madrid,Mallorca,Manuel Morlanes,1,0.6134134223684669,6,13,✅ OPTIMALE (15j),Non renseigné (Auto),N/A
La_Liga,2026-04-05,Mallorca vs Real Madrid,Mallorca,Antonio Sánchez,0,0.5342528652399778,6,9,✅ OPTIMALE (15j),Non renseigné (Auto),N/A
La_Liga,2026-04-05,Mallorca vs Real Madrid,Mallorca,Pablo Maffeo,1,0.22165646497160196,5,14,✅ OPTIMALE (15j),Non renseigné (Auto),N/A
La_Liga,2026-04-05,Mallorca vs Real Madrid,Mallorca,Mateu Morey,1,0.18371310085058212,4,3,✅ OPTIMALE (15j),Non renseigné (Auto),N/A
La_Liga,2026-04-05,Mallorca vs Real Madrid,Mallorca,Javi Llabrés,0,0.2208419982343912,4,1,✅ OPTIMALE (15j),Non renseigné (Auto),N/A
La_Liga,2026-04-05,Mallorca vs Real Madrid,Mallorca,Omar Mascarell,1,0.21397195756435394,3,7,✅ OPTIMALE (15j),Non renseigné (Auto),N/A
La_Liga,2026-04-05,Mallorca vs Real Madrid,Mallorca,Marash Kumbulla,0,0.0868991632014513,3,1,✅ OPTIMALE (15j),Non renseigné (Auto),N/A
La_Liga,2026-04-05,Mallorca vs Real Madrid,Mallorca,Abdón Prats,0,0.5610876977443695,3,2,✅ OPTIMALE (15j),Non renseigné (Auto),N/A
La_Liga,2026-04-05,Mallorca vs Real Madrid,Mallorca,Zito,0,0.12720054015517235,3,4,✅ OPTIMALE (15j),Non renseigné (Auto),N/A
La_Liga,2026-04-05,Mallorca vs Real Madrid,Mallorca,David López,0,0.16264110803604126,3,0,✅ OPTIMALE (15j),Non renseigné (Auto),N/A
La_Liga,2026-04-05,Mallorca vs Real Madrid,Mallorca,Marc Domenech,0,0.11695468425750732,3,2,✅ OPTIMALE (15j),Non renseigné (Auto),N/A
La_Liga,2026-04-05,Mallorca vs Real Madrid,Mallorca,Dani Rodríguez,0,0.02346600592136383,1,0,✅ OPTIMALE (15j),Non renseigné (Auto),N/A
La_Liga,2026-04-05,Mallorca vs Real Madrid,Mallorca,Toni Lato,0,0.0,0,4,✅ OPTIMALE (15j),Non renseigné (Auto),N/A
La_Liga,2026-04-05,Mallorca vs Real Madrid,Mallorca,Leo Román,0,0.0,0,0,✅ OPTIMALE (15j),Non renseigné (Auto),N/A
La_Liga,2026-04-05,Mallorca vs Real Madrid,Mallorca,Justin-Noel Kalumba,0,0.0,0,0,✅ OPTIMALE (15j),Non renseigné (Auto),N/A
La_Liga,2026-04-05,Mallorca vs Real Madrid,Mallorca,Lucas Bergström,0,0.0,0,0,✅ OPTIMALE (15j),Non renseigné (Auto),N/A
La_Liga,2026-04-05,Mallorca vs Real Madrid,Mallorca,Jan Salas,0,0.0,0,0,✅ OPTIMALE (15j),Non renseigné (Auto),N/A
La_Liga,2026-04-05,Mallorca vs Real Madrid,Real Madrid,Kylian Mbappe-Lottin,23,21.647808451205492,111,54,✅ OPTIMALE (14j),Non renseigné (Auto),N/A
La_Liga,2026-04-05,Mallorca vs Real Madrid,Real Madrid,Vinícius Júnior,11,12.238956488668919,80,50,✅ OPTIMALE (14j),Non renseigné (Auto),N/A
La_Liga,2026-04-05,Mallorca vs Real Madrid,Real Madrid,Arda Güler,4,4.680065466091037,46,63,✅ OPTIMALE (14j),Non renseigné (Auto),N/A
La_Liga,2026-04-05,Mallorca vs Real Madrid,Real Madrid,Federico Valverde,4,1.85920100659132,43,39,✅ OPTIMALE (14j),Non renseigné (Auto),N/A
La_Liga,2026-04-05,Mallorca vs Real Madrid,Real Madrid,Jude Bellingham,4,6.213099502027035,36,30,✅ OPTIMALE (14j),Non renseigné (Auto),N/A
La_Liga,2026-04-05,Mallorca vs Real Madrid,Real Madrid,Aurelien Tchouameni,1,2.464325461536646,34,22,✅ OPTIMALE (14j),Non renseigné (Auto),N/A
La_Liga,2026-04-05,Mallorca vs Real Madrid,Real Madrid,Rodrygo,1,2.848481699824333,27,17,✅ OPTIMALE (14j),Non renseigné (Auto),N/A
La_Liga,2026-04-05,Mallorca vs Real Madrid,Real Madrid,Franco Mastantuono,1,2.09313652664423,23,11,✅ OPTIMALE (14j),Non renseigné (Auto),N/A
La_Liga,2026-04-05,Mallorca vs Real Madrid,Real Madrid,Dean Huijsen,2,2.2335619535297155,17,10,✅ OPTIMALE (14j),Non renseigné (Auto),N/A
La_Liga,2026-04-05,Mallorca vs Real Madrid,Real Madrid,Eder Militão,1,1.4660748494789004,17,7,✅ OPTIMALE (14j),Non renseigné (Auto),N/A
La_Liga,2026-04-05,Mallorca vs Real Madrid,Real Madrid,Gonzalo García,4,4.135629843920469,14,8,✅ OPTIMALE (14j),Non renseigné (Auto),N/A
La_Liga,2026-04-05,Mallorca vs Real Madrid,Real Madrid,Raúl,2,1.406356928870082,13,4,✅ OPTIMALE (14j),Non renseigné (Auto),N/A
La_Liga,2026-04-05,Mallorca vs Real Madrid,Real Madrid,Antonio Rüdiger,1,1.2465267973020673,10,1,✅ OPTIMALE (14j),Non renseigné (Auto),N/A
La_Liga,2026-04-05,Mallorca vs Real Madrid,Real Madrid,Eduardo Camavinga,1,1.0450459476560354,10,10,✅ OPTIMALE (14j),Non renseigné (Auto),N/A
La_Liga,2026-04-05,Mallorca vs Real Madrid,Real Madrid,Álvaro Fernández,2,0.4011697340756655,8,23,✅ OPTIMALE (14j),Non renseigné (Auto),N/A
La_Liga,2026-04-05,Mallorca vs Real Madrid,Real Madrid,Brahim Diaz,0,0.8296769224107265,8,15,✅ OPTIMALE (14j),Non renseigné (Auto),N/A
La_Liga,2026-04-05,Mallorca vs Real Madrid,Real Madrid,Trent Alexander-Arnold,0,0.22273658588528633,6,15,✅ OPTIMALE (14j),Non renseigné (Auto),N/A
La_Liga,2026-04-05,Mallorca vs Real Madrid,Real Madrid,Fran García,1,0.8834025710821152,5,3,✅ OPTIMALE (14j),Non renseigné (Auto),N/A
La_Liga,2026-04-05,Mallorca vs Real Madrid,Real Madrid,Daniel Carvajal,0,0.2461261572316289,4,7,✅ OPTIMALE (14j),Non renseigné (Auto),N/A
La_Liga,2026-04-05,Mallorca vs Real Madrid,Real Madrid,David Alaba,0,0.18170609697699547,3,0,✅ OPTIMALE (14j),Non renseigné (Auto),N/A
La_Liga,2026-04-05,Mallorca vs Real Madrid,Real Madrid,Dani Ceballos,0,0.08126241341233253,3,9,✅ OPTIMALE (14j),Non renseigné (Auto),N/A
La_Liga,2026-04-05,Mallorca vs Real Madrid,Real Madrid,Thiago Pitarch,0,0.19116200506687164,3,1,✅ OPTIMALE (14j),Non renseigné (Auto),N/A
La_Liga,2026-04-05,Mallorca vs Real Madrid,Real Madrid,David Jiménez,0,0.09088162332773209,1,0,✅ OPTIMALE (14j),Non renseigné (Auto),N/A
La_Liga,2026-04-05,Mallorca vs Real Madrid,Real Madrid,César Palacios,0,0.08841534703969955,1,1,✅ OPTIMALE (14j),Non renseigné (Auto),N/A
La_Liga,2026-04-05,Mallorca vs Real Madrid,Real Madrid,Manuel Ángel,0,0.035684842616319656,1,0,✅ OPTIMALE (14j),Non renseigné (Auto),N/A
La_Liga,2026-04-05,Mallorca vs Real Madrid,Real Madrid,Thibaut Courtois,0,0.0,0,0,✅ OPTIMALE (14j),Non renseigné (Auto),N/A
La_Liga,2026-04-05,Mallorca vs Real Madrid,Real Madrid,Ferland Mendy,0,0.0,0,0,✅ OPTIMALE (14j),Non renseigné (Auto),N/A
La_Liga,2026-04-05,Mallorca vs Real Madrid,Real Madrid,Andriy Lunin,0,0.0,0,0,✅ OPTIMALE (14j),Non renseigné (Auto),N/A
La_Liga,2026-04-05,Mallorca vs Real Madrid,Real Madrid,Endrick,0,0.0,0,0,✅ OPTIMALE (14j),Non renseigné (Auto),N/A
La_Liga,2026-04-05,Mallorca vs Real Madrid,Real Madrid,Diego Aguado,0,0.0,0,0,✅ OPTIMALE (14j),Non renseigné (Auto),N/A
La_Liga,2026-04-05,Mallorca vs Real Madrid,Real Madrid,Daniel Yáñez,0,0.0,0,2,✅ OPTIMALE (14j),Non renseigné (Auto),N/A
La_Liga,2026-04-05,Mallorca vs Real Madrid,Real Madrid,Valde,0,0.0,0,1,✅ OPTIMALE (14j),Non renseigné (Auto),N/A
La_Liga,2026-04-05,Mallorca vs Real Madrid,Real Madrid,Jorge Cestero,0,0.0,0,0,✅ OPTIMALE (14j),Non renseigné (Auto),N/A
Ligue_1,2026-04-05,Metz vs Nantes,Metz,Habib Diallo,4,5.55459301173687,34,10,✅ OPTIMALE (14j),Non renseigné (Auto),N/A
Ligue_1,2026-04-05,Metz vs Nantes,Metz,Gauthier Hein,6,4.9774013459682465,27,39,✅ OPTIMALE (14j),Non renseigné (Auto),N/A
Ligue_1,2026-04-05,Metz vs Nantes,Metz,Giorgi Tsitaishvili,2,1.246155678294599,23,35,✅ OPTIMALE (14j),Non renseigné (Auto),N/A
Ligue_1,2026-04-05,Metz vs Nantes,Metz,Koffi Kouao,2,1.5846736086532474,21,11,✅ OPTIMALE (14j),Non renseigné (Auto),N/A
Ligue_1,2026-04-05,Metz vs Nantes,Metz,Boubacar Traore,1,0.9109912049025297,18,4,✅ OPTIMALE (14j),Non renseigné (Auto),N/A
Ligue_1,2026-04-05,Metz vs Nantes,Metz,Alpha Touré,0,0.9905983842909336,16,8,✅ OPTIMALE (14j),Non renseigné (Auto),N/A
Ligue_1,2026-04-05,Metz vs Nantes,Metz,Giorgi Abuashvili,2,0.7002866202965379,15,6,✅ OPTIMALE (14j),Non renseigné (Auto),N/A
Ligue_1,2026-04-05,Metz vs Nantes,Metz,Jean-Philippe Gbamin,1,1.90250856988132,13,12,✅ OPTIMALE (14j),Non renseigné (Auto),N/A
Ligue_1,2026-04-05,Metz vs Nantes,Metz,Jessy Deminguet,1,0.36660037469118834,11,3,✅ OPTIMALE (14j),Non renseigné (Auto),N/A
Ligue_1,2026-04-05,Metz vs Nantes,Metz,Nathan Mbala,2,0.4838179312646389,9,4,✅ OPTIMALE (14j),Non renseigné (Auto),N/A
Ligue_1,2026-04-05,Metz vs Nantes,Metz,Cheick Tidiane Sabaly,0,1.4295627772808075,8,10,✅ OPTIMALE (14j),Non renseigné (Auto),N/A
Ligue_1,2026-04-05,Metz vs Nantes,Metz,Maxime Colin,0,0.2320893183350563,7,5,✅ OPTIMALE (14j),Non renseigné (Auto),N/A
Ligue_1,2026-04-05,Metz vs Nantes,Metz,Ibou Sané,1,0.33163389936089516,6,5,✅ OPTIMALE (14j),Non renseigné (Auto),N/A
Ligue_1,2026-04-05,Metz vs Nantes,Metz,Benjamin Stambouli,0,0.2379691917449236,5,7,✅ OPTIMALE (14j),Non renseigné (Auto),N/A
Ligue_1,2026-04-05,Metz vs Nantes,Metz,Bouna Sarr,0,0.46328360587358475,5,2,✅ OPTIMALE (14j),Non renseigné (Auto),N/A
Ligue_1,2026-04-05,Metz vs Nantes,Metz,Fode Toure,0,0.2401369120925665,5,4,✅ OPTIMALE (14j),Non renseigné (Auto),N/A
Ligue_1,2026-04-05,Metz vs Nantes,Metz,Joel Asoro,0,0.7841950580477715,4,1,✅ OPTIMALE (14j),Non renseigné (Auto),N/A
Ligue_1,2026-04-05,Metz vs Nantes,Metz,Terry Yegbe,0,0.823879374191165,4,3,✅ OPTIMALE (14j),Non renseigné (Auto),N/A
Ligue_1,2026-04-05,Metz vs Nantes,Metz,Sadibou Sané,2,0.14309465512633324,3,2,✅ OPTIMALE (14j),Non renseigné (Auto),N/A
Ligue_1,2026-04-05,Metz vs Nantes,Metz,Lucas Michal,0,0.17025396041572094,3,1,✅ OPTIMALE (14j),Non renseigné (Auto),N/A
Ligue_1,2026-04-05,Metz vs Nantes,Metz,Brian Madjo,0,0.3160543292760849,3,0,✅ OPTIMALE (14j),Non renseigné (Auto),N/A
Ligue_1,2026-04-05,Metz vs Nantes,Metz,Morgan Bokele,0,0.2119899019598961,3,2,✅ OPTIMALE (14j),Non renseigné (Auto),N/A
Ligue_1,2026-04-05,Metz vs Nantes,Metz,Believe Munongo,0,0.13874831423163414,3,2,✅ OPTIMALE (14j),Non renseigné (Auto),N/A
Ligue_1,2026-04-05,Metz vs Nantes,Metz,Giorgi Kvilitaia,0,0.15650717355310917,3,2,✅ OPTIMALE (14j),Non renseigné (Auto),N/A
Ligue_1,2026-04-05,Metz vs Nantes,Metz,Malick Mbaye,0,0.07949594222009182,2,2,✅ OPTIMALE (14j),Non renseigné (Auto),N/A
Ligue_1,2026-04-05,Metz vs Nantes,Metz,Michel Mboula,0,0.11002355441451073,2,0,✅ OPTIMALE (14j),Non renseigné (Auto),N/A
Ligue_1,2026-04-05,Metz vs Nantes,Metz,Idrissa Gueye,0,0.12295445054769516,2,0,✅ OPTIMALE (14j),Non renseigné (Auto),N/A
Ligue_1,2026-04-05,Metz vs Nantes,Metz,Joseph N&#039;Duquidi,0,0.0,0,0,✅ OPTIMALE (14j),Non renseigné (Auto),N/A
Ligue_1,2026-04-05,Metz vs Nantes,Metz,Jonathan Fischer,0,0.0,0,1,✅ OPTIMALE (14j),Non renseigné (Auto),N/A
Ligue_1,2026-04-05,Metz vs Nantes,Metz,Pape Sy,0,0.0,0,0,✅ OPTIMALE (14j),Non renseigné (Auto),N/A
Ligue_1,2026-04-05,Metz vs Nantes,Metz,Ismaël Guerti,0,0.0,0,0,✅ OPTIMALE (14j),Non renseigné (Auto),N/A
Ligue_1,2026-04-05,Metz vs Nantes,Metz,Cleo Mélières,0,0.0,0,0,✅ OPTIMALE (14j),Non renseigné (Auto),N/A
Ligue_1,2026-04-05,Metz vs Nantes,Nantes,Matthis Abline,5,6.236143110319972,67,23,✅ OPTIMALE (14j),Non renseigné (Auto),N/A
Ligue_1,2026-04-05,Metz vs Nantes,Nantes,Mostafa Mohamed,3,2.864439658820629,30,8,✅ OPTIMALE (14j),Non renseigné (Auto),N/A
Ligue_1,2026-04-05,Metz vs Nantes,Nantes,Dehmaine Assoumani,1,1.115617417730391,22,16,✅ OPTIMALE (14j),Non renseigné (Auto),N/A
Ligue_1,2026-04-05,Metz vs Nantes,Nantes,Youssef El-Arabi,3,4.204976715147495,15,9,✅ OPTIMALE (14j),Non renseigné (Auto),N/A
Ligue_1,2026-04-05,Metz vs Nantes,Nantes,Johann Lepenant,0,0.577111235819757,15,20,✅ OPTIMALE (14j),Non renseigné (Auto),N/A
Ligue_1,2026-04-05,Metz vs Nantes,Nantes,Bahereba Guirassy,2,1.862612210214138,13,7,✅ OPTIMALE (14j),Non renseigné (Auto),N/A
Ligue_1,2026-04-05,Metz vs Nantes,Nantes,Louis Leroux,1,1.3084061611443758,10,12,✅ OPTIMALE (14j),Non renseigné (Auto),N/A
Ligue_1,2026-04-05,Metz vs Nantes,Nantes,Kelvin Adou,0,0.340591112151742,10,8,✅ OPTIMALE (14j),Non renseigné (Auto),N/A
Ligue_1,2026-04-05,Metz vs Nantes,Nantes,Chidozie Awaziem,1,0.4299875032156706,9,10,✅ OPTIMALE (14j),Non renseigné (Auto),N/A
Ligue_1,2026-04-05,Metz vs Nantes,Nantes,Junior Mwanga,1,1.102788545191288,9,13,✅ OPTIMALE (14j),Non renseigné (Auto),N/A
Ligue_1,2026-04-05,Metz vs Nantes,Nantes,Ignatius Ganago,1,2.086568746715784,8,0,✅ OPTIMALE (14j),Non renseigné (Auto),N/A
Ligue_1,2026-04-05,Metz vs Nantes,Nantes,Fabien Centonze,3,0.9152482133358717,7,4,✅ OPTIMALE (14j),Non renseigné (Auto),N/A
Ligue_1,2026-04-05,Metz vs Nantes,Nantes,Rémy Cabella,1,1.5988293066620827,6,14,✅ OPTIMALE (14j),Non renseigné (Auto),N/A
Ligue_1,2026-04-05,Metz vs Nantes,Nantes,Amady Camara,0,0.6945584956556559,6,2,✅ OPTIMALE (14j),Non renseigné (Auto),N/A
Ligue_1,2026-04-05,Metz vs Nantes,Nantes,Bahmed Deuff,0,0.22640487272292376,6,1,✅ OPTIMALE (14j),Non renseigné (Auto),N/A
Ligue_1,2026-04-05,Metz vs Nantes,Nantes,Francis Coquelin,0,0.11625108309090137,4,2,✅ OPTIMALE (14j),Non renseigné (Auto),N/A
Ligue_1,2026-04-05,Metz vs Nantes,Nantes,Mohamed Kaba,0,0.23464003950357437,4,5,✅ OPTIMALE (14j),Non renseigné (Auto),N/A
Ligue_1,2026-04-05,Metz vs Nantes,Nantes,Hong Hyun-Seok,0,0.5409451853483915,4,1,✅ OPTIMALE (14j),Non renseigné (Auto),N/A
Ligue_1,2026-04-05,Metz vs Nantes,Nantes,Yassine Benhattab,0,0.17921201139688492,4,6,✅ OPTIMALE (14j),Non renseigné (Auto),N/A
Ligue_1,2026-04-05,Metz vs Nantes,Nantes,Mayckel Lahdo,1,0.659747552126646,3,4,✅ OPTIMALE (14j),Non renseigné (Auto),N/A
Ligue_1,2026-04-05,Metz vs Nantes,Nantes,Nicolas Cozza,0,0.13189020566642284,3,7,✅ OPTIMALE (14j),Non renseigné (Auto),N/A
Ligue_1,2026-04-05,Metz vs Nantes,Nantes,Ibrahima Sissoko,0,0.03810141794383526,3,0,✅ OPTIMALE (14j),Non renseigné (Auto),N/A
Ligue_1,2026-04-05,Metz vs Nantes,Nantes,Tylel Tati,0,0.49682298488914967,3,1,✅ OPTIMALE (14j),Non renseigné (Auto),N/A
Ligue_1,2026-04-05,Metz vs Nantes,Nantes,Kwon Hyeok-Kyu,0,0.10292232595384121,3,0,✅ OPTIMALE (14j),Non renseigné (Auto),N/A
Ligue_1,2026-04-05,Metz vs Nantes,Nantes,Deiver Machado,0,0.09506537765264511,2,2,✅ OPTIMALE (14j),Non renseigné (Auto),N/A
Ligue_1,2026-04-05,Metz vs Nantes,Nantes,Abakar Sylla,0,0.3827866427600384,2,0,✅ OPTIMALE (14j),Non renseigné (Auto),N/A
Ligue_1,2026-04-05,Metz vs Nantes,Nantes,Ali Youssif,0,0.05257437378168106,2,1,✅ OPTIMALE (14j),Non renseigné (Auto),N/A
Ligue_1,2026-04-05,Metz vs Nantes,Nantes,Anthony Lopes,0,0.06510544568300247,1,0,✅ OPTIMALE (14j),Non renseigné (Auto),N/A
Ligue_1,2026-04-05,Metz vs Nantes,Nantes,Frederic Guilbert,0,0.0,0,0,✅ OPTIMALE (14j),Non renseigné (Auto),N/A
Ligue_1,2026-04-05,Metz vs Nantes,Nantes,Uros Radakovic,0,0.0,0,0,✅ OPTIMALE (14j),Non renseigné (Auto),N/A
Ligue_1,2026-04-05,Metz vs Nantes,Nantes,Mathieu Acapandié,0,0.0,0,0,✅ OPTIMALE (14j),Non renseigné (Auto),N/A
Ligue_1,2026-04-05,Metz vs Nantes,Nantes,Patrik Carlgren,0,0.0,0,0,✅ OPTIMALE (14j),Non renseigné (Auto),N/A
Ligue_1,2026-04-05,Metz vs Nantes,Nantes,Sékou Doucouré,0,0.0,0,0,✅ OPTIMALE (14j),Non renseigné (Auto),N/A
Ligue_1,2026-04-05,Metz vs Nantes,Nantes,Ali Youssef,0,0.0,0,0,✅ OPTIMALE (14j),Non renseigné (Auto),N/A
Ligue_1,2026-04-05,Monaco vs Marseille,Marseille,Mason Greenwood,15,12.55279104784131,96,43,✅ OPTIMALE (14j),Non renseigné (Auto),N/A
Ligue_1,2026-04-05,Monaco vs Marseille,Marseille,Igor Paixão,5,3.9321896601468325,41,25,✅ OPTIMALE (14j),Non renseigné (Auto),N/A
Ligue_1,2026-04-05,Monaco vs Marseille,Marseille,Pierre-Emerick Aubameyang,8,9.67391044460237,38,23,✅ OPTIMALE (14j),Non renseigné (Auto),N/A
Ligue_1,2026-04-05,Monaco vs Marseille,Marseille,Pierre-Emile Højbjerg,2,2.949013924226165,34,30,✅ OPTIMALE (14j),Non renseigné (Auto),N/A
Ligue_1,2026-04-05,Monaco vs Marseille,Marseille,Amine Gouiri,6,5.871752489358187,29,15,✅ OPTIMALE (14j),Non renseigné (Auto),N/A
Ligue_1,2026-04-05,Monaco vs Marseille,Marseille,Timothy Weah,2,2.495731550268829,23,25,✅ OPTIMALE (14j),Non renseigné (Auto),N/A
Ligue_1,2026-04-05,Monaco vs Marseille,Marseille,Emerson,0,0.3816711138933897,12,30,✅ OPTIMALE (14j),Non renseigné (Auto),N/A
Ligue_1,2026-04-05,Monaco vs Marseille,Marseille,Angel Gomes,3,2.0597879961133003,11,18,✅ OPTIMALE (14j),Non renseigné (Auto),N/A
Ligue_1,2026-04-05,Monaco vs Marseille,Marseille,Leonardo Balerdi,0,1.238036636263132,11,4,✅ OPTIMALE (14j),Non renseigné (Auto),N/A
Ligue_1,2026-04-05,Monaco vs Marseille,Marseille,Naif Aguerd,2,0.8858112841844559,10,3,✅ OPTIMALE (14j),Non renseigné (Auto),N/A
Ligue_1,2026-04-05,Monaco vs Marseille,Marseille,Amir Murillo,2,1.0468609929084778,9,11,✅ OPTIMALE (14j),Non renseigné (Auto),N/A
Ligue_1,2026-04-05,Monaco vs Marseille,Marseille,Robinio Vaz,4,2.7465014457702637,8,6,✅ OPTIMALE (14j),Non renseigné (Auto),N/A
Ligue_1,2026-04-05,Monaco vs Marseille,Marseille,Ethan Nwaneri,2,0.8378488328307867,8,5,✅ OPTIMALE (14j),Non renseigné (Auto),N/A
Ligue_1,2026-04-05,Monaco vs Marseille,Marseille,Benjamin Pavard,1,0.7761205099523067,8,8,✅ OPTIMALE (14j),Non renseigné (Auto),N/A
Ligue_1,2026-04-05,Monaco vs Marseille,Marseille,Matt O&#039;Riley,1,0.8605696111917496,7,12,✅ OPTIMALE (14j),Non renseigné (Auto),N/A
Ligue_1,2026-04-05,Monaco vs Marseille,Marseille,Bilal Nadir,0,0.3718383200466633,7,9,✅ OPTIMALE (14j),Non renseigné (Auto),N/A
Ligue_1,2026-04-05,Monaco vs Marseille,Marseille,Quinten Timber,0,0.9737968035042286,6,6,✅ OPTIMALE (14j),Non renseigné (Auto),N/A
Ligue_1,2026-04-05,Monaco vs Marseille,Marseille,Hamed Junior Traore,1,1.066493920981884,5,5,✅ OPTIMALE (14j),Non renseigné (Auto),N/A
Ligue_1,2026-04-05,Monaco vs Marseille,Marseille,Jonathan Rowe,0,0.4206070303916931,5,0,✅ OPTIMALE (14j),Non renseigné (Auto),N/A
Ligue_1,2026-04-05,Monaco vs Marseille,Marseille,Geoffrey Kondogbia,0,0.2751816101372242,4,2,✅ OPTIMALE (14j),Non renseigné (Auto),N/A
Ligue_1,2026-04-05,Monaco vs Marseille,Marseille,Facundo Medina,0,0.10691040940582752,3,1,✅ OPTIMALE (14j),Non renseigné (Auto),N/A
Ligue_1,2026-04-05,Monaco vs Marseille,Marseille,Himad Abdelli,0,0.08182579278945923,3,1,✅ OPTIMALE (14j),Non renseigné (Auto),N/A
Ligue_1,2026-04-05,Monaco vs Marseille,Marseille,Ulisses García,0,0.04293993301689625,2,1,✅ OPTIMALE (14j),Non renseigné (Auto),N/A
Ligue_1,2026-04-05,Monaco vs Marseille,Marseille,Arthur Vermeeren,0,0.03541344963014126,2,7,✅ OPTIMALE (14j),Non renseigné (Auto),N/A
Ligue_1,2026-04-05,Monaco vs Marseille,Marseille,Darryl Bakola,0,0.04014962911605835,2,1,✅ OPTIMALE (14j),Non renseigné (Auto),N/A
Ligue_1,2026-04-05,Monaco vs Marseille,Marseille,Adrien Rabiot,0,0.02854899689555168,1,4,✅ OPTIMALE (14j),Non renseigné (Auto),N/A
Ligue_1,2026-04-05,Monaco vs Marseille,Marseille,Pol Lirola,0,0.0,0,1,✅ OPTIMALE (14j),Non renseigné (Auto),N/A
Ligue_1,2026-04-05,Monaco vs Marseille,Marseille,Gerónimo Rulli,0,0.0,0,0,✅ OPTIMALE (14j),Non renseigné (Auto),N/A
Ligue_1,2026-04-05,Monaco vs Marseille,Marseille,Neal Maupay,0,0.0,0,0,✅ OPTIMALE (14j),Non renseigné (Auto),N/A
Ligue_1,2026-04-05,Monaco vs Marseille,Marseille,CJ Egan-Riley,0,0.0,0,2,✅ OPTIMALE (14j),Non renseigné (Auto),N/A
Ligue_1,2026-04-05,Monaco vs Marseille,Marseille,Derek Cornelius,0,0.0,0,0,✅ OPTIMALE (14j),Non renseigné (Auto),N/A
Ligue_1,2026-04-05,Monaco vs Marseille,Marseille,Jeffrey de Lange,0,0.0,0,1,✅ OPTIMALE (14j),Non renseigné (Auto),N/A
Ligue_1,2026-04-05,Monaco vs Marseille,Marseille,Tadjidine Mmadi,0,0.0,0,1,✅ OPTIMALE (14j),Non renseigné (Auto),N/A
Ligue_1,2026-04-05,Monaco vs Marseille,Marseille,Tochukwu Nnadi,0,0.0,0,0,✅ OPTIMALE (14j),Non renseigné (Auto),N/A
Ligue_1,2026-04-05,Monaco vs Marseille,Monaco,Folarin Balogun,9,11.532469162717462,59,16,✅ OPTIMALE (14j),Non renseigné (Auto),N/A
Ligue_1,2026-04-05,Monaco vs Marseille,Monaco,Maghnes Akliouche,6,5.839604685083032,40,31,✅ OPTIMALE (14j),Non renseigné (Auto),N/A
Ligue_1,2026-04-05,Monaco vs Marseille,Monaco,Aleksandr Golovin,4,4.032124305143952,30,21,✅ OPTIMALE (14j),Non renseigné (Auto),N/A
Ligue_1,2026-04-05,Monaco vs Marseille,Monaco,Anssumane Fati,8,10.076550267636776,29,9,✅ OPTIMALE (14j),Non renseigné (Auto),N/A
Ligue_1,2026-04-05,Monaco vs Marseille,Monaco,Takumi Minamino,3,3.3724637255072594,21,9,✅ OPTIMALE (14j),Non renseigné (Auto),N/A
Ligue_1,2026-04-05,Monaco vs Marseille,Monaco,Mika Biereth,2,3.207695998251438,19,17,✅ OPTIMALE (14j),Non renseigné (Auto),N/A
Ligue_1,2026-04-05,Monaco vs Marseille,Monaco,Lamine Camara,0,0.9326223935931921,17,27,✅ OPTIMALE (14j),Non renseigné (Auto),N/A
Ligue_1,2026-04-05,Monaco vs Marseille,Monaco,George Ilenikhena,2,1.2629067562520504,15,3,✅ OPTIMALE (14j),Non renseigné (Auto),N/A
Ligue_1,2026-04-05,Monaco vs Marseille,Monaco,Thilo Kehrer,0,1.4407017305493355,15,4,✅ OPTIMALE (14j),Non renseigné (Auto),N/A
Ligue_1,2026-04-05,Monaco vs Marseille,Monaco,Denis Zakaria,2,1.7032373324036598,12,5,✅ OPTIMALE (14j),Non renseigné (Auto),N/A
Ligue_1,2026-04-05,Monaco vs Marseille,Monaco,Kassoum Ouattara,0,1.185075655579567,12,17,✅ OPTIMALE (14j),Non renseigné (Auto),N/A
Ligue_1,2026-04-05,Monaco vs Marseille,Monaco,Simon Adingra,3,1.3968284279108047,9,3,✅ OPTIMALE (14j),Non renseigné (Auto),N/A
Ligue_1,2026-04-05,Monaco vs Marseille,Monaco,Jordan Teze,0,0.32239256147295237,9,27,✅ OPTIMALE (14j),Non renseigné (Auto),N/A
Ligue_1,2026-04-05,Monaco vs Marseille,Monaco,Mamadou Coulibaly,3,1.7272551879286766,8,12,✅ OPTIMALE (14j),Non renseigné (Auto),N/A
Ligue_1,2026-04-05,Monaco vs Marseille,Monaco,Mohammed Salisu,1,0.8756848890334368,8,2,✅ OPTIMALE (14j),Non renseigné (Auto),N/A
Ligue_1,2026-04-05,Monaco vs Marseille,Monaco,Stanis Idumbo Muzambo,1,1.0647227093577385,6,3,✅ OPTIMALE (14j),Non renseigné (Auto),N/A
Ligue_1,2026-04-05,Monaco vs Marseille,Monaco,Krépin Diatta,0,0.28378687240183353,5,12,✅ OPTIMALE (14j),Non renseigné (Auto),N/A
Ligue_1,2026-04-05,Monaco vs Marseille,Monaco,Wout Faes,0,0.5434142965823412,4,0,✅ OPTIMALE (14j),Non renseigné (Auto),N/A
Ligue_1,2026-04-05,Monaco vs Marseille,Monaco,Eric Dier,1,0.5377254784107208,3,1,✅ OPTIMALE (14j),Non renseigné (Auto),N/A
Ligue_1,2026-04-05,Monaco vs Marseille,Monaco,Vanderson,0,0.1478172391653061,3,11,✅ OPTIMALE (14j),Non renseigné (Auto),N/A
Ligue_1,2026-04-05,Monaco vs Marseille,Monaco,Pape Cabral,0,0.5059756189584732,3,0,✅ OPTIMALE (14j),Non renseigné (Auto),N/A
Ligue_1,2026-04-05,Monaco vs Marseille,Monaco,Caio Henrique,0,0.19101067632436752,2,19,✅ OPTIMALE (14j),Non renseigné (Auto),N/A
Ligue_1,2026-04-05,Monaco vs Marseille,Monaco,Paris Brunner,0,0.08084410056471825,2,0,✅ OPTIMALE (14j),Non renseigné (Auto),N/A
Ligue_1,2026-04-05,Monaco vs Marseille,Monaco,Ben Seghir,0,0.06498191505670547,1,0,✅ OPTIMALE (14j),Non renseigné (Auto),N/A
Ligue_1,2026-04-05,Monaco vs Marseille,Monaco,Christian Mawissa Elebi,0,0.29555004835128784,1,2,✅ OPTIMALE (14j),Non renseigné (Auto),N/A
Ligue_1,2026-04-05,Monaco vs Marseille,Monaco,Lucas Michal,0,0.044548265635967255,1,0,✅ OPTIMALE (14j),Non renseigné (Auto),N/A
Ligue_1,2026-04-05,Monaco vs Marseille,Monaco,Lukas Hradecky,0,0.0,0,0,✅ OPTIMALE (14j),Non renseigné (Auto),N/A
Ligue_1,2026-04-05,Monaco vs Marseille,Monaco,Paul Pogba,0,0.0,0,0,✅ OPTIMALE (14j),Non renseigné (Auto),N/A
Ligue_1,2026-04-05,Monaco vs Marseille,Monaco,Philipp Köhn,0,0.0,0,0,✅ OPTIMALE (14j),Non renseigné (Auto),N/A
Ligue_1,2026-04-05,Monaco vs Marseille,Monaco,Samuel Nibombé,0,0.0,0,0,✅ OPTIMALE (14j),Non renseigné (Auto),N/A
Ligue_1,2026-04-05,Monaco vs Marseille,Monaco,Aladji Bamba,0,0.0,0,5,✅ OPTIMALE (14j),Non renseigné (Auto),N/A
Serie_A,2026-04-04,Napoli vs AC Milan,AC Milan,Rafael Leão,9,8.16054668277502,49,16,✅ OPTIMALE (14j),Non renseigné (Auto),N/A
Serie_A,2026-04-04,Napoli vs AC Milan,AC Milan,Christian Pulisic,8,8.624336488544941,45,32,✅ OPTIMALE (14j),Non renseigné (Auto),N/A
Serie_A,2026-04-04,Napoli vs AC Milan,AC Milan,Alexis Saelemaekers,2,2.7036973582580686,37,43,✅ OPTIMALE (14j),Non renseigné (Auto),N/A
Serie_A,2026-04-04,Napoli vs AC Milan,AC Milan,Youssouf Fofana,2,4.189222369343042,35,31,✅ OPTIMALE (14j),Non renseigné (Auto),N/A
Serie_A,2026-04-04,Napoli vs AC Milan,AC Milan,Adrien Rabiot,5,2.971478920429945,31,21,✅ OPTIMALE (14j),Non renseigné (Auto),N/A
Serie_A,2026-04-04,Napoli vs AC Milan,AC Milan,Ruben Loftus-Cheek,3,4.1393546694889665,29,9,✅ OPTIMALE (14j),Non renseigné (Auto),N/A
Serie_A,2026-04-04,Napoli vs AC Milan,AC Milan,Santiago Giménez,0,3.3246460631489754,21,3,✅ OPTIMALE (14j),Non renseigné (Auto),N/A
Serie_A,2026-04-04,Napoli vs AC Milan,AC Milan,Christopher Nkunku,5,7.36657902598381,20,12,✅ OPTIMALE (14j),Non renseigné (Auto),N/A
Serie_A,2026-04-04,Napoli vs AC Milan,AC Milan,Strahinja Pavlovic,4,2.883064480498433,19,11,✅ OPTIMALE (14j),Non renseigné (Auto),N/A
Serie_A,2026-04-04,Napoli vs AC Milan,AC Milan,Davide Bartesaghi,2,1.2708141598850489,19,36,✅ OPTIMALE (14j),Non renseigné (Auto),N/A
Serie_A,2026-04-04,Napoli vs AC Milan,AC Milan,Matteo Gabbia,0,1.4391436912119389,18,2,✅ OPTIMALE (14j),Non renseigné (Auto),N/A
Serie_A,2026-04-04,Napoli vs AC Milan,AC Milan,Luka Modric,2,1.171941407956183,17,46,✅ OPTIMALE (14j),Non renseigné (Auto),N/A
Serie_A,2026-04-04,Napoli vs AC Milan,AC Milan,Samuele Ricci,1,2.019786413758993,16,16,✅ OPTIMALE (14j),Non renseigné (Auto),N/A
Serie_A,2026-04-04,Napoli vs AC Milan,AC Milan,Niclas Füllkrug,1,3.2800373006612062,15,5,✅ OPTIMALE (14j),Non renseigné (Auto),N/A
Serie_A,2026-04-04,Napoli vs AC Milan,AC Milan,Estupiñán,1,0.4771555783227086,9,12,✅ OPTIMALE (14j),Non renseigné (Auto),N/A
Serie_A,2026-04-04,Napoli vs AC Milan,AC Milan,Fikayo Tomori,0,0.594410877674818,9,4,✅ OPTIMALE (14j),Non renseigné (Auto),N/A
Serie_A,2026-04-04,Napoli vs AC Milan,AC Milan,Koni de Winter,1,0.7965529607608914,7,3,✅ OPTIMALE (14j),Non renseigné (Auto),N/A
Serie_A,2026-04-04,Napoli vs AC Milan,AC Milan,Zachary Athekame,1,0.2241276577115059,7,8,✅ OPTIMALE (14j),Non renseigné (Auto),N/A
Serie_A,2026-04-04,Napoli vs AC Milan,AC Milan,Ardon Jashari,0,0.2340139765292406,6,8,✅ OPTIMALE (14j),Non renseigné (Auto),N/A
Serie_A,2026-04-04,Napoli vs AC Milan,AC Milan,Cheveyo Mul,0,0.08480344712734222,1,0,✅ OPTIMALE (14j),Non renseigné (Auto),N/A
Serie_A,2026-04-04,Napoli vs AC Milan,AC Milan,Mike Maignan,0,0.0,0,0,✅ OPTIMALE (14j),Non renseigné (Auto),N/A
Serie_A,2026-04-04,Napoli vs AC Milan,AC Milan,Pietro Terracciano,0,0.0,0,0,✅ OPTIMALE (14j),Non renseigné (Auto),N/A
Serie_A,2026-04-04,Napoli vs AC Milan,AC Milan,Samuel Chukwueze,0,0.0,0,0,✅ OPTIMALE (14j),Non renseigné (Auto),N/A
Serie_A,2026-04-04,Napoli vs AC Milan,AC Milan,Yunus Musah,0,0.0,0,2,✅ OPTIMALE (14j),Non renseigné (Auto),N/A
Serie_A,2026-04-04,Napoli vs AC Milan,AC Milan,David Odogu,0,0.0,0,0,✅ OPTIMALE (14j),Non renseigné (Auto),N/A
Serie_A,2026-04-04,Napoli vs AC Milan,AC Milan,Alejandro Jiménez,0,0.0,0,2,✅ OPTIMALE (14j),Non renseigné (Auto),N/A
Serie_A,2026-04-04,Napoli vs AC Milan,Napoli,Scott McTominay,7,7.822556588798761,72,17,✅ OPTIMALE (15j),Non renseigné (Auto),N/A
Serie_A,2026-04-04,Napoli vs AC Milan,Napoli,Rasmus Højlund,10,11.548492453992367,46,24,✅ OPTIMALE (15j),Non renseigné (Auto),N/A
Serie_A,2026-04-04,Napoli vs AC Milan,Napoli,Matteo Politano,1,2.5366410482674837,42,32,✅ OPTIMALE (15j),Non renseigné (Auto),N/A
Serie_A,2026-04-04,Napoli vs AC Milan,Napoli,Giovanni Di Lorenzo,1,1.6072253063321114,23,14,✅ OPTIMALE (15j),Non renseigné (Auto),N/A
Serie_A,2026-04-04,Napoli vs AC Milan,Napoli,Kevin De Bruyne,4,3.17898016422987,22,21,✅ OPTIMALE (15j),Non renseigné (Auto),N/A
Serie_A,2026-04-04,Napoli vs AC Milan,Napoli,Eljif Elmas,1,2.991821128875017,20,20,✅ OPTIMALE (15j),Non renseigné (Auto),N/A
Serie_A,2026-04-04,Napoli vs AC Milan,Napoli,Franck Zambo,4,2.296694092452526,19,11,✅ OPTIMALE (15j),Non renseigné (Auto),N/A
Serie_A,2026-04-04,Napoli vs AC Milan,Napoli,Leonardo Spinazzola,3,1.102365605533123,19,25,✅ OPTIMALE (15j),Non renseigné (Auto),N/A
Serie_A,2026-04-04,Napoli vs AC Milan,Napoli,David Neres,3,1.484556145966053,17,19,✅ OPTIMALE (15j),Non renseigné (Auto),N/A
Serie_A,2026-04-04,Napoli vs AC Milan,Napoli,Lorenzo Lucca,1,1.9075428172945976,15,2,✅ OPTIMALE (15j),Non renseigné (Auto),N/A
Serie_A,2026-04-04,Napoli vs AC Milan,Napoli,Alisson Santos,2,0.6608269512653351,13,4,✅ OPTIMALE (15j),Non renseigné (Auto),N/A
Serie_A,2026-04-04,Napoli vs AC Milan,Napoli,Miguel Gutiérrez,1,0.4679034370929003,11,12,✅ OPTIMALE (15j),Non renseigné (Auto),N/A
Serie_A,2026-04-04,Napoli vs AC Milan,Napoli,Antonio Vergara,1,0.7055973187088966,10,11,✅ OPTIMALE (15j),Non renseigné (Auto),N/A
Serie_A,2026-04-04,Napoli vs AC Milan,Napoli,Billy Gilmour,1,0.5162047650665045,9,5,✅ OPTIMALE (15j),Non renseigné (Auto),N/A
Serie_A,2026-04-04,Napoli vs AC Milan,Napoli,Noa Lang,1,1.3651904631406069,9,14,✅ OPTIMALE (15j),Non renseigné (Auto),N/A
Serie_A,2026-04-04,Napoli vs AC Milan,Napoli,Amir Rrahmani,1,0.6683423817157745,8,3,✅ OPTIMALE (15j),Non renseigné (Auto),N/A
Serie_A,2026-04-04,Napoli vs AC Milan,Napoli,Stanislav Lobotka,1,0.3973950408399105,7,14,✅ OPTIMALE (15j),Non renseigné (Auto),N/A
Serie_A,2026-04-04,Napoli vs AC Milan,Napoli,Sam Beukema,2,1.6492872759699821,6,5,✅ OPTIMALE (15j),Non renseigné (Auto),N/A
Serie_A,2026-04-04,Napoli vs AC Milan,Napoli,Alessandro Buongiorno,0,1.5551931895315647,6,1,✅ OPTIMALE (15j),Non renseigné (Auto),N/A
Serie_A,2026-04-04,Napoli vs AC Milan,Napoli,Mathías Olivera,0,1.6962441354990005,5,5,✅ OPTIMALE (15j),Non renseigné (Auto),N/A
Serie_A,2026-04-04,Napoli vs AC Milan,Napoli,Juan Jesus,0,0.20742123201489449,3,4,✅ OPTIMALE (15j),Non renseigné (Auto),N/A
Serie_A,2026-04-04,Napoli vs AC Milan,Napoli,Romelu Lukaku,1,0.5893245413899422,2,2,✅ OPTIMALE (15j),Non renseigné (Auto),N/A
Serie_A,2026-04-04,Napoli vs AC Milan,Napoli,Pasquale Mazzocchi,0,0.04652746394276619,2,1,✅ OPTIMALE (15j),Non renseigné (Auto),N/A
Serie_A,2026-04-04,Napoli vs AC Milan,Napoli,Giovane,0,0.19288308918476105,2,3,✅ OPTIMALE (15j),Non renseigné (Auto),N/A
Serie_A,2026-04-04,Napoli vs AC Milan,Napoli,Luca Marianucci,0,0.011879871599376202,1,3,✅ OPTIMALE (15j),Non renseigné (Auto),N/A
Serie_A,2026-04-04,Napoli vs AC Milan,Napoli,Alex Meret,0,0.0,0,1,✅ OPTIMALE (15j),Non renseigné (Auto),N/A
Serie_A,2026-04-04,Napoli vs AC Milan,Napoli,Vanja Milinkovic-Savic,0,0.0,0,2,✅ OPTIMALE (15j),Non renseigné (Auto),N/A
Serie_A,2026-04-04,Napoli vs AC Milan,Napoli,Giuseppe Ambrosino,0,0.0,0,0,✅ OPTIMALE (15j),Non renseigné (Auto),N/A
Ligue_1,2026-04-05,Paris Saint Germain vs Toulouse,Paris Saint Germain,Bradley Barcola,10,9.821227848529816,55,32,✅ OPTIMALE (15j),Non renseigné (Auto),N/A
Ligue_1,2026-04-05,Paris Saint Germain vs Toulouse,Paris Saint Germain,Khvicha Kvaratskhelia,4,5.376902777701616,50,28,✅ OPTIMALE (15j),Non renseigné (Auto),N/A
Ligue_1,2026-04-05,Paris Saint Germain vs Toulouse,Paris Saint Germain,Gonçalo Ramos,5,7.1999732200056314,47,13,✅ OPTIMALE (15j),Non renseigné (Auto),N/A
Ligue_1,2026-04-05,Paris Saint Germain vs Toulouse,Paris Saint Germain,Désiré Doué,5,7.340775988996029,40,22,✅ OPTIMALE (15j),Non renseigné (Auto),N/A
Ligue_1,2026-04-05,Paris Saint Germain vs Toulouse,Paris Saint Germain,Ousmane Dembélé,8,4.905307702720165,33,33,✅ OPTIMALE (15j),Non renseigné (Auto),N/A
Ligue_1,2026-04-05,Paris Saint Germain vs Toulouse,Paris Saint Germain,Lee Kang-In,2,2.406436964869499,32,41,✅ OPTIMALE (15j),Non renseigné (Auto),N/A
Ligue_1,2026-04-05,Paris Saint Germain vs Toulouse,Paris Saint Germain,Vitinha,1,0.890582175925374,31,34,✅ OPTIMALE (15j),Non renseigné (Auto),N/A
Ligue_1,2026-04-05,Paris Saint Germain vs Toulouse,Paris Saint Germain,Nuno Mendes,4,3.76881018653512,29,28,✅ OPTIMALE (15j),Non renseigné (Auto),N/A
Ligue_1,2026-04-05,Paris Saint Germain vs Toulouse,Paris Saint Germain,Senny Mayulu,3,3.3705584071576595,23,27,✅ OPTIMALE (15j),Non renseigné (Auto),N/A
Ligue_1,2026-04-05,Paris Saint Germain vs Toulouse,Paris Saint Germain,João Neves,5,2.70427505671978,21,10,✅ OPTIMALE (15j),Non renseigné (Auto),N/A
Ligue_1,2026-04-05,Paris Saint Germain vs Toulouse,Paris Saint Germain,Achraf Hakimi,2,2.231421809643507,21,15,✅ OPTIMALE (15j),Non renseigné (Auto),N/A
Ligue_1,2026-04-05,Paris Saint Germain vs Toulouse,Paris Saint Germain,Warren Zaïre-Emery,2,2.0485235983505845,18,37,✅ OPTIMALE (15j),Non renseigné (Auto),N/A
Ligue_1,2026-04-05,Paris Saint Germain vs Toulouse,Paris Saint Germain,Ibrahim Mbaye,1,2.2309685610234737,18,17,✅ OPTIMALE (15j),Non renseigné (Auto),N/A
Ligue_1,2026-04-05,Paris Saint Germain vs Toulouse,Paris Saint Germain,Fabián,1,1.5254386328160763,13,12,✅ OPTIMALE (15j),Non renseigné (Auto),N/A
Ligue_1,2026-04-05,Paris Saint Germain vs Toulouse,Paris Saint Germain,Quentin Ndjantou,1,1.466904889792204,9,5,✅ OPTIMALE (15j),Non renseigné (Auto),N/A
Ligue_1,2026-04-05,Paris Saint Germain vs Toulouse,Paris Saint Germain,Lucas Hernández,0,0.2572824377566576,7,13,✅ OPTIMALE (15j),Non renseigné (Auto),N/A
Ligue_1,2026-04-05,Paris Saint Germain vs Toulouse,Paris Saint Germain,William Pacho,0,0.3097534291446209,7,2,✅ OPTIMALE (15j),Non renseigné (Auto),N/A
Ligue_1,2026-04-05,Paris Saint Germain vs Toulouse,Paris Saint Germain,Illia Zabarnyi,1,0.44194234162569046,3,4,✅ OPTIMALE (15j),Non renseigné (Auto),N/A
Ligue_1,2026-04-05,Paris Saint Germain vs Toulouse,Paris Saint Germain,Beraldo,1,0.38416479155421257,3,1,✅ OPTIMALE (15j),Non renseigné (Auto),N/A
Ligue_1,2026-04-05,Paris Saint Germain vs Toulouse,Paris Saint Germain,Dro Fernández,1,0.8376500084996223,3,2,✅ OPTIMALE (15j),Non renseigné (Auto),N/A
Ligue_1,2026-04-05,Paris Saint Germain vs Toulouse,Paris Saint Germain,Marquinhos,0,0.02735482156276703,1,2,✅ OPTIMALE (15j),Non renseigné (Auto),N/A
Ligue_1,2026-04-05,Paris Saint Germain vs Toulouse,Paris Saint Germain,Matvey Safonov,0,0.0,0,2,✅ OPTIMALE (15j),Non renseigné (Auto),N/A
Ligue_1,2026-04-05,Paris Saint Germain vs Toulouse,Paris Saint Germain,Lucas Chevalier,0,0.0,0,0,✅ OPTIMALE (15j),Non renseigné (Auto),N/A
Ligue_1,2026-04-05,Paris Saint Germain vs Toulouse,Paris Saint Germain,Mathis Jangeal,0,0.0,0,0,✅ OPTIMALE (15j),Non renseigné (Auto),N/A
Ligue_1,2026-04-05,Paris Saint Germain vs Toulouse,Paris Saint Germain,Noah Nsoki,0,0.0,0,0,✅ OPTIMALE (15j),Non renseigné (Auto),N/A
Ligue_1,2026-04-05,Paris Saint Germain vs Toulouse,Toulouse,Yann Gboho,8,4.700938042253256,48,51,✅ OPTIMALE (15j),Non renseigné (Auto),N/A
Ligue_1,2026-04-05,Paris Saint Germain vs Toulouse,Toulouse,Emersonn,5,6.292094625532627,44,14,✅ OPTIMALE (15j),Non renseigné (Auto),N/A
Ligue_1,2026-04-05,Paris Saint Germain vs Toulouse,Toulouse,Frank Magri,5,4.1963038221001625,33,14,✅ OPTIMALE (15j),Non renseigné (Auto),N/A
Ligue_1,2026-04-05,Paris Saint Germain vs Toulouse,Toulouse,Aron Dønnum,4,4.366439597681165,33,56,✅ OPTIMALE (15j),Non renseigné (Auto),N/A
Ligue_1,2026-04-05,Paris Saint Germain vs Toulouse,Toulouse,Charlie Cresswell,3,3.023215001448989,31,9,✅ OPTIMALE (15j),Non renseigné (Auto),N/A
Ligue_1,2026-04-05,Paris Saint Germain vs Toulouse,Toulouse,Santiago Hidalgo,4,3.359374262392521,27,10,✅ OPTIMALE (15j),Non renseigné (Auto),N/A
Ligue_1,2026-04-05,Paris Saint Germain vs Toulouse,Toulouse,Pape Diop,1,1.3271832102909684,23,16,✅ OPTIMALE (15j),Non renseigné (Auto),N/A
Ligue_1,2026-04-05,Paris Saint Germain vs Toulouse,Toulouse,Cristian Cásseres Jr.,1,1.621417237445712,21,29,✅ OPTIMALE (15j),Non renseigné (Auto),N/A
Ligue_1,2026-04-05,Paris Saint Germain vs Toulouse,Toulouse,Mário Sauer,1,1.2579462807625532,13,2,✅ OPTIMALE (15j),Non renseigné (Auto),N/A
Ligue_1,2026-04-05,Paris Saint Germain vs Toulouse,Toulouse,Rasmus Nicolaisen,0,0.6196369072422385,13,2,✅ OPTIMALE (15j),Non renseigné (Auto),N/A
Ligue_1,2026-04-05,Paris Saint Germain vs Toulouse,Toulouse,Dayann Methalie,0,0.9077294152230024,11,7,✅ OPTIMALE (15j),Non renseigné (Auto),N/A
Ligue_1,2026-04-05,Paris Saint Germain vs Toulouse,Toulouse,Warren Kamanzi,0,0.7507370207458735,9,9,✅ OPTIMALE (15j),Non renseigné (Auto),N/A
Ligue_1,2026-04-05,Paris Saint Germain vs Toulouse,Toulouse,Julián Vignolo,2,1.6874926052987576,8,7,✅ OPTIMALE (15j),Non renseigné (Auto),N/A
Ligue_1,2026-04-05,Paris Saint Germain vs Toulouse,Toulouse,Alexis Vossah,1,0.4387269616127014,8,4,✅ OPTIMALE (15j),Non renseigné (Auto),N/A
Ligue_1,2026-04-05,Paris Saint Germain vs Toulouse,Toulouse,Noah Edjouma,0,0.4386063180863857,8,6,✅ OPTIMALE (15j),Non renseigné (Auto),N/A
Ligue_1,2026-04-05,Paris Saint Germain vs Toulouse,Toulouse,Djibril Sidibe,3,2.476725846529007,7,14,✅ OPTIMALE (15j),Non renseigné (Auto),N/A
Ligue_1,2026-04-05,Paris Saint Germain vs Toulouse,Toulouse,Mark McKenzie,0,0.2593727596104145,6,14,✅ OPTIMALE (15j),Non renseigné (Auto),N/A
Ligue_1,2026-04-05,Paris Saint Germain vs Toulouse,Toulouse,Abu Francis,0,0.17653927952051163,6,1,✅ OPTIMALE (15j),Non renseigné (Auto),N/A
Ligue_1,2026-04-05,Paris Saint Germain vs Toulouse,Toulouse,Jacen Russell-Rowe,0,0.7513042334467173,6,5,✅ OPTIMALE (15j),Non renseigné (Auto),N/A
Ligue_1,2026-04-05,Paris Saint Germain vs Toulouse,Toulouse,Jaydee Canvot,0,0.10035194456577301,2,0,✅ OPTIMALE (15j),Non renseigné (Auto),N/A
Ligue_1,2026-04-05,Paris Saint Germain vs Toulouse,Toulouse,Seny Koumbassa,0,0.05885527282953262,1,0,✅ OPTIMALE (15j),Non renseigné (Auto),N/A
Ligue_1,2026-04-05,Paris Saint Germain vs Toulouse,Toulouse,Kjetil Haug,0,0.0,0,0,✅ OPTIMALE (15j),Non renseigné (Auto),N/A
Ligue_1,2026-04-05,Paris Saint Germain vs Toulouse,Toulouse,Guillaume Restes,0,0.0,0,1,✅ OPTIMALE (15j),Non renseigné (Auto),N/A
Ligue_1,2026-04-05,Paris Saint Germain vs Toulouse,Toulouse,Rafik Messali,0,0.0,0,3,✅ OPTIMALE (15j),Non renseigné (Auto),N/A
Ligue_1,2026-04-05,Paris Saint Germain vs Toulouse,Toulouse,Mathis Saka,0,0.0,0,0,✅ OPTIMALE (15j),Non renseigné (Auto),N/A
Serie_A,2026-04-04,Pisa vs Torino,Pisa,Stefano Moreo,6,5.1282090321183205,41,17,✅ OPTIMALE (13j),Non renseigné (Auto),N/A
Serie_A,2026-04-04,Pisa vs Torino,Pisa,M&#039;Bala Nzola,3,5.462795589119196,28,15,✅ OPTIMALE (13j),Non renseigné (Auto),N/A
Serie_A,2026-04-04,Pisa vs Torino,Pisa,Matteo Tramoni,2,2.8319950979202986,26,25,✅ OPTIMALE (13j),Non renseigné (Auto),N/A
Serie_A,2026-04-04,Pisa vs Torino,Pisa,Idrissa Touré,1,2.2981426808983088,26,18,✅ OPTIMALE (13j),Non renseigné (Auto),N/A
Serie_A,2026-04-04,Pisa vs Torino,Pisa,Mehdi Leris,1,1.8835984747856855,21,21,✅ OPTIMALE (13j),Non renseigné (Auto),N/A
Serie_A,2026-04-04,Pisa vs Torino,Pisa,Antonio Caracciolo,2,2.2082683532498777,20,1,✅ OPTIMALE (13j),Non renseigné (Auto),N/A
Serie_A,2026-04-04,Pisa vs Torino,Pisa,Henrik Meister,2,5.001300344243646,19,4,✅ OPTIMALE (13j),Non renseigné (Auto),N/A
Serie_A,2026-04-04,Pisa vs Torino,Pisa,Michel Aebischer,1,0.6022620284929872,13,27,✅ OPTIMALE (13j),Non renseigné (Auto),N/A
Serie_A,2026-04-04,Pisa vs Torino,Pisa,Gabriele Piccinini,0,2.0291440673172474,13,6,✅ OPTIMALE (13j),Non renseigné (Auto),N/A
Serie_A,2026-04-04,Pisa vs Torino,Pisa,Simone Canestrelli,0,1.0845902226865292,11,9,✅ OPTIMALE (13j),Non renseigné (Auto),N/A
Serie_A,2026-04-04,Pisa vs Torino,Pisa,Ebenezer Akinsanmiro,0,0.9696200275793672,11,13,✅ OPTIMALE (13j),Non renseigné (Auto),N/A
Serie_A,2026-04-04,Pisa vs Torino,Pisa,Juan Cuadrado,1,0.8852794030681252,8,9,✅ OPTIMALE (13j),Non renseigné (Auto),N/A
Serie_A,2026-04-04,Pisa vs Torino,Pisa,Samuele Angori,0,0.579201340675354,8,28,✅ OPTIMALE (13j),Non renseigné (Auto),N/A
Serie_A,2026-04-04,Pisa vs Torino,Pisa,Felipe Loyola,1,0.5993520775809884,7,2,✅ OPTIMALE (13j),Non renseigné (Auto),N/A
Serie_A,2026-04-04,Pisa vs Torino,Pisa,Rafiu Durosinmi,1,0.4681781344115734,6,2,✅ OPTIMALE (13j),Non renseigné (Auto),N/A
Serie_A,2026-04-04,Pisa vs Torino,Pisa,Giovanni Bonfanti,0,0.28637711610645056,6,3,✅ OPTIMALE (13j),Non renseigné (Auto),N/A
Serie_A,2026-04-04,Pisa vs Torino,Pisa,Arturo Calabresi,0,0.24077298864722252,4,4,✅ OPTIMALE (13j),Non renseigné (Auto),N/A
Serie_A,2026-04-04,Pisa vs Torino,Pisa,Filip Stojilkovic,0,0.5575930923223495,4,0,✅ OPTIMALE (13j),Non renseigné (Auto),N/A
Serie_A,2026-04-04,Pisa vs Torino,Pisa,Mateus Lusuardi,0,0.11973656341433525,4,1,✅ OPTIMALE (13j),Non renseigné (Auto),N/A
Serie_A,2026-04-04,Pisa vs Torino,Pisa,Lorran,1,0.7093146331608295,3,1,✅ OPTIMALE (13j),Non renseigné (Auto),N/A
Serie_A,2026-04-04,Pisa vs Torino,Pisa,Marius Marin,0,0.0855703866109252,3,2,✅ OPTIMALE (13j),Non renseigné (Auto),N/A
Serie_A,2026-04-04,Pisa vs Torino,Pisa,Malthe Højholt,0,0.6570883318781853,3,3,✅ OPTIMALE (13j),Non renseigné (Auto),N/A
Serie_A,2026-04-04,Pisa vs Torino,Pisa,Isak Vural,0,0.11410574428737164,3,2,✅ OPTIMALE (13j),Non renseigné (Auto),N/A
Serie_A,2026-04-04,Pisa vs Torino,Pisa,Calvin Stengs,0,0.05077164247632027,2,1,✅ OPTIMALE (13j),Non renseigné (Auto),N/A
Serie_A,2026-04-04,Pisa vs Torino,Pisa,Francesco Coppola,0,0.09263791888952255,2,0,✅ OPTIMALE (13j),Non renseigné (Auto),N/A
Serie_A,2026-04-04,Pisa vs Torino,Pisa,Raúl Albiol,0,0.06764602661132812,1,3,✅ OPTIMALE (13j),Non renseigné (Auto),N/A
Serie_A,2026-04-04,Pisa vs Torino,Pisa,Rosen Bozhinov,0,0.008398187346756458,1,3,✅ OPTIMALE (13j),Non renseigné (Auto),N/A
Serie_A,2026-04-04,Pisa vs Torino,Pisa,Simone Scuffet,0,0.0,0,0,✅ OPTIMALE (13j),Non renseigné (Auto),N/A
Serie_A,2026-04-04,Pisa vs Torino,Pisa,Nícolas,0,0.0,0,0,✅ OPTIMALE (13j),Non renseigné (Auto),N/A
Serie_A,2026-04-04,Pisa vs Torino,Pisa,Adrian Semper,0,0.0,0,0,✅ OPTIMALE (13j),Non renseigné (Auto),N/A
Serie_A,2026-04-04,Pisa vs Torino,Pisa,Samuel Iling-Junior,0,0.0,0,1,✅ OPTIMALE (13j),Non renseigné (Auto),N/A
Serie_A,2026-04-04,Pisa vs Torino,Pisa,Daniel Denoon,0,0.0,0,0,✅ OPTIMALE (13j),Non renseigné (Auto),N/A
Serie_A,2026-04-04,Pisa vs Torino,Pisa,Louis Buffon,0,0.0,0,0,✅ OPTIMALE (13j),Non renseigné (Auto),N/A
Serie_A,2026-04-04,Pisa vs Torino,Pisa,Tomás Esteves,0,0.0,0,0,✅ OPTIMALE (13j),Non renseigné (Auto),N/A
Serie_A,2026-04-04,Pisa vs Torino,Torino,Giovanni Simeone,8,7.367947561666369,55,14,✅ OPTIMALE (14j),Non renseigné (Auto),N/A
Serie_A,2026-04-04,Pisa vs Torino,Torino,Che Adams,4,4.902902293950319,44,23,✅ OPTIMALE (14j),Non renseigné (Auto),N/A
Serie_A,2026-04-04,Pisa vs Torino,Torino,Nikola Vlasic,7,6.0903770215809345,41,41,✅ OPTIMALE (14j),Non renseigné (Auto),N/A
Serie_A,2026-04-04,Pisa vs Torino,Torino,Cesare Casadei,4,3.514064121991396,29,14,✅ OPTIMALE (14j),Non renseigné (Auto),N/A
Serie_A,2026-04-04,Pisa vs Torino,Torino,Duván Zapata,3,4.024979934096336,28,9,✅ OPTIMALE (14j),Non renseigné (Auto),N/A
Serie_A,2026-04-04,Pisa vs Torino,Torino,Cyril Ngonge,1,2.7625477351248264,24,12,✅ OPTIMALE (14j),Non renseigné (Auto),N/A
Serie_A,2026-04-04,Pisa vs Torino,Torino,Kristjan Asllani,0,1.1615827651694417,20,16,✅ OPTIMALE (14j),Non renseigné (Auto),N/A
Serie_A,2026-04-04,Pisa vs Torino,Torino,Guillermo Maripán,2,2.4348368234932423,18,8,✅ OPTIMALE (14j),Non renseigné (Auto),N/A
Serie_A,2026-04-04,Pisa vs Torino,Torino,Saúl Coco,1,1.0719499848783016,14,9,✅ OPTIMALE (14j),Non renseigné (Auto),N/A
Serie_A,2026-04-04,Pisa vs Torino,Torino,Gvidas Gineitis,0,0.3974787062034011,13,22,✅ OPTIMALE (14j),Non renseigné (Auto),N/A
Serie_A,2026-04-04,Pisa vs Torino,Torino,Marcus Pedersen,0,0.9995219148695469,10,13,✅ OPTIMALE (14j),Non renseigné (Auto),N/A
Serie_A,2026-04-04,Pisa vs Torino,Torino,Emirhan Ilkhan,1,1.323092428036034,8,9,✅ OPTIMALE (14j),Non renseigné (Auto),N/A
Serie_A,2026-04-04,Pisa vs Torino,Torino,Matteo Prati,0,0.2367234155535698,8,2,✅ OPTIMALE (14j),Non renseigné (Auto),N/A
Serie_A,2026-04-04,Pisa vs Torino,Torino,Valentino Lazaro,0,0.4090384617447853,7,24,✅ OPTIMALE (14j),Non renseigné (Auto),N/A
Serie_A,2026-04-04,Pisa vs Torino,Torino,Zakaria Aboukhlal,0,0.41217751428484917,7,3,✅ OPTIMALE (14j),Non renseigné (Auto),N/A
Serie_A,2026-04-04,Pisa vs Torino,Torino,Ardian Ismajli,0,0.7488318141549826,6,4,✅ OPTIMALE (14j),Non renseigné (Auto),N/A
Serie_A,2026-04-04,Pisa vs Torino,Torino,Adrien Tameze,0,0.22257451061159372,5,8,✅ OPTIMALE (14j),Non renseigné (Auto),N/A
Serie_A,2026-04-04,Pisa vs Torino,Torino,Faustino Anjorin,0,0.603797011077404,4,2,✅ OPTIMALE (14j),Non renseigné (Auto),N/A
Serie_A,2026-04-04,Pisa vs Torino,Torino,Sandro Kulenovic,0,0.7847316991537809,4,3,✅ OPTIMALE (14j),Non renseigné (Auto),N/A
Serie_A,2026-04-04,Pisa vs Torino,Torino,Niels Nkounkou,0,0.1008736714720726,3,6,✅ OPTIMALE (14j),Non renseigné (Auto),N/A
Serie_A,2026-04-04,Pisa vs Torino,Torino,Rafael Obrador,0,0.10234027169644833,3,6,✅ OPTIMALE (14j),Non renseigné (Auto),N/A
Serie_A,2026-04-04,Pisa vs Torino,Torino,Alieu Njie,1,0.6551843285560608,2,2,✅ OPTIMALE (14j),Non renseigné (Auto),N/A
Serie_A,2026-04-04,Pisa vs Torino,Torino,Cristiano Biraghi,0,0.0619102343916893,2,7,✅ OPTIMALE (14j),Non renseigné (Auto),N/A
Serie_A,2026-04-04,Pisa vs Torino,Torino,Ali Dembélé,0,0.05246631056070328,1,0,✅ OPTIMALE (14j),Non renseigné (Auto),N/A
Serie_A,2026-04-04,Pisa vs Torino,Torino,Adam Masina,0,0.0,0,2,✅ OPTIMALE (14j),Non renseigné (Auto),N/A
Serie_A,2026-04-04,Pisa vs Torino,Torino,Enzo Ebosse,0,0.0,0,0,✅ OPTIMALE (14j),Non renseigné (Auto),N/A
Serie_A,2026-04-04,Pisa vs Torino,Torino,Ivan Ilic,0,0.0,0,8,✅ OPTIMALE (14j),Non renseigné (Auto),N/A
Serie_A,2026-04-04,Pisa vs Torino,Torino,Alberto Paleari,0,0.0,0,0,✅ OPTIMALE (14j),Non renseigné (Auto),N/A
Serie_A,2026-04-04,Pisa vs Torino,Torino,Franco Israel,0,0.0,0,0,✅ OPTIMALE (14j),Non renseigné (Auto),N/A
Serie_A,2026-04-04,Pisa vs Torino,Torino,Luca Marianucci,0,0.0,0,1,✅ OPTIMALE (14j),Non renseigné (Auto),N/A
La_Liga,2026-04-05,Rayo Vallecano vs Elche,Elche,Rafa Mir,8,7.06235602684319,61,9,✅ OPTIMALE (15j),Non renseigné (Auto),N/A
La_Liga,2026-04-05,Rayo Vallecano vs Elche,Elche,Alvaro Rodríguez,5,9.138823713175952,55,27,✅ OPTIMALE (15j),Non renseigné (Auto),N/A
La_Liga,2026-04-05,Rayo Vallecano vs Elche,Elche,André Silva,7,7.611753669567406,39,18,✅ OPTIMALE (15j),Non renseigné (Auto),N/A
La_Liga,2026-04-05,Rayo Vallecano vs Elche,Elche,German Valera,4,2.137265430763364,23,33,✅ OPTIMALE (15j),Non renseigné (Auto),N/A
La_Liga,2026-04-05,Rayo Vallecano vs Elche,Elche,Aleix Febas,2,1.9752380400896072,20,22,✅ OPTIMALE (15j),Non renseigné (Auto),N/A
La_Liga,2026-04-05,Rayo Vallecano vs Elche,Elche,Grady Diangana,1,1.223698740825057,14,8,✅ OPTIMALE (15j),Non renseigné (Auto),N/A
La_Liga,2026-04-05,Rayo Vallecano vs Elche,Elche,Martim Neto,2,1.0407912489026785,12,23,✅ OPTIMALE (15j),Non renseigné (Auto),N/A
La_Liga,2026-04-05,Rayo Vallecano vs Elche,Elche,Rodrigo Mendoza,1,0.5731000499799848,11,10,✅ OPTIMALE (15j),Non renseigné (Auto),N/A
La_Liga,2026-04-05,Rayo Vallecano vs Elche,Elche,Hector Fort,1,0.6469519808888435,10,4,✅ OPTIMALE (15j),Non renseigné (Auto),N/A
La_Liga,2026-04-05,Rayo Vallecano vs Elche,Elche,Adrià Pedrosa,1,0.5727642625570297,9,20,✅ OPTIMALE (15j),Non renseigné (Auto),N/A
La_Liga,2026-04-05,Rayo Vallecano vs Elche,Elche,Lucas Cepeda,0,0.6002051569521427,9,4,✅ OPTIMALE (15j),Non renseigné (Auto),N/A
La_Liga,2026-04-05,Rayo Vallecano vs Elche,Elche,Pedro Bigas,0,0.8419484570622444,8,10,✅ OPTIMALE (15j),Non renseigné (Auto),N/A
La_Liga,2026-04-05,Rayo Vallecano vs Elche,Elche,David Affengruber,0,0.7534260423853993,8,6,✅ OPTIMALE (15j),Non renseigné (Auto),N/A
La_Liga,2026-04-05,Rayo Vallecano vs Elche,Elche,Leo Petrot,0,0.3728197030723095,7,1,✅ OPTIMALE (15j),Non renseigné (Auto),N/A
La_Liga,2026-04-05,Rayo Vallecano vs Elche,Elche,John Donald,1,0.7318225856870413,5,0,✅ OPTIMALE (15j),Non renseigné (Auto),N/A
La_Liga,2026-04-05,Rayo Vallecano vs Elche,Elche,Adam El Mokhtari,1,0.2682787664234638,5,1,✅ OPTIMALE (15j),Non renseigné (Auto),N/A
La_Liga,2026-04-05,Rayo Vallecano vs Elche,Elche,Victor Chust,0,0.3222646526992321,5,3,✅ OPTIMALE (15j),Non renseigné (Auto),N/A
La_Liga,2026-04-05,Rayo Vallecano vs Elche,Elche,Tete Morente,1,0.6189423575997353,4,4,✅ OPTIMALE (15j),Non renseigné (Auto),N/A
La_Liga,2026-04-05,Rayo Vallecano vs Elche,Elche,Álvaro Núñez,0,0.16962211206555367,4,20,✅ OPTIMALE (15j),Non renseigné (Auto),N/A
La_Liga,2026-04-05,Rayo Vallecano vs Elche,Elche,Josan,0,0.2787706330418587,3,15,✅ OPTIMALE (15j),Non renseigné (Auto),N/A
La_Liga,2026-04-05,Rayo Vallecano vs Elche,Elche,Marc Aguado,1,0.12538080662488937,2,5,✅ OPTIMALE (15j),Non renseigné (Auto),N/A
La_Liga,2026-04-05,Rayo Vallecano vs Elche,Elche,Yago Alonso,0,0.1545259803533554,2,2,✅ OPTIMALE (15j),Non renseigné (Auto),N/A
La_Liga,2026-04-05,Rayo Vallecano vs Elche,Elche,Ali Houary,0,0.05584482476115227,2,0,✅ OPTIMALE (15j),Non renseigné (Auto),N/A
La_Liga,2026-04-05,Rayo Vallecano vs Elche,Elche,Mourad El Ghezouani,0,0.1101522445678711,1,1,✅ OPTIMALE (15j),Non renseigné (Auto),N/A
La_Liga,2026-04-05,Rayo Vallecano vs Elche,Elche,Buba Sangaré,0,0.0734957829117775,1,0,✅ OPTIMALE (15j),Non renseigné (Auto),N/A
La_Liga,2026-04-05,Rayo Vallecano vs Elche,Elche,Federico Redondo,0,0.0722631886601448,1,1,✅ OPTIMALE (15j),Non renseigné (Auto),N/A
La_Liga,2026-04-05,Rayo Vallecano vs Elche,Elche,Gonzalo Villar,0,0.0,0,0,✅ OPTIMALE (15j),Non renseigné (Auto),N/A
La_Liga,2026-04-05,Rayo Vallecano vs Elche,Elche,Iñaki Peña,0,0.0,0,3,✅ OPTIMALE (15j),Non renseigné (Auto),N/A
La_Liga,2026-04-05,Rayo Vallecano vs Elche,Elche,Jairo Izquierdo,0,0.0,0,0,✅ OPTIMALE (15j),Non renseigné (Auto),N/A
La_Liga,2026-04-05,Rayo Vallecano vs Elche,Elche,Matías Dituro,0,0.0,0,1,✅ OPTIMALE (15j),Non renseigné (Auto),N/A
La_Liga,2026-04-05,Rayo Vallecano vs Elche,Elche,Bambo Diaby,0,0.0,0,0,✅ OPTIMALE (15j),Non renseigné (Auto),N/A
La_Liga,2026-04-05,Rayo Vallecano vs Elche,Elche,Álex Sánchez,0,0.0,0,1,✅ OPTIMALE (15j),Non renseigné (Auto),N/A
La_Liga,2026-04-05,Rayo Vallecano vs Elche,Rayo Vallecano,Jorge De Frutos,10,9.610572976991534,44,24,✅ OPTIMALE (14j),Non renseigné (Auto),N/A
La_Liga,2026-04-05,Rayo Vallecano vs Elche,Rayo Vallecano,Álvaro García,4,6.508965473622084,44,34,✅ OPTIMALE (14j),Non renseigné (Auto),N/A
La_Liga,2026-04-05,Rayo Vallecano vs Elche,Rayo Vallecano,Isi Palazón,3,4.175288739614189,41,34,✅ OPTIMALE (14j),Non renseigné (Auto),N/A
La_Liga,2026-04-05,Rayo Vallecano vs Elche,Rayo Vallecano,Florian Lejeune,0,1.4771429290995002,39,14,✅ OPTIMALE (14j),Non renseigné (Auto),N/A
La_Liga,2026-04-05,Rayo Vallecano vs Elche,Rayo Vallecano,Pedro Díaz,0,1.3170318808406591,32,18,✅ OPTIMALE (14j),Non renseigné (Auto),N/A
La_Liga,2026-04-05,Rayo Vallecano vs Elche,Rayo Vallecano,Andrei Ratiu,0,2.009364979341626,25,30,✅ OPTIMALE (14j),Non renseigné (Auto),N/A
La_Liga,2026-04-05,Rayo Vallecano vs Elche,Rayo Vallecano,Unai López,0,0.8990889443084598,17,26,✅ OPTIMALE (14j),Non renseigné (Auto),N/A
La_Liga,2026-04-05,Rayo Vallecano vs Elche,Rayo Vallecano,Alfonso Espino,2,1.87794469576329,15,10,✅ OPTIMALE (14j),Non renseigné (Auto),N/A
La_Liga,2026-04-05,Rayo Vallecano vs Elche,Rayo Vallecano,Pathé Ciss,2,3.047410293482244,15,10,✅ OPTIMALE (14j),Non renseigné (Auto),N/A
La_Liga,2026-04-05,Rayo Vallecano vs Elche,Rayo Vallecano,Fran Pérez,2,1.9216631539165974,15,13,✅ OPTIMALE (14j),Non renseigné (Auto),N/A
La_Liga,2026-04-05,Rayo Vallecano vs Elche,Rayo Vallecano,Pep Chavarría,1,0.5039447294548154,14,20,✅ OPTIMALE (14j),Non renseigné (Auto),N/A
La_Liga,2026-04-05,Rayo Vallecano vs Elche,Rayo Vallecano,Alemão,1,2.098992560058832,14,5,✅ OPTIMALE (14j),Non renseigné (Auto),N/A
La_Liga,2026-04-05,Rayo Vallecano vs Elche,Rayo Vallecano,Ilias Akhomach,0,1.2617832161486149,14,3,✅ OPTIMALE (14j),Non renseigné (Auto),N/A
La_Liga,2026-04-05,Rayo Vallecano vs Elche,Rayo Vallecano,Óscar Valentín,1,1.4860157845541835,13,5,✅ OPTIMALE (14j),Non renseigné (Auto),N/A
La_Liga,2026-04-05,Rayo Vallecano vs Elche,Rayo Vallecano,Nobel Mendy,2,2.1846237517893314,11,2,✅ OPTIMALE (14j),Non renseigné (Auto),N/A
La_Liga,2026-04-05,Rayo Vallecano vs Elche,Rayo Vallecano,Gerard Gumbau,0,0.36102063301950693,9,12,✅ OPTIMALE (14j),Non renseigné (Auto),N/A
La_Liga,2026-04-05,Rayo Vallecano vs Elche,Rayo Vallecano,Sergio Camello,0,1.3687525819987059,9,8,✅ OPTIMALE (14j),Non renseigné (Auto),N/A
La_Liga,2026-04-05,Rayo Vallecano vs Elche,Rayo Vallecano,Randy Nteka,0,0.208919795230031,4,1,✅ OPTIMALE (14j),Non renseigné (Auto),N/A
La_Liga,2026-04-05,Rayo Vallecano vs Elche,Rayo Vallecano,Carlos Martín,0,0.8444243520498276,4,1,✅ OPTIMALE (14j),Non renseigné (Auto),N/A
La_Liga,2026-04-05,Rayo Vallecano vs Elche,Rayo Vallecano,Luiz Felipe,0,0.23700565844774246,3,0,✅ OPTIMALE (14j),Non renseigné (Auto),N/A
La_Liga,2026-04-05,Rayo Vallecano vs Elche,Rayo Vallecano,Iván Balliu,0,0.61431117169559,2,2,✅ OPTIMALE (14j),Non renseigné (Auto),N/A
La_Liga,2026-04-05,Rayo Vallecano vs Elche,Rayo Vallecano,Óscar Trejo,0,0.11152663826942444,1,3,✅ OPTIMALE (14j),Non renseigné (Auto),N/A
La_Liga,2026-04-05,Rayo Vallecano vs Elche,Rayo Vallecano,Pelayo Fernández,0,0.05708131566643715,1,0,✅ OPTIMALE (14j),Non renseigné (Auto),N/A
La_Liga,2026-04-05,Rayo Vallecano vs Elche,Rayo Vallecano,Jozhua Vertrouwd,0,0.08462949842214584,1,2,✅ OPTIMALE (14j),Non renseigné (Auto),N/A
La_Liga,2026-04-05,Rayo Vallecano vs Elche,Rayo Vallecano,Augusto Batalla,0,0.0,0,2,✅ OPTIMALE (14j),Non renseigné (Auto),N/A
La_Liga,2026-04-05,Rayo Vallecano vs Elche,Rayo Vallecano,Samu Becerra,0,0.0,0,1,✅ OPTIMALE (14j),Non renseigné (Auto),N/A
La_Liga,2026-04-05,Real Betis vs Espanyol,Espanyol,Pere Milla,6,6.59700583666563,53,30,✅ OPTIMALE (15j),Non renseigné (Auto),N/A
La_Liga,2026-04-05,Real Betis vs Espanyol,Espanyol,Kike García,6,7.616363426670432,47,17,✅ OPTIMALE (15j),Non renseigné (Auto),N/A
La_Liga,2026-04-05,Real Betis vs Espanyol,Espanyol,Roberto Fernández,6,6.9480442283675075,47,16,✅ OPTIMALE (15j),Non renseigné (Auto),N/A
La_Liga,2026-04-05,Real Betis vs Espanyol,Espanyol,Leandro Cabrera,3,2.899823421612382,32,9,✅ OPTIMALE (15j),Non renseigné (Auto),N/A
La_Liga,2026-04-05,Real Betis vs Espanyol,Espanyol,Edu Expósito,1,2.0333495917730033,30,63,✅ OPTIMALE (15j),Non renseigné (Auto),N/A
La_Liga,2026-04-05,Real Betis vs Espanyol,Espanyol,Carlos Romero,5,2.5455135125666857,29,22,✅ OPTIMALE (15j),Non renseigné (Auto),N/A
La_Liga,2026-04-05,Real Betis vs Espanyol,Espanyol,Tyrhys Dolan,1,2.4351948723196983,29,25,✅ OPTIMALE (15j),Non renseigné (Auto),N/A
La_Liga,2026-04-05,Real Betis vs Espanyol,Espanyol,Jofre Carreras,1,1.7716937493532896,19,12,✅ OPTIMALE (15j),Non renseigné (Auto),N/A
La_Liga,2026-04-05,Real Betis vs Espanyol,Espanyol,Javi Puado,2,4.838970278389752,15,10,✅ OPTIMALE (15j),Non renseigné (Auto),N/A
La_Liga,2026-04-05,Real Betis vs Espanyol,Espanyol,Pol Lozano,1,0.631441667675972,15,21,✅ OPTIMALE (15j),Non renseigné (Auto),N/A
La_Liga,2026-04-05,Real Betis vs Espanyol,Espanyol,Urko Gonzalez,0,0.5406906176358461,13,10,✅ OPTIMALE (15j),Non renseigné (Auto),N/A
La_Liga,2026-04-05,Real Betis vs Espanyol,Espanyol,Ramón Terrats,1,0.8631772687658668,9,9,✅ OPTIMALE (15j),Non renseigné (Auto),N/A
La_Liga,2026-04-05,Real Betis vs Espanyol,Espanyol,Fernando Calero,0,1.864722820930183,9,3,✅ OPTIMALE (15j),Non renseigné (Auto),N/A
La_Liga,2026-04-05,Real Betis vs Espanyol,Espanyol,Charles Pickel,1,0.707883320748806,8,2,✅ OPTIMALE (15j),Non renseigné (Auto),N/A
La_Liga,2026-04-05,Real Betis vs Espanyol,Espanyol,Cyril Ngonge,0,0.3455728366971016,7,5,✅ OPTIMALE (15j),Non renseigné (Auto),N/A
La_Liga,2026-04-05,Real Betis vs Espanyol,Espanyol,Rubén Sánchez,0,0.05474662687629461,3,7,✅ OPTIMALE (15j),Non renseigné (Auto),N/A
La_Liga,2026-04-05,Real Betis vs Espanyol,Espanyol,Clemens Riedel,0,0.10876551270484924,3,3,✅ OPTIMALE (15j),Non renseigné (Auto),N/A
La_Liga,2026-04-05,Real Betis vs Espanyol,Espanyol,Antoniu Roca,0,0.18167980015277863,3,1,✅ OPTIMALE (15j),Non renseigné (Auto),N/A
La_Liga,2026-04-05,Real Betis vs Espanyol,Espanyol,Miguel Ángel Rubio,1,0.5985301695764065,2,0,✅ OPTIMALE (15j),Non renseigné (Auto),N/A
La_Liga,2026-04-05,Real Betis vs Espanyol,Espanyol,Luca Koleosho,0,0.024271871894598007,1,1,✅ OPTIMALE (15j),Non renseigné (Auto),N/A
La_Liga,2026-04-05,Real Betis vs Espanyol,Espanyol,Omar El Hilali,0,0.013671329244971275,1,13,✅ OPTIMALE (15j),Non renseigné (Auto),N/A
La_Liga,2026-04-05,Real Betis vs Espanyol,Espanyol,Marko Dmitrovic,0,0.0,0,1,✅ OPTIMALE (15j),Non renseigné (Auto),N/A
La_Liga,2026-04-05,Real Betis vs Espanyol,Espanyol,José Salinas,0,0.0,0,4,✅ OPTIMALE (15j),Non renseigné (Auto),N/A
La_Liga,2026-04-05,Real Betis vs Espanyol,Real Betis,Juan Camilo Hernández,8,9.013836115598679,69,28,✅ OPTIMALE (14j),Non renseigné (Auto),N/A
La_Liga,2026-04-05,Real Betis vs Espanyol,Real Betis,Antony,7,6.596224976703525,65,45,✅ OPTIMALE (14j),Non renseigné (Auto),N/A
La_Liga,2026-04-05,Real Betis vs Espanyol,Real Betis,Abdessamad Ezzalzouli,5,7.518654249608517,56,20,✅ OPTIMALE (14j),Non renseigné (Auto),N/A
La_Liga,2026-04-05,Real Betis vs Espanyol,Real Betis,Pablo Fornals,7,4.325887472368777,36,62,✅ OPTIMALE (14j),Non renseigné (Auto),N/A
La_Liga,2026-04-05,Real Betis vs Espanyol,Real Betis,Giovani Lo Celso,2,2.7339136879891157,27,24,✅ OPTIMALE (14j),Non renseigné (Auto),N/A
La_Liga,2026-04-05,Real Betis vs Espanyol,Real Betis,Aitor Ruibal,4,3.270938235335052,26,19,✅ OPTIMALE (14j),Non renseigné (Auto),N/A
La_Liga,2026-04-05,Real Betis vs Espanyol,Real Betis,Cédric Bakambu,3,4.317924939095974,20,3,✅ OPTIMALE (14j),Non renseigné (Auto),N/A
La_Liga,2026-04-05,Real Betis vs Espanyol,Real Betis,Rodrigo Riquelme,0,2.085785521194339,19,14,✅ OPTIMALE (14j),Non renseigné (Auto),N/A
La_Liga,2026-04-05,Real Betis vs Espanyol,Real Betis,Nelson Deossa,0,0.4419036190956831,16,5,✅ OPTIMALE (14j),Non renseigné (Auto),N/A
La_Liga,2026-04-05,Real Betis vs Espanyol,Real Betis,Marc Bartra,1,0.6712174732238054,14,5,✅ OPTIMALE (14j),Non renseigné (Auto),N/A
La_Liga,2026-04-05,Real Betis vs Espanyol,Real Betis,Marc Roca,0,0.7914713262580335,11,15,✅ OPTIMALE (14j),Non renseigné (Auto),N/A
La_Liga,2026-04-05,Real Betis vs Espanyol,Real Betis,Pablo García,0,1.302853174507618,11,2,✅ OPTIMALE (14j),Non renseigné (Auto),N/A
La_Liga,2026-04-05,Real Betis vs Espanyol,Real Betis,Valentín Gómez,1,0.9138773661106825,9,8,✅ OPTIMALE (14j),Non renseigné (Auto),N/A
La_Liga,2026-04-05,Real Betis vs Espanyol,Real Betis,Natan,0,0.35661194007843733,8,5,✅ OPTIMALE (14j),Non renseigné (Auto),N/A
La_Liga,2026-04-05,Real Betis vs Espanyol,Real Betis,Ezequiel Ávila,1,1.5638362690806389,7,8,✅ OPTIMALE (14j),Non renseigné (Auto),N/A
La_Liga,2026-04-05,Real Betis vs Espanyol,Real Betis,Júnior Firpo,0,0.4448377713561058,5,8,✅ OPTIMALE (14j),Non renseigné (Auto),N/A
La_Liga,2026-04-05,Real Betis vs Espanyol,Real Betis,Héctor Bellerín,1,0.3945247530937195,4,18,✅ OPTIMALE (14j),Non renseigné (Auto),N/A
La_Liga,2026-04-05,Real Betis vs Espanyol,Real Betis,Sergi Altimira,1,0.4064977653324604,4,10,✅ OPTIMALE (14j),Non renseigné (Auto),N/A
La_Liga,2026-04-05,Real Betis vs Espanyol,Real Betis,Sofyan Amrabat,0,0.11247729696333408,4,4,✅ OPTIMALE (14j),Non renseigné (Auto),N/A
La_Liga,2026-04-05,Real Betis vs Espanyol,Real Betis,Álvaro Fidalgo,1,0.5112983882427216,3,3,✅ OPTIMALE (14j),Non renseigné (Auto),N/A
La_Liga,2026-04-05,Real Betis vs Espanyol,Real Betis,Diego Llorente,1,0.7936483100056648,2,0,✅ OPTIMALE (14j),Non renseigné (Auto),N/A
La_Liga,2026-04-05,Real Betis vs Espanyol,Real Betis,Ricardo Rodríguez,0,0.12401090748608112,2,5,✅ OPTIMALE (14j),Non renseigné (Auto),N/A
La_Liga,2026-04-05,Real Betis vs Espanyol,Real Betis,Isco,0,0.10447196662425995,2,2,✅ OPTIMALE (14j),Non renseigné (Auto),N/A
La_Liga,2026-04-05,Real Betis vs Espanyol,Real Betis,Ángel Ortiz,0,0.027390213683247566,1,6,✅ OPTIMALE (14j),Non renseigné (Auto),N/A
La_Liga,2026-04-05,Real Betis vs Espanyol,Real Betis,Pau López,0,0.0,0,0,✅ OPTIMALE (14j),Non renseigné (Auto),N/A
La_Liga,2026-04-05,Real Betis vs Espanyol,Real Betis,Álvaro Vallés,0,0.0,0,0,✅ OPTIMALE (14j),Non renseigné (Auto),N/A
La_Liga,2026-04-05,Real Betis vs Espanyol,Real Betis,Dani Pérez,0,0.0,0,0,✅ OPTIMALE (14j),Non renseigné (Auto),N/A
La_Liga,2026-04-05,Real Betis vs Espanyol,Real Betis,Iván Corralejo,0,0.0,0,0,✅ OPTIMALE (14j),Non renseigné (Auto),N/A
La_Liga,2026-04-05,Real Oviedo vs Sevilla,Real Oviedo,Ilyas Chaira,4,5.392758371308446,54,12,✅ OPTIMALE (15j),Non renseigné (Auto),N/A
La_Liga,2026-04-05,Real Oviedo vs Sevilla,Real Oviedo,Federico Viñas,6,7.342111151665449,41,20,✅ OPTIMALE (15j),Non renseigné (Auto),N/A
La_Liga,2026-04-05,Real Oviedo vs Sevilla,Real Oviedo,Haissem Hassan,0,1.8692189007997513,30,17,✅ OPTIMALE (15j),Non renseigné (Auto),N/A
La_Liga,2026-04-05,Real Oviedo vs Sevilla,Real Oviedo,Salomón Rondón,2,3.783308571204543,24,5,✅ OPTIMALE (15j),Non renseigné (Auto),N/A
La_Liga,2026-04-05,Real Oviedo vs Sevilla,Real Oviedo,Alberto Reina,3,2.6572005059570074,16,22,✅ OPTIMALE (15j),Non renseigné (Auto),N/A
La_Liga,2026-04-05,Real Oviedo vs Sevilla,Real Oviedo,Santiago Colombatto,0,0.5880112154409289,12,20,✅ OPTIMALE (15j),Non renseigné (Auto),N/A
La_Liga,2026-04-05,Real Oviedo vs Sevilla,Real Oviedo,Leander Dendoncker,1,0.538357574492693,9,7,✅ OPTIMALE (15j),Non renseigné (Auto),N/A
La_Liga,2026-04-05,Real Oviedo vs Sevilla,Real Oviedo,Luka Ilic,1,1.7625892590731382,9,3,✅ OPTIMALE (15j),Non renseigné (Auto),N/A
La_Liga,2026-04-05,Real Oviedo vs Sevilla,Real Oviedo,David Carmo,1,0.9620246645063162,9,7,✅ OPTIMALE (15j),Non renseigné (Auto),N/A
La_Liga,2026-04-05,Real Oviedo vs Sevilla,Real Oviedo,Nacho Vidal,0,1.440466608852148,9,5,✅ OPTIMALE (15j),Non renseigné (Auto),N/A
La_Liga,2026-04-05,Real Oviedo vs Sevilla,Real Oviedo,Josip Brekalo,0,0.30889102537184954,9,11,✅ OPTIMALE (15j),Non renseigné (Auto),N/A
La_Liga,2026-04-05,Real Oviedo vs Sevilla,Real Oviedo,Kwasi Sibo,0,0.28182510379701853,8,3,✅ OPTIMALE (15j),Non renseigné (Auto),N/A
La_Liga,2026-04-05,Real Oviedo vs Sevilla,Real Oviedo,Álex Forés,0,0.7922417521476746,8,1,✅ OPTIMALE (15j),Non renseigné (Auto),N/A
La_Liga,2026-04-05,Real Oviedo vs Sevilla,Real Oviedo,Lucas Ahijado,0,1.0771766193211079,8,8,✅ OPTIMALE (15j),Non renseigné (Auto),N/A
La_Liga,2026-04-05,Real Oviedo vs Sevilla,Real Oviedo,Santiago Cazorla,0,0.23063745768740773,6,16,✅ OPTIMALE (15j),Non renseigné (Auto),N/A
La_Liga,2026-04-05,Real Oviedo vs Sevilla,Real Oviedo,Thiago Fernández,0,0.5339868851006031,6,4,✅ OPTIMALE (15j),Non renseigné (Auto),N/A
La_Liga,2026-04-05,Real Oviedo vs Sevilla,Real Oviedo,Javier López,0,0.15253193862736225,5,12,✅ OPTIMALE (15j),Non renseigné (Auto),N/A
La_Liga,2026-04-05,Real Oviedo vs Sevilla,Real Oviedo,Nicolás Fonseca,0,0.0894034868106246,5,2,✅ OPTIMALE (15j),Non renseigné (Auto),N/A
La_Liga,2026-04-05,Real Oviedo vs Sevilla,Real Oviedo,Eric Bailly,1,0.1909588724374771,4,1,✅ OPTIMALE (15j),Non renseigné (Auto),N/A
La_Liga,2026-04-05,Real Oviedo vs Sevilla,Real Oviedo,Ovie Ejaria,0,0.2249453254044056,3,1,✅ OPTIMALE (15j),Non renseigné (Auto),N/A
La_Liga,2026-04-05,Real Oviedo vs Sevilla,Real Oviedo,Thiago Borbas,0,0.5530440509319305,3,0,✅ OPTIMALE (15j),Non renseigné (Auto),N/A
La_Liga,2026-04-05,Real Oviedo vs Sevilla,Real Oviedo,David Costas,1,0.8625734746456146,2,4,✅ OPTIMALE (15j),Non renseigné (Auto),N/A
La_Liga,2026-04-05,Real Oviedo vs Sevilla,Real Oviedo,Rahim Alhassane,0,0.04990043584257364,2,14,✅ OPTIMALE (15j),Non renseigné (Auto),N/A
La_Liga,2026-04-05,Real Oviedo vs Sevilla,Real Oviedo,Pablo Agudín,0,0.0426228204742074,2,0,✅ OPTIMALE (15j),Non renseigné (Auto),N/A
La_Liga,2026-04-05,Real Oviedo vs Sevilla,Real Oviedo,Oier Luengo,0,0.07012586295604706,1,1,✅ OPTIMALE (15j),Non renseigné (Auto),N/A
La_Liga,2026-04-05,Real Oviedo vs Sevilla,Real Oviedo,Aarón,0,0.0,0,1,✅ OPTIMALE (15j),Non renseigné (Auto),N/A
La_Liga,2026-04-05,Real Oviedo vs Sevilla,Real Oviedo,Dani Calvo,0,0.0,0,1,✅ OPTIMALE (15j),Non renseigné (Auto),N/A
La_Liga,2026-04-05,Real Oviedo vs Sevilla,Real Oviedo,Borja Sánchez,0,0.0,0,0,✅ OPTIMALE (15j),Non renseigné (Auto),N/A
La_Liga,2026-04-05,Real Oviedo vs Sevilla,Real Oviedo,Marco Esteban,0,0.0,0,0,✅ OPTIMALE (15j),Non renseigné (Auto),N/A
La_Liga,2026-04-05,Real Oviedo vs Sevilla,Real Oviedo,Omar Falah,0,0.0,0,0,✅ OPTIMALE (15j),Non renseigné (Auto),N/A
La_Liga,2026-04-05,Real Oviedo vs Sevilla,Sevilla,Akor Adams,7,8.590853436850011,51,9,✅ OPTIMALE (15j),Non renseigné (Auto),N/A
La_Liga,2026-04-05,Real Oviedo vs Sevilla,Sevilla,Isaac Romero,4,5.025856643915176,31,10,✅ OPTIMALE (15j),Non renseigné (Auto),N/A
La_Liga,2026-04-05,Real Oviedo vs Sevilla,Sevilla,Ruben Vargas,3,2.4131855107843876,24,12,✅ OPTIMALE (15j),Non renseigné (Auto),N/A
La_Liga,2026-04-05,Real Oviedo vs Sevilla,Sevilla,Alexis Sánchez,3,2.633772913366556,20,22,✅ OPTIMALE (15j),Non renseigné (Auto),N/A
La_Liga,2026-04-05,Real Oviedo vs Sevilla,Sevilla,Nemanja Gudelj,1,0.6750258733518422,18,6,✅ OPTIMALE (15j),Non renseigné (Auto),N/A
La_Liga,2026-04-05,Real Oviedo vs Sevilla,Sevilla,Djibril Sow,5,1.4747036397457123,17,17,✅ OPTIMALE (15j),Non renseigné (Auto),N/A
La_Liga,2026-04-05,Real Oviedo vs Sevilla,Sevilla,Batista Mendy,1,0.8640541210770607,17,9,✅ OPTIMALE (15j),Non renseigné (Auto),N/A
La_Liga,2026-04-05,Real Oviedo vs Sevilla,Sevilla,Chidera Ejuke,1,1.3553247852250934,17,9,✅ OPTIMALE (15j),Non renseigné (Auto),N/A
La_Liga,2026-04-05,Real Oviedo vs Sevilla,Sevilla,José Ángel Carmona,1,0.7871437855064869,17,14,✅ OPTIMALE (15j),Non renseigné (Auto),N/A
La_Liga,2026-04-05,Real Oviedo vs Sevilla,Sevilla,Peque,2,0.7329471576958895,14,15,✅ OPTIMALE (15j),Non renseigné (Auto),N/A
La_Liga,2026-04-05,Real Oviedo vs Sevilla,Sevilla,Lucien Agoume,1,0.7561919670552015,12,20,✅ OPTIMALE (15j),Non renseigné (Auto),N/A
La_Liga,2026-04-05,Real Oviedo vs Sevilla,Sevilla,Juanlu Sanchez,0,0.643406193703413,12,18,✅ OPTIMALE (15j),Non renseigné (Auto),N/A
La_Liga,2026-04-05,Real Oviedo vs Sevilla,Sevilla,Alfon,1,0.9021243844181299,11,6,✅ OPTIMALE (15j),Non renseigné (Auto),N/A
La_Liga,2026-04-05,Real Oviedo vs Sevilla,Sevilla,Kike Salas,1,0.5822444036602974,11,5,✅ OPTIMALE (15j),Non renseigné (Auto),N/A
La_Liga,2026-04-05,Real Oviedo vs Sevilla,Sevilla,Marcão,1,0.9158304017037153,10,0,✅ OPTIMALE (15j),Non renseigné (Auto),N/A
La_Liga,2026-04-05,Real Oviedo vs Sevilla,Sevilla,Oso,1,1.011479901149869,10,14,✅ OPTIMALE (15j),Non renseigné (Auto),N/A
La_Liga,2026-04-05,Real Oviedo vs Sevilla,Sevilla,Adnan Januzaj,0,0.2582807317376137,7,11,✅ OPTIMALE (15j),Non renseigné (Auto),N/A
La_Liga,2026-04-05,Real Oviedo vs Sevilla,Sevilla,Nianzou Kouassi,0,0.3954171296209097,6,2,✅ OPTIMALE (15j),Non renseigné (Auto),N/A
La_Liga,2026-04-05,Real Oviedo vs Sevilla,Sevilla,Andrés Castrín,0,0.3137381449341774,5,1,✅ OPTIMALE (15j),Non renseigné (Auto),N/A
La_Liga,2026-04-05,Real Oviedo vs Sevilla,Sevilla,Neal Maupay,1,0.6476594656705856,4,3,✅ OPTIMALE (15j),Non renseigné (Auto),N/A
La_Liga,2026-04-05,Real Oviedo vs Sevilla,Sevilla,Gabriel Suazo,0,0.25800937227904797,4,32,✅ OPTIMALE (15j),Non renseigné (Auto),N/A
La_Liga,2026-04-05,Real Oviedo vs Sevilla,Sevilla,Miguel Sierra,0,0.19662409834563732,4,0,✅ OPTIMALE (15j),Non renseigné (Auto),N/A
La_Liga,2026-04-05,Real Oviedo vs Sevilla,Sevilla,Dodi Lukebakio,1,0.05466248095035553,2,9,✅ OPTIMALE (15j),Non renseigné (Auto),N/A
La_Liga,2026-04-05,Real Oviedo vs Sevilla,Sevilla,César Azpilicueta,0,0.012342216446995735,1,2,✅ OPTIMALE (15j),Non renseigné (Auto),N/A
La_Liga,2026-04-05,Real Oviedo vs Sevilla,Sevilla,Manu Bueno,0,0.09565921127796173,1,2,✅ OPTIMALE (15j),Non renseigné (Auto),N/A
La_Liga,2026-04-05,Real Oviedo vs Sevilla,Sevilla,Stanis Idumbo Muzambo,0,0.049450766295194626,1,1,✅ OPTIMALE (15j),Non renseigné (Auto),N/A
La_Liga,2026-04-05,Real Oviedo vs Sevilla,Sevilla,Ørjan Nyland,0,0.0,0,0,✅ OPTIMALE (15j),Non renseigné (Auto),N/A
La_Liga,2026-04-05,Real Oviedo vs Sevilla,Sevilla,Odisseas Vlachodimos,0,0.0,0,0,✅ OPTIMALE (15j),Non renseigné (Auto),N/A
La_Liga,2026-04-05,Real Oviedo vs Sevilla,Sevilla,Joan Jordán,0,0.0,0,0,✅ OPTIMALE (15j),Non renseigné (Auto),N/A
La_Liga,2026-04-05,Real Oviedo vs Sevilla,Sevilla,Adrià Pedrosa,0,0.0,0,1,✅ OPTIMALE (15j),Non renseigné (Auto),N/A
La_Liga,2026-04-05,Real Oviedo vs Sevilla,Sevilla,Federico Gattoni,0,0.0,0,0,✅ OPTIMALE (15j),Non renseigné (Auto),N/A
La_Liga,2026-04-05,Real Oviedo vs Sevilla,Sevilla,Ramón Martínez,0,0.0,0,0,✅ OPTIMALE (15j),Non renseigné (Auto),N/A
La_Liga,2026-04-05,Real Oviedo vs Sevilla,Sevilla,Fábio Cardoso,0,0.0,0,0,✅ OPTIMALE (15j),Non renseigné (Auto),N/A
La_Liga,2026-04-05,Real Sociedad vs Levante,Levante,Iván Romero,5,7.560880269855261,49,22,✅ OPTIMALE (15j),Non renseigné (Auto),N/A
La_Liga,2026-04-05,Real Sociedad vs Levante,Levante,Etta Eyong,5,7.571286804042757,34,10,✅ OPTIMALE (15j),Non renseigné (Auto),N/A
La_Liga,2026-04-05,Real Sociedad vs Levante,Levante,Carlos Álvarez,3,2.535831674002111,28,37,✅ OPTIMALE (15j),Non renseigné (Auto),N/A
La_Liga,2026-04-05,Real Sociedad vs Levante,Levante,Adrián De la Fuente,2,2.322043658234179,26,9,✅ OPTIMALE (15j),Non renseigné (Auto),N/A
La_Liga,2026-04-05,Real Sociedad vs Levante,Levante,Pablo Martínez,1,1.843395377509296,23,19,✅ OPTIMALE (15j),Non renseigné (Auto),N/A
La_Liga,2026-04-05,Real Sociedad vs Levante,Levante,Carlos Espí,7,4.426788009703159,22,2,✅ OPTIMALE (15j),Non renseigné (Auto),N/A
La_Liga,2026-04-05,Real Sociedad vs Levante,Levante,Roger Brugué,0,2.8458912689238787,18,6,✅ OPTIMALE (15j),Non renseigné (Auto),N/A
La_Liga,2026-04-05,Real Sociedad vs Levante,Levante,Jon Ander Olasagasti,1,1.2139050122350454,17,16,✅ OPTIMALE (15j),Non renseigné (Auto),N/A
La_Liga,2026-04-05,Real Sociedad vs Levante,Levante,Iker Losada,3,2.1271424889564514,13,9,✅ OPTIMALE (15j),Non renseigné (Auto),N/A
La_Liga,2026-04-05,Real Sociedad vs Levante,Levante,Víctor García,0,1.0532056204974651,12,12,✅ OPTIMALE (15j),Non renseigné (Auto),N/A
La_Liga,2026-04-05,Real Sociedad vs Levante,Levante,Paco Cortés,0,0.51489551179111,11,5,✅ OPTIMALE (15j),Non renseigné (Auto),N/A
La_Liga,2026-04-05,Real Sociedad vs Levante,Levante,Kareem Tunde,0,0.43185539171099663,11,5,✅ OPTIMALE (15j),Non renseigné (Auto),N/A
La_Liga,2026-04-05,Real Sociedad vs Levante,Levante,Manuel Sánchez,1,1.1508396286517382,10,14,✅ OPTIMALE (15j),Non renseigné (Auto),N/A
La_Liga,2026-04-05,Real Sociedad vs Levante,Levante,Goduine Koyalipou,1,1.2652598228305578,10,1,✅ OPTIMALE (15j),Non renseigné (Auto),N/A
La_Liga,2026-04-05,Real Sociedad vs Levante,Levante,Jeremy Toljan,1,0.848660696297884,9,23,✅ OPTIMALE (15j),Non renseigné (Auto),N/A
La_Liga,2026-04-05,Real Sociedad vs Levante,Levante,Morales,1,2.4066991764120758,9,6,✅ OPTIMALE (15j),Non renseigné (Auto),N/A
La_Liga,2026-04-05,Real Sociedad vs Levante,Levante,Kervin Arriaga,1,0.318329737521708,9,3,✅ OPTIMALE (15j),Non renseigné (Auto),N/A
La_Liga,2026-04-05,Real Sociedad vs Levante,Levante,Alan Matturro,1,0.8634829986840487,7,2,✅ OPTIMALE (15j),Non renseigné (Auto),N/A
La_Liga,2026-04-05,Real Sociedad vs Levante,Levante,Matías Moreno,0,1.0884073935449123,7,3,✅ OPTIMALE (15j),Non renseigné (Auto),N/A
La_Liga,2026-04-05,Real Sociedad vs Levante,Levante,Oriol Rey,0,0.2747505372390151,6,7,✅ OPTIMALE (15j),Non renseigné (Auto),N/A
La_Liga,2026-04-05,Real Sociedad vs Levante,Levante,Unai Elgezabal,1,0.6192532349377871,3,2,✅ OPTIMALE (15j),Non renseigné (Auto),N/A
La_Liga,2026-04-05,Real Sociedad vs Levante,Levante,Diego Pampín,0,0.13482686132192612,3,2,✅ OPTIMALE (15j),Non renseigné (Auto),N/A
La_Liga,2026-04-05,Real Sociedad vs Levante,Levante,Mat Ryan,0,0.0933680385351181,2,0,✅ OPTIMALE (15j),Non renseigné (Auto),N/A
La_Liga,2026-04-05,Real Sociedad vs Levante,Levante,Ugo Raghouber,0,0.019962619990110397,1,1,✅ OPTIMALE (15j),Non renseigné (Auto),N/A
La_Liga,2026-04-05,Real Sociedad vs Levante,Levante,Unai Vencedor,0,0.0,0,12,✅ OPTIMALE (15j),Non renseigné (Auto),N/A
La_Liga,2026-04-05,Real Sociedad vs Levante,Levante,Sergio Lozano,0,0.0,0,0,✅ OPTIMALE (15j),Non renseigné (Auto),N/A
La_Liga,2026-04-05,Real Sociedad vs Levante,Levante,Pablo Cuñat,0,0.0,0,0,✅ OPTIMALE (15j),Non renseigné (Auto),N/A
La_Liga,2026-04-05,Real Sociedad vs Levante,Levante,Jorge Cabello,0,0.0,0,0,✅ OPTIMALE (15j),Non renseigné (Auto),N/A
La_Liga,2026-04-05,Real Sociedad vs Levante,Levante,Nacho Pérez,0,0.0,0,1,✅ OPTIMALE (15j),Non renseigné (Auto),N/A
La_Liga,2026-04-05,Real Sociedad vs Levante,Levante,Tai Abed,0,0.0,0,0,✅ OPTIMALE (15j),Non renseigné (Auto),N/A
La_Liga,2026-04-05,Real Sociedad vs Levante,Real Sociedad,Mikel Oyarzabal,12,13.635622721165419,68,34,✅ OPTIMALE (16j),Non renseigné (Auto),N/A
La_Liga,2026-04-05,Real Sociedad vs Levante,Real Sociedad,Gonçalo Guedes,8,3.6678883749991655,39,22,✅ OPTIMALE (16j),Non renseigné (Auto),N/A
La_Liga,2026-04-05,Real Sociedad vs Levante,Real Sociedad,Brais Méndez,5,4.047323151491582,30,24,✅ OPTIMALE (16j),Non renseigné (Auto),N/A
La_Liga,2026-04-05,Real Sociedad vs Levante,Real Sociedad,Ander Barrenetxea,3,2.28756211232394,27,37,✅ OPTIMALE (16j),Non renseigné (Auto),N/A
La_Liga,2026-04-05,Real Sociedad vs Levante,Real Sociedad,Carlos Soler,4,2.5125684309750795,26,32,✅ OPTIMALE (16j),Non renseigné (Auto),N/A
La_Liga,2026-04-05,Real Sociedad vs Levante,Real Sociedad,Takefusa Kubo,2,2.50237294472754,25,26,✅ OPTIMALE (16j),Non renseigné (Auto),N/A
La_Liga,2026-04-05,Real Sociedad vs Levante,Real Sociedad,Jon Aramburu,1,1.8415956757962704,16,8,✅ OPTIMALE (16j),Non renseigné (Auto),N/A
La_Liga,2026-04-05,Real Sociedad vs Levante,Real Sociedad,Luka Sucic,2,1.1555777955800295,15,5,✅ OPTIMALE (16j),Non renseigné (Auto),N/A
La_Liga,2026-04-05,Real Sociedad vs Levante,Real Sociedad,Beñat Turrientes,0,0.6961091458797455,15,9,✅ OPTIMALE (16j),Non renseigné (Auto),N/A
La_Liga,2026-04-05,Real Sociedad vs Levante,Real Sociedad,Arsen Zakharyan,0,1.1044645830988884,14,9,✅ OPTIMALE (16j),Non renseigné (Auto),N/A
La_Liga,2026-04-05,Real Sociedad vs Levante,Real Sociedad,Pablo Marín,0,1.2237660996615887,12,6,✅ OPTIMALE (16j),Non renseigné (Auto),N/A
La_Liga,2026-04-05,Real Sociedad vs Levante,Real Sociedad,Jon Gorrotxategi,1,0.7921612514182925,11,15,✅ OPTIMALE (16j),Non renseigné (Auto),N/A
La_Liga,2026-04-05,Real Sociedad vs Levante,Real Sociedad,Jon Martín,0,1.0390478884801269,11,2,✅ OPTIMALE (16j),Non renseigné (Auto),N/A
La_Liga,2026-04-05,Real Sociedad vs Levante,Real Sociedad,Duje Caleta-Car,1,1.6121487095952034,10,3,✅ OPTIMALE (16j),Non renseigné (Auto),N/A
La_Liga,2026-04-05,Real Sociedad vs Levante,Real Sociedad,Orri Óskarsson,4,3.0511378906667233,9,2,✅ OPTIMALE (16j),Non renseigné (Auto),N/A
La_Liga,2026-04-05,Real Sociedad vs Levante,Real Sociedad,Sergio Gómez,0,0.7257826225832105,9,33,✅ OPTIMALE (16j),Non renseigné (Auto),N/A
La_Liga,2026-04-05,Real Sociedad vs Levante,Real Sociedad,Igor Zubeldia,0,0.3188817761838436,6,5,✅ OPTIMALE (16j),Non renseigné (Auto),N/A
La_Liga,2026-04-05,Real Sociedad vs Levante,Real Sociedad,Jon Karrikaburu,0,0.6936077550053596,6,1,✅ OPTIMALE (16j),Non renseigné (Auto),N/A
La_Liga,2026-04-05,Real Sociedad vs Levante,Real Sociedad,Aihen Muñoz,0,0.43967458233237267,5,4,✅ OPTIMALE (16j),Non renseigné (Auto),N/A
La_Liga,2026-04-05,Real Sociedad vs Levante,Real Sociedad,Yangel Herrera,0,0.6703310385346413,5,0,✅ OPTIMALE (16j),Non renseigné (Auto),N/A
La_Liga,2026-04-05,Real Sociedad vs Levante,Real Sociedad,Umar Sadiq,0,0.18671270832419395,4,1,✅ OPTIMALE (16j),Non renseigné (Auto),N/A
La_Liga,2026-04-05,Real Sociedad vs Levante,Real Sociedad,Aritz Elustondo,0,0.46747981756925583,3,0,✅ OPTIMALE (16j),Non renseigné (Auto),N/A
La_Liga,2026-04-05,Real Sociedad vs Levante,Real Sociedad,Mikel Goti,0,0.7785072475671768,3,0,✅ OPTIMALE (16j),Non renseigné (Auto),N/A
La_Liga,2026-04-05,Real Sociedad vs Levante,Real Sociedad,Álvaro Odriozola,1,0.5725881457328796,1,3,✅ OPTIMALE (16j),Non renseigné (Auto),N/A
La_Liga,2026-04-05,Real Sociedad vs Levante,Real Sociedad,Lander Astiazarán,0,0.021120602265000343,1,0,✅ OPTIMALE (16j),Non renseigné (Auto),N/A
La_Liga,2026-04-05,Real Sociedad vs Levante,Real Sociedad,Remiro,0,0.0,0,3,✅ OPTIMALE (16j),Non renseigné (Auto),N/A
La_Liga,2026-04-05,Real Sociedad vs Levante,Real Sociedad,Urko Gonzalez,0,0.0,0,0,✅ OPTIMALE (16j),Non renseigné (Auto),N/A
La_Liga,2026-04-05,Real Sociedad vs Levante,Real Sociedad,Arkaitz Mariezkurrena,0,0.0,0,0,✅ OPTIMALE (16j),Non renseigné (Auto),N/A
La_Liga,2026-04-05,Real Sociedad vs Levante,Real Sociedad,Daniel Díaz,0,0.0,0,0,✅ OPTIMALE (16j),Non renseigné (Auto),N/A
La_Liga,2026-04-05,Real Sociedad vs Levante,Real Sociedad,Gorka Carrera,0,0.0,0,0,✅ OPTIMALE (16j),Non renseigné (Auto),N/A
La_Liga,2026-04-05,Real Sociedad vs Levante,Real Sociedad,Job Ochieng,0,0.0,0,2,✅ OPTIMALE (16j),Non renseigné (Auto),N/A
La_Liga,2026-04-05,Real Sociedad vs Levante,Real Sociedad,Wesley,0,0.0,0,0,✅ OPTIMALE (16j),Non renseigné (Auto),N/A
Serie_A,2026-04-04,Sassuolo vs Cagliari,Cagliari,Sebastiano Esposito,4,3.307618696242571,38,50,✅ OPTIMALE (15j),Non renseigné (Auto),N/A
Serie_A,2026-04-04,Sassuolo vs Cagliari,Cagliari,Michael Folorunsho,2,2.3969045728445053,24,12,✅ OPTIMALE (15j),Non renseigné (Auto),N/A
Serie_A,2026-04-04,Sassuolo vs Cagliari,Cagliari,Gianluca Gaetano,2,1.341291131451726,23,20,✅ OPTIMALE (15j),Non renseigné (Auto),N/A
Serie_A,2026-04-04,Sassuolo vs Cagliari,Cagliari,Ndary Adopo,1,2.101567542180419,23,19,✅ OPTIMALE (15j),Non renseigné (Auto),N/A
Serie_A,2026-04-04,Sassuolo vs Cagliari,Cagliari,Gennaro Borrelli,3,3.0222388990223408,22,10,✅ OPTIMALE (15j),Non renseigné (Auto),N/A
Serie_A,2026-04-04,Sassuolo vs Cagliari,Cagliari,Marco Palestra,1,1.154845249839127,20,25,✅ OPTIMALE (15j),Non renseigné (Auto),N/A
Serie_A,2026-04-04,Sassuolo vs Cagliari,Cagliari,Matteo Prati,1,1.2035439582541585,19,9,✅ OPTIMALE (15j),Non renseigné (Auto),N/A
Serie_A,2026-04-04,Sassuolo vs Cagliari,Cagliari,Semih Kiliçsoy,4,2.0539160827174783,17,11,✅ OPTIMALE (15j),Non renseigné (Auto),N/A
Serie_A,2026-04-04,Sassuolo vs Cagliari,Cagliari,Luca Mazzitelli,2,0.7084781415760517,15,5,✅ OPTIMALE (15j),Non renseigné (Auto),N/A
Serie_A,2026-04-04,Sassuolo vs Cagliari,Cagliari,Zito,0,1.1511644944548607,12,3,✅ OPTIMALE (15j),Non renseigné (Auto),N/A
Serie_A,2026-04-04,Sassuolo vs Cagliari,Cagliari,Mattia Felici,2,1.3366807326674461,9,8,✅ OPTIMALE (15j),Non renseigné (Auto),N/A
Serie_A,2026-04-04,Sassuolo vs Cagliari,Cagliari,Gabriele Zappa,0,0.436904426664114,9,9,✅ OPTIMALE (15j),Non renseigné (Auto),N/A
Serie_A,2026-04-04,Sassuolo vs Cagliari,Cagliari,Adam Obert,0,1.065021499991417,9,15,✅ OPTIMALE (15j),Non renseigné (Auto),N/A
Serie_A,2026-04-04,Sassuolo vs Cagliari,Cagliari,Sulemana,1,1.5525268707424402,8,4,✅ OPTIMALE (15j),Non renseigné (Auto),N/A
Serie_A,2026-04-04,Sassuolo vs Cagliari,Cagliari,Sebastiano Luperto,1,0.6024718303233385,7,3,✅ OPTIMALE (15j),Non renseigné (Auto),N/A
Serie_A,2026-04-04,Sassuolo vs Cagliari,Cagliari,Andrea Belotti,2,2.3106289505958557,6,1,✅ OPTIMALE (15j),Non renseigné (Auto),N/A
Serie_A,2026-04-04,Sassuolo vs Cagliari,Cagliari,Riyad Idrissi,2,0.7890109941363335,6,6,✅ OPTIMALE (15j),Non renseigné (Auto),N/A
Serie_A,2026-04-04,Sassuolo vs Cagliari,Cagliari,Leonardo Pavoletti,1,1.3747940957546234,6,2,✅ OPTIMALE (15j),Non renseigné (Auto),N/A
Serie_A,2026-04-04,Sassuolo vs Cagliari,Cagliari,Alessandro Deiola,0,0.27290589828044176,6,5,✅ OPTIMALE (15j),Non renseigné (Auto),N/A
Serie_A,2026-04-04,Sassuolo vs Cagliari,Cagliari,Yael Trepy,1,0.48128338530659676,5,2,✅ OPTIMALE (15j),Non renseigné (Auto),N/A
Serie_A,2026-04-04,Sassuolo vs Cagliari,Cagliari,Alberto Dossena,0,0.7805073112249374,5,2,✅ OPTIMALE (15j),Non renseigné (Auto),N/A
Serie_A,2026-04-04,Sassuolo vs Cagliari,Cagliari,Yerry Mina,1,0.668726896867156,4,7,✅ OPTIMALE (15j),Non renseigné (Auto),N/A
Serie_A,2026-04-04,Sassuolo vs Cagliari,Cagliari,Zé Pedro,0,0.19718218594789505,3,1,✅ OPTIMALE (15j),Non renseigné (Auto),N/A
Serie_A,2026-04-04,Sassuolo vs Cagliari,Cagliari,Paul Mendy,0,0.05971234664320946,2,0,✅ OPTIMALE (15j),Non renseigné (Auto),N/A
Serie_A,2026-04-04,Sassuolo vs Cagliari,Cagliari,Alessandro Di Pardo,0,0.10006377100944519,1,0,✅ OPTIMALE (15j),Non renseigné (Auto),N/A
Serie_A,2026-04-04,Sassuolo vs Cagliari,Cagliari,Juan Rodríguez,0,0.4496307969093323,1,0,✅ OPTIMALE (15j),Non renseigné (Auto),N/A
Serie_A,2026-04-04,Sassuolo vs Cagliari,Cagliari,Elia Caprile,0,0.0,0,1,✅ OPTIMALE (15j),Non renseigné (Auto),N/A
Serie_A,2026-04-04,Sassuolo vs Cagliari,Cagliari,Nicolò Cavuoti,0,0.0,0,0,✅ OPTIMALE (15j),Non renseigné (Auto),N/A
Serie_A,2026-04-04,Sassuolo vs Cagliari,Cagliari,Joseph Liteta,0,0.0,0,0,✅ OPTIMALE (15j),Non renseigné (Auto),N/A
Serie_A,2026-04-04,Sassuolo vs Cagliari,Cagliari,Agustín Albarracín,0,0.0,0,0,✅ OPTIMALE (15j),Non renseigné (Auto),N/A
Serie_A,2026-04-04,Sassuolo vs Cagliari,Cagliari,Othniël Raterink,0,0.0,0,0,✅ OPTIMALE (15j),Non renseigné (Auto),N/A
Serie_A,2026-04-04,Sassuolo vs Cagliari,Sassuolo,Andrea Pinamonti,7,9.09957323782146,58,17,✅ OPTIMALE (14j),Non renseigné (Auto),N/A
Serie_A,2026-04-04,Sassuolo vs Cagliari,Sassuolo,Armand Lauriente,5,2.9380979351699352,53,40,✅ OPTIMALE (14j),Non renseigné (Auto),N/A
Serie_A,2026-04-04,Sassuolo vs Cagliari,Sassuolo,Kristian Thorstvedt,3,4.152106121182442,32,26,✅ OPTIMALE (14j),Non renseigné (Auto),N/A
Serie_A,2026-04-04,Sassuolo vs Cagliari,Sassuolo,Domenico Berardi,7,6.265835636295378,29,30,✅ OPTIMALE (14j),Non renseigné (Auto),N/A
Serie_A,2026-04-04,Sassuolo vs Cagliari,Sassuolo,Ismaël Koné,5,3.5827317852526903,17,19,✅ OPTIMALE (14j),Non renseigné (Auto),N/A
Serie_A,2026-04-04,Sassuolo vs Cagliari,Sassuolo,Tarik Muharemovic,2,2.3314169202931225,17,5,✅ OPTIMALE (14j),Non renseigné (Auto),N/A
Serie_A,2026-04-04,Sassuolo vs Cagliari,Sassuolo,Alieu Fadera,2,2.3619886562228203,13,7,✅ OPTIMALE (14j),Non renseigné (Auto),N/A
Serie_A,2026-04-04,Sassuolo vs Cagliari,Sassuolo,Cristian Volpato,1,0.8392908368259668,12,14,✅ OPTIMALE (14j),Non renseigné (Auto),N/A
Serie_A,2026-04-04,Sassuolo vs Cagliari,Sassuolo,Nemanja Matic,1,0.27190228179097176,10,19,✅ OPTIMALE (14j),Non renseigné (Auto),N/A
Serie_A,2026-04-04,Sassuolo vs Cagliari,Sassuolo,Josh Doig,0,0.7332733552902937,10,12,✅ OPTIMALE (14j),Non renseigné (Auto),N/A
Serie_A,2026-04-04,Sassuolo vs Cagliari,Sassuolo,Luca Lipani,0,0.7627072595059872,10,5,✅ OPTIMALE (14j),Non renseigné (Auto),N/A
Serie_A,2026-04-04,Sassuolo vs Cagliari,Sassuolo,Walid Cheddira,1,0.7846351303160191,8,3,✅ OPTIMALE (14j),Non renseigné (Auto),N/A
Serie_A,2026-04-04,Sassuolo vs Cagliari,Sassuolo,Sebastian Walukiewicz,0,0.14823710545897484,6,19,✅ OPTIMALE (14j),Non renseigné (Auto),N/A
Serie_A,2026-04-04,Sassuolo vs Cagliari,Sassuolo,Luca Moro,0,0.8332867855206132,6,1,✅ OPTIMALE (14j),Non renseigné (Auto),N/A
Serie_A,2026-04-04,Sassuolo vs Cagliari,Sassuolo,Nicholas Pierini,0,0.32863440550863743,5,4,✅ OPTIMALE (14j),Non renseigné (Auto),N/A
Serie_A,2026-04-04,Sassuolo vs Cagliari,Sassuolo,Jay Idzes,0,0.2000958640128374,5,2,✅ OPTIMALE (14j),Non renseigné (Auto),N/A
Serie_A,2026-04-04,Sassuolo vs Cagliari,Sassuolo,Edoardo Iannoni,1,0.7571988552808762,3,0,✅ OPTIMALE (14j),Non renseigné (Auto),N/A
Serie_A,2026-04-04,Sassuolo vs Cagliari,Sassuolo,M&#039;Bala Nzola,0,0.21930404007434845,3,0,✅ OPTIMALE (14j),Non renseigné (Auto),N/A
Serie_A,2026-04-04,Sassuolo vs Cagliari,Sassuolo,Aster Vranckx,0,0.08857502229511738,3,2,✅ OPTIMALE (14j),Non renseigné (Auto),N/A
Serie_A,2026-04-04,Sassuolo vs Cagliari,Sassuolo,Fali Candé,0,0.17011683620512486,3,1,✅ OPTIMALE (14j),Non renseigné (Auto),N/A
Serie_A,2026-04-04,Sassuolo vs Cagliari,Sassuolo,Woyo Coulibaly,0,0.06597581133246422,3,3,✅ OPTIMALE (14j),Non renseigné (Auto),N/A
Serie_A,2026-04-04,Sassuolo vs Cagliari,Sassuolo,Filippo Romagna,0,0.046894218772649765,2,0,✅ OPTIMALE (14j),Non renseigné (Auto),N/A
Serie_A,2026-04-04,Sassuolo vs Cagliari,Sassuolo,Daniel Boloca,0,0.09553883969783783,2,1,✅ OPTIMALE (14j),Non renseigné (Auto),N/A
Serie_A,2026-04-04,Sassuolo vs Cagliari,Sassuolo,Darryl Bakola,0,0.021094243973493576,1,0,✅ OPTIMALE (14j),Non renseigné (Auto),N/A
Serie_A,2026-04-04,Sassuolo vs Cagliari,Sassuolo,Laurs Skjellerup,0,0.015537625178694725,1,0,✅ OPTIMALE (14j),Non renseigné (Auto),N/A
Serie_A,2026-04-04,Sassuolo vs Cagliari,Sassuolo,Ulisses García,0,0.0,0,4,✅ OPTIMALE (14j),Non renseigné (Auto),N/A
Serie_A,2026-04-04,Sassuolo vs Cagliari,Sassuolo,Arijanet Muric,0,0.0,0,1,✅ OPTIMALE (14j),Non renseigné (Auto),N/A
Serie_A,2026-04-04,Sassuolo vs Cagliari,Sassuolo,Andrea Ghion,0,0.0,0,0,✅ OPTIMALE (14j),Non renseigné (Auto),N/A
Serie_A,2026-04-04,Sassuolo vs Cagliari,Sassuolo,Stefano Turati,0,0.0,0,0,✅ OPTIMALE (14j),Non renseigné (Auto),N/A
Serie_A,2026-04-04,Sassuolo vs Cagliari,Sassuolo,Cas Odenthal,0,0.0,0,0,✅ OPTIMALE (14j),Non renseigné (Auto),N/A
Serie_A,2026-04-04,Sassuolo vs Cagliari,Sassuolo,Pedro Felipe,0,0.0,0,0,✅ OPTIMALE (14j),Non renseigné (Auto),N/A
Ligue_1,2026-04-05,Strasbourg vs Nice,Nice,Sofiane Diop,7,6.006475938484073,43,25,✅ OPTIMALE (15j),Non renseigné (Auto),N/A
Ligue_1,2026-04-05,Strasbourg vs Nice,Nice,Mohamed Ali-Cho,4,3.2169126383960247,23,17,✅ OPTIMALE (15j),Non renseigné (Auto),N/A
Ligue_1,2026-04-05,Strasbourg vs Nice,Nice,Tom Louchet,3,3.110403211787343,20,18,✅ OPTIMALE (15j),Non renseigné (Auto),N/A
Ligue_1,2026-04-05,Strasbourg vs Nice,Nice,Kevin Omoruyi,0,3.8470362378284335,20,1,✅ OPTIMALE (15j),Non renseigné (Auto),N/A
Ligue_1,2026-04-05,Strasbourg vs Nice,Nice,Hichem Boudaoui,1,2.2678924463689327,19,11,✅ OPTIMALE (15j),Non renseigné (Auto),N/A
Ligue_1,2026-04-05,Strasbourg vs Nice,Nice,Jonathan Clauss,1,1.2389667117968202,19,54,✅ OPTIMALE (15j),Non renseigné (Auto),N/A
Ligue_1,2026-04-05,Strasbourg vs Nice,Nice,Terem Igobor Moffi,2,2.451147548854351,16,5,✅ OPTIMALE (15j),Non renseigné (Auto),N/A
Ligue_1,2026-04-05,Strasbourg vs Nice,Nice,Jeremie Boga,2,2.242340716533363,15,13,✅ OPTIMALE (15j),Non renseigné (Auto),N/A
Ligue_1,2026-04-05,Strasbourg vs Nice,Nice,Melvin Bard,2,0.796496226452291,15,13,✅ OPTIMALE (15j),Non renseigné (Auto),N/A
Ligue_1,2026-04-05,Strasbourg vs Nice,Nice,Sepe Elye Wahi,4,2.471650294959545,14,6,✅ OPTIMALE (15j),Non renseigné (Auto),N/A
Ligue_1,2026-04-05,Strasbourg vs Nice,Nice,Morgan Sanson,0,1.8220106111839414,14,10,✅ OPTIMALE (15j),Non renseigné (Auto),N/A
Ligue_1,2026-04-05,Strasbourg vs Nice,Nice,Isak Jansson,1,1.2952465619891882,13,6,✅ OPTIMALE (15j),Non renseigné (Auto),N/A
Ligue_1,2026-04-05,Strasbourg vs Nice,Nice,Antoine Mendy,0,1.56737688370049,12,1,✅ OPTIMALE (15j),Non renseigné (Auto),N/A
Ligue_1,2026-04-05,Strasbourg vs Nice,Nice,Tiago Gouveia,0,0.9029901213943958,12,2,✅ OPTIMALE (15j),Non renseigné (Auto),N/A
Ligue_1,2026-04-05,Strasbourg vs Nice,Nice,Kojo Peprah Oppong,1,1.3100588582456112,10,6,✅ OPTIMALE (15j),Non renseigné (Auto),N/A
Ligue_1,2026-04-05,Strasbourg vs Nice,Nice,Kail Boudache,1,2.3218805715441704,9,3,✅ OPTIMALE (15j),Non renseigné (Auto),N/A
Ligue_1,2026-04-05,Strasbourg vs Nice,Nice,Juma Bah,0,0.7680023089051247,6,6,✅ OPTIMALE (15j),Non renseigné (Auto),N/A
Ligue_1,2026-04-05,Strasbourg vs Nice,Nice,Dante,0,0.12262111250311136,5,0,✅ OPTIMALE (15j),Non renseigné (Auto),N/A
Ligue_1,2026-04-05,Strasbourg vs Nice,Nice,Ali Abdi,1,0.5011469712480903,4,10,✅ OPTIMALE (15j),Non renseigné (Auto),N/A
Ligue_1,2026-04-05,Strasbourg vs Nice,Nice,Tanguy NDombele Alvaro,0,0.2509399391710758,4,4,✅ OPTIMALE (15j),Non renseigné (Auto),N/A
Ligue_1,2026-04-05,Strasbourg vs Nice,Nice,Bernard Nguene,0,0.17829130589962006,3,0,✅ OPTIMALE (15j),Non renseigné (Auto),N/A
Ligue_1,2026-04-05,Strasbourg vs Nice,Nice,Gabin Bernardeau,0,0.09669283591210842,3,2,✅ OPTIMALE (15j),Non renseigné (Auto),N/A
Ligue_1,2026-04-05,Strasbourg vs Nice,Nice,Charles Vanhoutte,0,0.12261189334094524,3,11,✅ OPTIMALE (15j),Non renseigné (Auto),N/A
Ligue_1,2026-04-05,Strasbourg vs Nice,Nice,Pablo Rosario,0,0.08123146742582321,2,1,✅ OPTIMALE (15j),Non renseigné (Auto),N/A
Ligue_1,2026-04-05,Strasbourg vs Nice,Nice,Badredine Bouanani,0,0.05969347804784775,1,1,✅ OPTIMALE (15j),Non renseigné (Auto),N/A
Ligue_1,2026-04-05,Strasbourg vs Nice,Nice,Everton Pereira,0,0.026556679978966713,1,0,✅ OPTIMALE (15j),Non renseigné (Auto),N/A
Ligue_1,2026-04-05,Strasbourg vs Nice,Nice,Everton Pereira da Silva,0,0.07540552318096161,1,0,✅ OPTIMALE (15j),Non renseigné (Auto),N/A
Ligue_1,2026-04-05,Strasbourg vs Nice,Nice,Maxime Dupé,0,0.0,0,1,✅ OPTIMALE (15j),Non renseigné (Auto),N/A
Ligue_1,2026-04-05,Strasbourg vs Nice,Nice,Yehvann Diouf,0,0.0,0,0,✅ OPTIMALE (15j),Non renseigné (Auto),N/A
Ligue_1,2026-04-05,Strasbourg vs Nice,Nice,Salis Abdul Samed,0,0.0,0,1,✅ OPTIMALE (15j),Non renseigné (Auto),N/A
Ligue_1,2026-04-05,Strasbourg vs Nice,Nice,Billal Brahimi,0,0.0,0,1,✅ OPTIMALE (15j),Non renseigné (Auto),N/A
Ligue_1,2026-04-05,Strasbourg vs Nice,Nice,Youssouf Ndayishimiye,0,0.0,0,0,✅ OPTIMALE (15j),Non renseigné (Auto),N/A
Ligue_1,2026-04-05,Strasbourg vs Nice,Nice,Moïse Bombito,0,0.0,0,0,✅ OPTIMALE (15j),Non renseigné (Auto),N/A
Ligue_1,2026-04-05,Strasbourg vs Nice,Nice,Djibril Coulibaly,0,0.0,0,0,✅ OPTIMALE (15j),Non renseigné (Auto),N/A
Ligue_1,2026-04-05,Strasbourg vs Nice,Nice,Hamza Koutoune,0,0.0,0,0,✅ OPTIMALE (15j),Non renseigné (Auto),N/A
Ligue_1,2026-04-05,Strasbourg vs Nice,Nice,Brad-Hamilton Mantsounga,0,0.0,0,0,✅ OPTIMALE (15j),Non renseigné (Auto),N/A
Ligue_1,2026-04-05,Strasbourg vs Nice,Nice,Zoumana Diallo,0,0.0,0,1,✅ OPTIMALE (15j),Non renseigné (Auto),N/A
Ligue_1,2026-04-05,Strasbourg vs Nice,Strasbourg,Joaquín Panichelli,16,14.715991329401731,58,21,✅ OPTIMALE (14j),Non renseigné (Auto),N/A
Ligue_1,2026-04-05,Strasbourg vs Nice,Strasbourg,Julio Enciso,1,4.661674277856946,41,18,✅ OPTIMALE (14j),Non renseigné (Auto),N/A
Ligue_1,2026-04-05,Strasbourg vs Nice,Strasbourg,Martial Godo,7,6.582487985491753,29,12,✅ OPTIMALE (14j),Non renseigné (Auto),N/A
Ligue_1,2026-04-05,Strasbourg vs Nice,Strasbourg,Valentín Barco,1,2.3856850285083055,24,36,✅ OPTIMALE (14j),Non renseigné (Auto),N/A
Ligue_1,2026-04-05,Strasbourg vs Nice,Strasbourg,Diego Moreira,3,1.6906429044902325,23,32,✅ OPTIMALE (14j),Non renseigné (Auto),N/A
Ligue_1,2026-04-05,Strasbourg vs Nice,Strasbourg,Guemissongui Ouattara,2,2.4108592215925455,23,5,✅ OPTIMALE (14j),Non renseigné (Auto),N/A
Ligue_1,2026-04-05,Strasbourg vs Nice,Strasbourg,Emanuel Emegha,4,3.6231409227475524,16,3,✅ OPTIMALE (14j),Non renseigné (Auto),N/A
Ligue_1,2026-04-05,Strasbourg vs Nice,Strasbourg,Sebastian Nanasi,3,3.0800328999757767,12,11,✅ OPTIMALE (14j),Non renseigné (Auto),N/A
Ligue_1,2026-04-05,Strasbourg vs Nice,Strasbourg,Guela Doué,2,1.8245076457969844,11,12,✅ OPTIMALE (14j),Non renseigné (Auto),N/A
Ligue_1,2026-04-05,Strasbourg vs Nice,Strasbourg,Kendry Páez,1,1.0802584141492844,10,6,✅ OPTIMALE (14j),Non renseigné (Auto),N/A
Ligue_1,2026-04-05,Strasbourg vs Nice,Strasbourg,Felix Lemarechal,0,0.911349218338728,10,7,✅ OPTIMALE (14j),Non renseigné (Auto),N/A
Ligue_1,2026-04-05,Strasbourg vs Nice,Strasbourg,Samir El Mourabet,0,0.3099220907315612,9,23,✅ OPTIMALE (14j),Non renseigné (Auto),N/A
Ligue_1,2026-04-05,Strasbourg vs Nice,Strasbourg,Samuel Amo-Ameyaw,1,0.7245830167084932,7,10,✅ OPTIMALE (14j),Non renseigné (Auto),N/A
Ligue_1,2026-04-05,Strasbourg vs Nice,Strasbourg,Ismaël Doukouré,0,0.5101161524653435,6,5,✅ OPTIMALE (14j),Non renseigné (Auto),N/A
Ligue_1,2026-04-05,Strasbourg vs Nice,Strasbourg,Ben Chilwell,0,0.29087650403380394,5,7,✅ OPTIMALE (14j),Non renseigné (Auto),N/A
Ligue_1,2026-04-05,Strasbourg vs Nice,Strasbourg,Lucas Høgsberg,0,0.2162238508462906,4,0,✅ OPTIMALE (14j),Non renseigné (Auto),N/A
Ligue_1,2026-04-05,Strasbourg vs Nice,Strasbourg,Gessime Yassine,0,0.13948116078972816,3,3,✅ OPTIMALE (14j),Non renseigné (Auto),N/A
Ligue_1,2026-04-05,Strasbourg vs Nice,Strasbourg,Dilane Bakwa,1,0.0750504583120346,2,3,✅ OPTIMALE (14j),Non renseigné (Auto),N/A
Ligue_1,2026-04-05,Strasbourg vs Nice,Strasbourg,Andrew Omobamidele,0,0.36681461706757545,2,0,✅ OPTIMALE (14j),Non renseigné (Auto),N/A
Ligue_1,2026-04-05,Strasbourg vs Nice,Strasbourg,David Datro Fofana,0,0.3036099672317505,2,1,✅ OPTIMALE (14j),Non renseigné (Auto),N/A
Ligue_1,2026-04-05,Strasbourg vs Nice,Strasbourg,Mathis Amougou,0,0.1270902082324028,2,2,✅ OPTIMALE (14j),Non renseigné (Auto),N/A
Ligue_1,2026-04-05,Strasbourg vs Nice,Strasbourg,Maxi Oyedele,1,0.05795126035809517,1,0,✅ OPTIMALE (14j),Non renseigné (Auto),N/A
Ligue_1,2026-04-05,Strasbourg vs Nice,Strasbourg,Junior Mwanga,0,0.04362427815794945,1,3,✅ OPTIMALE (14j),Non renseigné (Auto),N/A
Ligue_1,2026-04-05,Strasbourg vs Nice,Strasbourg,Mamadou Sarr,0,0.049718208611011505,1,1,✅ OPTIMALE (14j),Non renseigné (Auto),N/A
Ligue_1,2026-04-05,Strasbourg vs Nice,Strasbourg,Rabby Nzingoula,0,0.04825032129883766,1,1,✅ OPTIMALE (14j),Non renseigné (Auto),N/A
Ligue_1,2026-04-05,Strasbourg vs Nice,Strasbourg,Rafael Luís,0,0.04790029674768448,1,3,✅ OPTIMALE (14j),Non renseigné (Auto),N/A
Ligue_1,2026-04-05,Strasbourg vs Nice,Strasbourg,Karl-Johan Johnsson,0,0.0,0,0,✅ OPTIMALE (14j),Non renseigné (Auto),N/A
Ligue_1,2026-04-05,Strasbourg vs Nice,Strasbourg,Abakar Sylla,0,0.0,0,0,✅ OPTIMALE (14j),Non renseigné (Auto),N/A
Ligue_1,2026-04-05,Strasbourg vs Nice,Strasbourg,Aaron Anselmino,0,0.0,0,0,✅ OPTIMALE (14j),Non renseigné (Auto),N/A
Ligue_1,2026-04-05,Strasbourg vs Nice,Strasbourg,Mike Penders,0,0.0,0,0,✅ OPTIMALE (14j),Non renseigné (Auto),N/A
Serie_A,2026-04-04,Udinese vs Como,Como,Nico Paz,10,8.010856898501515,103,43,✅ OPTIMALE (13j),Non renseigné (Auto),N/A
Serie_A,2026-04-04,Udinese vs Como,Como,Tasos Douvikas,11,11.37899062037468,48,21,✅ OPTIMALE (13j),Non renseigné (Auto),N/A
Serie_A,2026-04-04,Udinese vs Como,Como,Jesús Rodriguez,1,3.7482339087873697,42,32,✅ OPTIMALE (13j),Non renseigné (Auto),N/A
Serie_A,2026-04-04,Udinese vs Como,Como,Lucas Da Cunha,3,4.57911426667124,29,33,✅ OPTIMALE (13j),Non renseigné (Auto),N/A
Serie_A,2026-04-04,Udinese vs Como,Como,Jacobo Ramón,2,3.9043560288846493,29,10,✅ OPTIMALE (13j),Non renseigné (Auto),N/A
Serie_A,2026-04-04,Udinese vs Como,Como,Álvaro Morata,0,4.535538414493203,22,8,✅ OPTIMALE (13j),Non renseigné (Auto),N/A
Serie_A,2026-04-04,Udinese vs Como,Como,Mergim Vojvoda,2,1.1836427617818117,17,27,✅ OPTIMALE (13j),Non renseigné (Auto),N/A
Serie_A,2026-04-04,Udinese vs Como,Como,Marc-Oliver Kempf,4,3.0902431923896074,16,6,✅ OPTIMALE (13j),Non renseigné (Auto),N/A
Serie_A,2026-04-04,Udinese vs Como,Como,Maxence Caqueret,2,1.569728622213006,16,20,✅ OPTIMALE (13j),Non renseigné (Auto),N/A
Serie_A,2026-04-04,Udinese vs Como,Como,Martin Baturina,6,1.2057878719642758,15,39,✅ OPTIMALE (13j),Non renseigné (Auto),N/A
Serie_A,2026-04-04,Udinese vs Como,Como,Máximo Perrone,3,2.3424457646906376,13,27,✅ OPTIMALE (13j),Non renseigné (Auto),N/A
Serie_A,2026-04-04,Udinese vs Como,Como,Jayden Addai,3,1.5144574735313654,13,7,✅ OPTIMALE (13j),Non renseigné (Auto),N/A
Serie_A,2026-04-04,Udinese vs Como,Como,Assane Diao,1,1.0109610632061958,12,4,✅ OPTIMALE (13j),Non renseigné (Auto),N/A
Serie_A,2026-04-04,Udinese vs Como,Como,Álex Valle,0,0.4995828699320555,10,11,✅ OPTIMALE (13j),Non renseigné (Auto),N/A
Serie_A,2026-04-04,Udinese vs Como,Como,Ivan Smolcic,0,0.9719993975013494,9,8,✅ OPTIMALE (13j),Non renseigné (Auto),N/A
Serie_A,2026-04-04,Udinese vs Como,Como,Stefan Posch,1,0.8626185804605484,8,2,✅ OPTIMALE (13j),Non renseigné (Auto),N/A
Serie_A,2026-04-04,Udinese vs Como,Como,Nicolas Kühn,1,0.9032431282103062,8,11,✅ OPTIMALE (13j),Non renseigné (Auto),N/A
Serie_A,2026-04-04,Udinese vs Como,Como,Alberto Moreno,1,0.9659438356757164,7,12,✅ OPTIMALE (13j),Non renseigné (Auto),N/A
Serie_A,2026-04-04,Udinese vs Como,Como,Diego Carlos,1,1.4497368354350328,5,2,✅ OPTIMALE (13j),Non renseigné (Auto),N/A
Serie_A,2026-04-04,Udinese vs Como,Como,Sergi Roberto,0,1.0290934816002846,5,6,✅ OPTIMALE (13j),Non renseigné (Auto),N/A
Serie_A,2026-04-04,Udinese vs Como,Como,Ignace Van der Brempt,0,0.07576632499694824,2,4,✅ OPTIMALE (13j),Non renseigné (Auto),N/A
Serie_A,2026-04-04,Udinese vs Como,Como,Edoardo Goldaniga,0,0.0,0,0,✅ OPTIMALE (13j),Non renseigné (Auto),N/A
Serie_A,2026-04-04,Udinese vs Como,Como,Jean Butez,0,0.0,0,1,✅ OPTIMALE (13j),Non renseigné (Auto),N/A
Serie_A,2026-04-04,Udinese vs Como,Como,Andréa Le Borgne,0,0.0,0,0,✅ OPTIMALE (13j),Non renseigné (Auto),N/A
Serie_A,2026-04-04,Udinese vs Como,Udinese,Nicolo Zaniolo,5,4.975429467856884,55,38,✅ OPTIMALE (15j),Non renseigné (Auto),N/A
Serie_A,2026-04-04,Udinese vs Como,Udinese,Keinan Davis,10,8.636157177388668,43,26,✅ OPTIMALE (15j),Non renseigné (Auto),N/A
Serie_A,2026-04-04,Udinese vs Como,Udinese,Arthur Atta,2,2.6716171763837337,43,29,✅ OPTIMALE (15j),Non renseigné (Auto),N/A
Serie_A,2026-04-04,Udinese vs Como,Udinese,Jurgen Ekkelenkamp,4,3.8247833866626024,26,21,✅ OPTIMALE (15j),Non renseigné (Auto),N/A
Serie_A,2026-04-04,Udinese vs Como,Udinese,Jakub Piotrowski,1,2.3272112123668194,26,11,✅ OPTIMALE (15j),Non renseigné (Auto),N/A
Serie_A,2026-04-04,Udinese vs Como,Udinese,Oumar Solet,3,2.592456222511828,25,13,✅ OPTIMALE (15j),Non renseigné (Auto),N/A
Serie_A,2026-04-04,Udinese vs Como,Udinese,Jesper Karlström,1,0.6514395689591765,15,14,✅ OPTIMALE (15j),Non renseigné (Auto),N/A
Serie_A,2026-04-04,Udinese vs Como,Udinese,Hassane Kamara,0,0.5203751660883427,13,13,✅ OPTIMALE (15j),Non renseigné (Auto),N/A
Serie_A,2026-04-04,Udinese vs Como,Udinese,Nicolò Bertola,0,0.9637065827846527,12,9,✅ OPTIMALE (15j),Non renseigné (Auto),N/A
Serie_A,2026-04-04,Udinese vs Como,Udinese,Vakoun Bayo,0,1.242213656194508,12,2,✅ OPTIMALE (15j),Non renseigné (Auto),N/A
Serie_A,2026-04-04,Udinese vs Como,Udinese,Adam Buksa,2,1.5730269700288773,9,6,✅ OPTIMALE (15j),Non renseigné (Auto),N/A
Serie_A,2026-04-04,Udinese vs Como,Udinese,Christian Kabasele,3,1.6248655952513218,8,1,✅ OPTIMALE (15j),Non renseigné (Auto),N/A
Serie_A,2026-04-04,Udinese vs Como,Udinese,Lennon Miller,0,0.2771545182913542,8,6,✅ OPTIMALE (15j),Non renseigné (Auto),N/A
Serie_A,2026-04-04,Udinese vs Como,Udinese,Thomas Thiesson Kristensen,2,1.2499915193766356,7,3,✅ OPTIMALE (15j),Non renseigné (Auto),N/A
Serie_A,2026-04-04,Udinese vs Como,Udinese,Jordan Zemura,0,0.33131467178463936,5,11,✅ OPTIMALE (15j),Non renseigné (Auto),N/A
Serie_A,2026-04-04,Udinese vs Como,Udinese,Idrissa Gueye,0,0.23614896088838577,5,1,✅ OPTIMALE (15j),Non renseigné (Auto),N/A
Serie_A,2026-04-04,Udinese vs Como,Udinese,Iker Bravo,1,0.4611617363989353,4,3,✅ OPTIMALE (15j),Non renseigné (Auto),N/A
Serie_A,2026-04-04,Udinese vs Como,Udinese,Oier Zarraga,0,0.5969471037387848,4,2,✅ OPTIMALE (15j),Non renseigné (Auto),N/A
Serie_A,2026-04-04,Udinese vs Como,Udinese,Alessandro Zanoli,1,0.09998641163110733,3,15,✅ OPTIMALE (15j),Non renseigné (Auto),N/A
Serie_A,2026-04-04,Udinese vs Como,Udinese,Sandi Lovric,0,0.13209555204957724,3,6,✅ OPTIMALE (15j),Non renseigné (Auto),N/A
Serie_A,2026-04-04,Udinese vs Como,Udinese,Saba Goglichidze,0,0.5540105774998665,3,2,✅ OPTIMALE (15j),Non renseigné (Auto),N/A
Serie_A,2026-04-04,Udinese vs Como,Udinese,Kingsley Ehizibue,0,0.3431939296424389,2,4,✅ OPTIMALE (15j),Non renseigné (Auto),N/A
Serie_A,2026-04-04,Udinese vs Como,Udinese,Rui Modesto,0,0.011328736320137978,1,2,✅ OPTIMALE (15j),Non renseigné (Auto),N/A
Serie_A,2026-04-04,Udinese vs Como,Udinese,Juan Arizala,0,0.02714402973651886,1,0,✅ OPTIMALE (15j),Non renseigné (Auto),N/A
Serie_A,2026-04-04,Udinese vs Como,Udinese,Daniele Padelli,0,0.0,0,0,✅ OPTIMALE (15j),Non renseigné (Auto),N/A
Serie_A,2026-04-04,Udinese vs Como,Udinese,Razvan Sava,0,0.0,0,0,✅ OPTIMALE (15j),Non renseigné (Auto),N/A
Serie_A,2026-04-04,Udinese vs Como,Udinese,Maduka Okoye,0,0.0,0,1,✅ OPTIMALE (15j),Non renseigné (Auto),N/A
Serie_A,2026-04-04,Udinese vs Como,Udinese,Matteo Palma,0,0.0,0,0,✅ OPTIMALE (15j),Non renseigné (Auto),N/A
Serie_A,2026-04-04,Udinese vs Como,Udinese,Branimir Mlacic,0,0.0,0,0,✅ OPTIMALE (15j),Non renseigné (Auto),N/A
Bundesliga,2026-04-04,Union Berlin vs St. Pauli,St. Pauli,Danel Sinani,5,5.188192814588547,43,35,✅ OPTIMALE (13j),Non renseigné (Auto),N/A
Bundesliga,2026-04-04,Union Berlin vs St. Pauli,St. Pauli,Pereira Lage,1,4.181170877069235,37,23,✅ OPTIMALE (13j),Non renseigné (Auto),N/A
Bundesliga,2026-04-04,Union Berlin vs St. Pauli,St. Pauli,Joel Chima Fujita,1,1.3325191996991634,27,29,✅ OPTIMALE (13j),Non renseigné (Auto),N/A
Bundesliga,2026-04-04,Union Berlin vs St. Pauli,St. Pauli,Martijn Kaars,3,3.0093431510031223,20,6,✅ OPTIMALE (13j),Non renseigné (Auto),N/A
Bundesliga,2026-04-04,Union Berlin vs St. Pauli,St. Pauli,James Sands,1,0.8688814658671618,16,10,✅ OPTIMALE (13j),Non renseigné (Auto),N/A
Bundesliga,2026-04-04,Union Berlin vs St. Pauli,St. Pauli,Jackson Irvine,0,0.8047675210982561,15,6,✅ OPTIMALE (13j),Non renseigné (Auto),N/A
Bundesliga,2026-04-04,Union Berlin vs St. Pauli,St. Pauli,Arkadiusz Pyrka,0,0.8837132304906845,15,20,✅ OPTIMALE (13j),Non renseigné (Auto),N/A
Bundesliga,2026-04-04,Union Berlin vs St. Pauli,St. Pauli,Manolis Saliakas,1,0.4634962249547243,14,11,✅ OPTIMALE (13j),Non renseigné (Auto),N/A
Bundesliga,2026-04-04,Union Berlin vs St. Pauli,St. Pauli,Louis Oppie,1,1.0752846989780664,14,9,✅ OPTIMALE (13j),Non renseigné (Auto),N/A
Bundesliga,2026-04-04,Union Berlin vs St. Pauli,St. Pauli,Andréas Hountondji,4,2.7965804650448263,13,4,✅ OPTIMALE (13j),Non renseigné (Auto),N/A
Bundesliga,2026-04-04,Union Berlin vs St. Pauli,St. Pauli,Eric Smith,2,0.7296511139720678,11,15,✅ OPTIMALE (13j),Non renseigné (Auto),N/A
Bundesliga,2026-04-04,Union Berlin vs St. Pauli,St. Pauli,Ricky-Jade Jones,2,2.837136209011078,11,6,✅ OPTIMALE (13j),Non renseigné (Auto),N/A
Bundesliga,2026-04-04,Union Berlin vs St. Pauli,St. Pauli,Connor Metcalfe,0,0.5893149962648749,11,4,✅ OPTIMALE (13j),Non renseigné (Auto),N/A
Bundesliga,2026-04-04,Union Berlin vs St. Pauli,St. Pauli,Hauke Wahl,2,0.4574668547138572,8,4,✅ OPTIMALE (13j),Non renseigné (Auto),N/A
Bundesliga,2026-04-04,Union Berlin vs St. Pauli,St. Pauli,Mathias Rasmussen,0,0.2917548231780529,5,2,✅ OPTIMALE (13j),Non renseigné (Auto),N/A
Bundesliga,2026-04-04,Union Berlin vs St. Pauli,St. Pauli,Oladapo Afolayan,0,0.526158856227994,4,2,✅ OPTIMALE (13j),Non renseigné (Auto),N/A
Bundesliga,2026-04-04,Union Berlin vs St. Pauli,St. Pauli,Abdoulie Ceesay,0,0.42852297611534595,4,1,✅ OPTIMALE (13j),Non renseigné (Auto),N/A
Bundesliga,2026-04-04,Union Berlin vs St. Pauli,St. Pauli,Adam Dzwigala,1,0.1291565764695406,3,5,✅ OPTIMALE (13j),Non renseigné (Auto),N/A
Bundesliga,2026-04-04,Union Berlin vs St. Pauli,St. Pauli,Karol Mets,0,0.08314798353239894,3,2,✅ OPTIMALE (13j),Non renseigné (Auto),N/A
Bundesliga,2026-04-04,Union Berlin vs St. Pauli,St. Pauli,Tomoya Ando,0,0.0705435499548912,3,4,✅ OPTIMALE (13j),Non renseigné (Auto),N/A
Bundesliga,2026-04-04,Union Berlin vs St. Pauli,St. Pauli,Lars Ritzka,0,0.10284089297056198,2,3,✅ OPTIMALE (13j),Non renseigné (Auto),N/A
Bundesliga,2026-04-04,Union Berlin vs St. Pauli,St. Pauli,Taichi Hara,0,0.2931467592716217,1,0,✅ OPTIMALE (13j),Non renseigné (Auto),N/A
Bundesliga,2026-04-04,Union Berlin vs St. Pauli,St. Pauli,Nikola Vasilj,0,0.0,0,0,✅ OPTIMALE (13j),Non renseigné (Auto),N/A
Bundesliga,2026-04-04,Union Berlin vs St. Pauli,Union Berlin,Andrej Ilic,1,8.067950701341033,48,25,✅ OPTIMALE (14j),Non renseigné (Auto),N/A
Bundesliga,2026-04-04,Union Berlin vs St. Pauli,Union Berlin,Danilho Doekhi,4,3.4665292482823133,32,7,✅ OPTIMALE (14j),Non renseigné (Auto),N/A
Bundesliga,2026-04-04,Union Berlin vs St. Pauli,Union Berlin,Leopold Querfeld,2,3.5371375679969788,27,17,✅ OPTIMALE (14j),Non renseigné (Auto),N/A
Bundesliga,2026-04-04,Union Berlin vs St. Pauli,Union Berlin,Ilyas Ansah,5,3.181765249930322,26,14,✅ OPTIMALE (14j),Non renseigné (Auto),N/A
Bundesliga,2026-04-04,Union Berlin vs St. Pauli,Union Berlin,Oliver Burke,4,4.221441814675927,24,15,✅ OPTIMALE (14j),Non renseigné (Auto),N/A
Bundesliga,2026-04-04,Union Berlin vs St. Pauli,Union Berlin,Derrick Köhn,1,1.8774147238582373,22,19,✅ OPTIMALE (14j),Non renseigné (Auto),N/A
Bundesliga,2026-04-04,Union Berlin vs St. Pauli,Union Berlin,Woo-Yeong Jeong,3,1.81123030744493,20,6,✅ OPTIMALE (14j),Non renseigné (Auto),N/A
Bundesliga,2026-04-04,Union Berlin vs St. Pauli,Union Berlin,Andras Schafer,1,1.257767677307129,20,3,✅ OPTIMALE (14j),Non renseigné (Auto),N/A
Bundesliga,2026-04-04,Union Berlin vs St. Pauli,Union Berlin,Rani Khedira,5,2.099703524261713,19,12,✅ OPTIMALE (14j),Non renseigné (Auto),N/A
Bundesliga,2026-04-04,Union Berlin vs St. Pauli,Union Berlin,Tim Skarke,1,0.829885913990438,12,6,✅ OPTIMALE (14j),Non renseigné (Auto),N/A
Bundesliga,2026-04-04,Union Berlin vs St. Pauli,Union Berlin,Aljoscha Kemlein,0,0.8880526106804609,12,11,✅ OPTIMALE (14j),Non renseigné (Auto),N/A
Bundesliga,2026-04-04,Union Berlin vs St. Pauli,Union Berlin,Livan Burcu,0,1.6604530364274979,12,7,✅ OPTIMALE (14j),Non renseigné (Auto),N/A
Bundesliga,2026-04-04,Union Berlin vs St. Pauli,Union Berlin,Tom Rothe,1,1.2419252768158913,11,4,✅ OPTIMALE (14j),Non renseigné (Auto),N/A
Bundesliga,2026-04-04,Union Berlin vs St. Pauli,Union Berlin,Janik Haberer,0,0.6165919480845332,11,18,✅ OPTIMALE (14j),Non renseigné (Auto),N/A
Bundesliga,2026-04-04,Union Berlin vs St. Pauli,Union Berlin,Diogo Leite,0,0.7088444493710995,9,3,✅ OPTIMALE (14j),Non renseigné (Auto),N/A
Bundesliga,2026-04-04,Union Berlin vs St. Pauli,Union Berlin,Alex Kral,0,0.3362903296947479,6,4,✅ OPTIMALE (14j),Non renseigné (Auto),N/A
Bundesliga,2026-04-04,Union Berlin vs St. Pauli,Union Berlin,Stanley N&#039;Soki,1,0.13325468823313713,3,3,✅ OPTIMALE (14j),Non renseigné (Auto),N/A
Bundesliga,2026-04-04,Union Berlin vs St. Pauli,Union Berlin,Christopher Trimmel,0,0.04318304359912872,3,38,✅ OPTIMALE (14j),Non renseigné (Auto),N/A
Bundesliga,2026-04-04,Union Berlin vs St. Pauli,Union Berlin,Josip Juranovic,0,0.07852633018046618,3,9,✅ OPTIMALE (14j),Non renseigné (Auto),N/A
Bundesliga,2026-04-04,Union Berlin vs St. Pauli,Union Berlin,Marin Ljubicic,2,1.5059347748756409,2,0,✅ OPTIMALE (14j),Non renseigné (Auto),N/A
Bundesliga,2026-04-04,Union Berlin vs St. Pauli,Union Berlin,Robert Skov,0,0.032468199729919434,1,1,✅ OPTIMALE (14j),Non renseigné (Auto),N/A
Bundesliga,2026-04-04,Union Berlin vs St. Pauli,Union Berlin,Frederik Rönnow,0,0.0,0,1,✅ OPTIMALE (14j),Non renseigné (Auto),N/A
Bundesliga,2026-04-04,Union Berlin vs St. Pauli,Union Berlin,Matheo Raab,0,0.0,0,0,✅ OPTIMALE (14j),Non renseigné (Auto),N/A
Bundesliga,2026-04-04,Union Berlin vs St. Pauli,Union Berlin,Dmytro Bogdanov,0,0.0,0,0,✅ OPTIMALE (14j),Non renseigné (Auto),N/A
La_Liga,2026-04-05,Valencia vs Celta Vigo,Celta Vigo,Borja Iglesias,11,9.881765931844711,41,17,✅ OPTIMALE (14j),Non renseigné (Auto),N/A
La_Liga,2026-04-05,Valencia vs Celta Vigo,Celta Vigo,Ferrán Jutglà,7,4.207337108440697,34,10,✅ OPTIMALE (14j),Non renseigné (Auto),N/A
La_Liga,2026-04-05,Valencia vs Celta Vigo,Celta Vigo,Pablo Durán,2,3.4569044653326273,28,8,✅ OPTIMALE (14j),Non renseigné (Auto),N/A
La_Liga,2026-04-05,Valencia vs Celta Vigo,Celta Vigo,Bryan Zaragoza,1,1.910445837303996,26,18,✅ OPTIMALE (14j),Non renseigné (Auto),N/A
La_Liga,2026-04-05,Valencia vs Celta Vigo,Celta Vigo,Iago Aspas,4,4.172246567904949,24,27,✅ OPTIMALE (14j),Non renseigné (Auto),N/A
La_Liga,2026-04-05,Valencia vs Celta Vigo,Celta Vigo,Marcos Alonso,1,2.1715164687484503,21,11,✅ OPTIMALE (14j),Non renseigné (Auto),N/A
La_Liga,2026-04-05,Valencia vs Celta Vigo,Celta Vigo,Williot Swedberg,3,3.5519397780299187,18,6,✅ OPTIMALE (14j),Non renseigné (Auto),N/A
La_Liga,2026-04-05,Valencia vs Celta Vigo,Celta Vigo,Jones El Abdellaoui,2,2.2783313244581223,15,9,✅ OPTIMALE (14j),Non renseigné (Auto),N/A
La_Liga,2026-04-05,Valencia vs Celta Vigo,Celta Vigo,Ilaix Moriba,0,1.1515593770891428,15,13,✅ OPTIMALE (14j),Non renseigné (Auto),N/A
La_Liga,2026-04-05,Valencia vs Celta Vigo,Celta Vigo,Óscar Mingueza,1,0.49656450003385544,14,22,✅ OPTIMALE (14j),Non renseigné (Auto),N/A
La_Liga,2026-04-05,Valencia vs Celta Vigo,Celta Vigo,Sergio Carreira,2,1.520052356645465,12,16,✅ OPTIMALE (14j),Non renseigné (Auto),N/A
La_Liga,2026-04-05,Valencia vs Celta Vigo,Celta Vigo,Javier Rueda,2,1.5871453676372766,10,10,✅ OPTIMALE (14j),Non renseigné (Auto),N/A
La_Liga,2026-04-05,Valencia vs Celta Vigo,Celta Vigo,Miguel Román,1,1.1040805764496326,9,17,✅ OPTIMALE (14j),Non renseigné (Auto),N/A
La_Liga,2026-04-05,Valencia vs Celta Vigo,Celta Vigo,Javier Rodríguez,0,0.8124384488910437,9,8,✅ OPTIMALE (14j),Non renseigné (Auto),N/A
La_Liga,2026-04-05,Valencia vs Celta Vigo,Celta Vigo,Hugo Álvarez,3,1.0004114173352718,7,21,✅ OPTIMALE (14j),Non renseigné (Auto),N/A
La_Liga,2026-04-05,Valencia vs Celta Vigo,Celta Vigo,Fran Beltrán,0,0.33878503926098347,6,1,✅ OPTIMALE (14j),Non renseigné (Auto),N/A
La_Liga,2026-04-05,Valencia vs Celta Vigo,Celta Vigo,Fernando López,0,0.2863921597599983,5,3,✅ OPTIMALE (14j),Non renseigné (Auto),N/A
La_Liga,2026-04-05,Valencia vs Celta Vigo,Celta Vigo,Carl Starfelt,0,0.3869095593690872,4,1,✅ OPTIMALE (14j),Non renseigné (Auto),N/A
La_Liga,2026-04-05,Valencia vs Celta Vigo,Celta Vigo,Damián Rodríguez,0,0.06661918014287949,3,2,✅ OPTIMALE (14j),Non renseigné (Auto),N/A
La_Liga,2026-04-05,Valencia vs Celta Vigo,Celta Vigo,Matías Vecino,0,0.04225983843207359,2,0,✅ OPTIMALE (14j),Non renseigné (Auto),N/A
La_Liga,2026-04-05,Valencia vs Celta Vigo,Celta Vigo,Joseph Aidoo,0,0.35323455929756165,2,0,✅ OPTIMALE (14j),Non renseigné (Auto),N/A
La_Liga,2026-04-05,Valencia vs Celta Vigo,Celta Vigo,Carlos Domínguez,0,0.49362051859498024,2,1,✅ OPTIMALE (14j),Non renseigné (Auto),N/A
La_Liga,2026-04-05,Valencia vs Celta Vigo,Celta Vigo,Hugo Sotelo,0,0.08968411758542061,2,23,✅ OPTIMALE (14j),Non renseigné (Auto),N/A
La_Liga,2026-04-05,Valencia vs Celta Vigo,Celta Vigo,Manuel Fernández,0,0.04206627048552036,2,2,✅ OPTIMALE (14j),Non renseigné (Auto),N/A
La_Liga,2026-04-05,Valencia vs Celta Vigo,Celta Vigo,Álvaro Núñez,0,0.05476425774395466,2,0,✅ OPTIMALE (14j),Non renseigné (Auto),N/A
La_Liga,2026-04-05,Valencia vs Celta Vigo,Celta Vigo,Mihailo Ristic,0,0.016058174893260002,1,2,✅ OPTIMALE (14j),Non renseigné (Auto),N/A
La_Liga,2026-04-05,Valencia vs Celta Vigo,Celta Vigo,Ionut Radu,0,0.0,0,1,✅ OPTIMALE (14j),Non renseigné (Auto),N/A
La_Liga,2026-04-05,Valencia vs Celta Vigo,Celta Vigo,Yoel Lago,0,0.0,0,1,✅ OPTIMALE (14j),Non renseigné (Auto),N/A
La_Liga,2026-04-05,Valencia vs Celta Vigo,Celta Vigo,Hugo Burcio,0,0.0,0,0,✅ OPTIMALE (14j),Non renseigné (Auto),N/A
La_Liga,2026-04-05,Valencia vs Celta Vigo,Celta Vigo,Andrés Antañón,0,0.0,0,0,✅ OPTIMALE (14j),Non renseigné (Auto),N/A
La_Liga,2026-04-05,Valencia vs Celta Vigo,Valencia,Arnaut Danjuma Groeneveld,3,5.174550708383322,35,12,✅ OPTIMALE (15j),Non renseigné (Auto),N/A
La_Liga,2026-04-05,Valencia vs Celta Vigo,Valencia,Luis Rioja,2,1.8364594653248787,34,29,✅ OPTIMALE (15j),Non renseigné (Auto),N/A
La_Liga,2026-04-05,Valencia vs Celta Vigo,Valencia,Largie Ramazani,5,4.536105655133724,29,14,✅ OPTIMALE (15j),Non renseigné (Auto),N/A
La_Liga,2026-04-05,Valencia vs Celta Vigo,Valencia,Hugo Duro,9,7.09738864004612,28,15,✅ OPTIMALE (15j),Non renseigné (Auto),N/A
La_Liga,2026-04-05,Valencia vs Celta Vigo,Valencia,Lucas Beltrán,1,3.6943996120244265,28,12,✅ OPTIMALE (15j),Non renseigné (Auto),N/A
La_Liga,2026-04-05,Valencia vs Celta Vigo,Valencia,Pepelu,2,3.219678146764636,22,20,✅ OPTIMALE (15j),Non renseigné (Auto),N/A
La_Liga,2026-04-05,Valencia vs Celta Vigo,Valencia,Diego López,3,2.7840157272294164,21,10,✅ OPTIMALE (15j),Non renseigné (Auto),N/A
La_Liga,2026-04-05,Valencia vs Celta Vigo,Valencia,Javier Guerra,1,1.7627443503588438,18,17,✅ OPTIMALE (15j),Non renseigné (Auto),N/A
La_Liga,2026-04-05,Valencia vs Celta Vigo,Valencia,Filip Ugrinic,0,0.4034112300723791,15,14,✅ OPTIMALE (15j),Non renseigné (Auto),N/A
La_Liga,2026-04-05,Valencia vs Celta Vigo,Valencia,Copete,0,1.9447047151625156,13,5,✅ OPTIMALE (15j),Non renseigné (Auto),N/A
La_Liga,2026-04-05,Valencia vs Celta Vigo,Valencia,Umar Sadiq,1,1.7352239713072777,12,6,✅ OPTIMALE (15j),Non renseigné (Auto),N/A
La_Liga,2026-04-05,Valencia vs Celta Vigo,Valencia,José Gayá,1,0.6719938721507788,9,19,✅ OPTIMALE (15j),Non renseigné (Auto),N/A
La_Liga,2026-04-05,Valencia vs Celta Vigo,Valencia,André Almeida,0,0.8195844329893589,8,17,✅ OPTIMALE (15j),Non renseigné (Auto),N/A
La_Liga,2026-04-05,Valencia vs Celta Vigo,Valencia,Raba,0,0.19945612736046314,7,2,✅ OPTIMALE (15j),Non renseigné (Auto),N/A
La_Liga,2026-04-05,Valencia vs Celta Vigo,Valencia,Jesús Vázquez,0,0.27409202978014946,7,7,✅ OPTIMALE (15j),Non renseigné (Auto),N/A
La_Liga,2026-04-05,Valencia vs Celta Vigo,Valencia,César Tárrega,0,0.28319244273006916,7,2,✅ OPTIMALE (15j),Non renseigné (Auto),N/A
La_Liga,2026-04-05,Valencia vs Celta Vigo,Valencia,Baptiste Santamaria,1,0.516353402286768,6,4,✅ OPTIMALE (15j),Non renseigné (Auto),N/A
La_Liga,2026-04-05,Valencia vs Celta Vigo,Valencia,Dimitri Foulquier,0,0.42501132003962994,6,6,✅ OPTIMALE (15j),Non renseigné (Auto),N/A
La_Liga,2026-04-05,Valencia vs Celta Vigo,Valencia,Guido Rodríguez,0,0.26465115509927273,6,1,✅ OPTIMALE (15j),Non renseigné (Auto),N/A
La_Liga,2026-04-05,Valencia vs Celta Vigo,Valencia,Eray Cömert,2,1.3032667636871338,5,2,✅ OPTIMALE (15j),Non renseigné (Auto),N/A
La_Liga,2026-04-05,Valencia vs Celta Vigo,Valencia,Unai Núñez,0,0.18561773281544447,5,0,✅ OPTIMALE (15j),Non renseigné (Auto),N/A
La_Liga,2026-04-05,Valencia vs Celta Vigo,Valencia,Thierry Correia,0,0.2800837680697441,5,9,✅ OPTIMALE (15j),Non renseigné (Auto),N/A
La_Liga,2026-04-05,Valencia vs Celta Vigo,Valencia,Mouctar Diakhaby,1,0.632166750729084,4,1,✅ OPTIMALE (15j),Non renseigné (Auto),N/A
La_Liga,2026-04-05,Valencia vs Celta Vigo,Valencia,Stole Dimitrievski,0,0.0,0,0,✅ OPTIMALE (15j),Non renseigné (Auto),N/A
La_Liga,2026-04-05,Valencia vs Celta Vigo,Valencia,Julen Agirrezabala,0,0.0,0,1,✅ OPTIMALE (15j),Non renseigné (Auto),N/A
La_Liga,2026-04-05,Valencia vs Celta Vigo,Valencia,Rubén Iranzo,0,0.0,0,0,✅ OPTIMALE (15j),Non renseigné (Auto),N/A
Serie_A,2026-04-04,Verona vs Fiorentina,Fiorentina,Moise Kean,8,15.358143091201782,97,3,✅ OPTIMALE (13j),Non renseigné (Auto),N/A
Serie_A,2026-04-04,Verona vs Fiorentina,Fiorentina,Rolando Mandragora,6,4.301707404665649,55,30,✅ OPTIMALE (13j),Non renseigné (Auto),N/A
Serie_A,2026-04-04,Verona vs Fiorentina,Fiorentina,Roberto Piccoli,3,5.736589040607214,40,14,✅ OPTIMALE (13j),Non renseigné (Auto),N/A
Serie_A,2026-04-04,Verona vs Fiorentina,Fiorentina,Albert Gudmundsson,5,4.715699024498463,33,25,✅ OPTIMALE (13j),Non renseigné (Auto),N/A
Serie_A,2026-04-04,Verona vs Fiorentina,Fiorentina,Nicolo Fagioli,1,1.6175493113696575,28,59,✅ OPTIMALE (13j),Non renseigné (Auto),N/A
Serie_A,2026-04-04,Verona vs Fiorentina,Fiorentina,Fabiano Parisi,1,1.1425297418609262,22,19,✅ OPTIMALE (13j),Non renseigné (Auto),N/A
Serie_A,2026-04-04,Verona vs Fiorentina,Fiorentina,Dodô,1,1.2677032696083188,20,41,✅ OPTIMALE (13j),Non renseigné (Auto),N/A
Serie_A,2026-04-04,Verona vs Fiorentina,Fiorentina,Cher Ndour,2,1.9763507656753063,17,7,✅ OPTIMALE (13j),Non renseigné (Auto),N/A
Serie_A,2026-04-04,Verona vs Fiorentina,Fiorentina,Luca Ranieri,1,1.9470115033909678,15,7,✅ OPTIMALE (13j),Non renseigné (Auto),N/A
Serie_A,2026-04-04,Verona vs Fiorentina,Fiorentina,Robin Gosens,2,2.13671494089067,14,10,✅ OPTIMALE (13j),Non renseigné (Auto),N/A
Serie_A,2026-04-04,Verona vs Fiorentina,Fiorentina,Marco Brescianini,1,2.1496714502573013,10,7,✅ OPTIMALE (13j),Non renseigné (Auto),N/A
Serie_A,2026-04-04,Verona vs Fiorentina,Fiorentina,Pietro Comuzzo,1,0.7991757988929749,9,3,✅ OPTIMALE (13j),Non renseigné (Auto),N/A
Serie_A,2026-04-04,Verona vs Fiorentina,Fiorentina,Jacopo Fazzini,0,0.8832504265010357,9,7,✅ OPTIMALE (13j),Non renseigné (Auto),N/A
Serie_A,2026-04-04,Verona vs Fiorentina,Fiorentina,Marin Pongracic,0,0.592979246750474,8,5,✅ OPTIMALE (13j),Non renseigné (Auto),N/A
Serie_A,2026-04-04,Verona vs Fiorentina,Fiorentina,Niccolò Fortini,0,0.22872518189251423,8,4,✅ OPTIMALE (13j),Non renseigné (Auto),N/A
Serie_A,2026-04-04,Verona vs Fiorentina,Fiorentina,Manor Solomon,2,0.43700780533254147,5,11,✅ OPTIMALE (13j),Non renseigné (Auto),N/A
Serie_A,2026-04-04,Verona vs Fiorentina,Fiorentina,Simon Sohm,0,0.1839409228414297,5,9,✅ OPTIMALE (13j),Non renseigné (Auto),N/A
Serie_A,2026-04-04,Verona vs Fiorentina,Fiorentina,Edin Dzeko,0,0.2566082924604416,4,2,✅ OPTIMALE (13j),Non renseigné (Auto),N/A
Serie_A,2026-04-04,Verona vs Fiorentina,Fiorentina,Hans Nicolussi Caviglia,0,0.12238978035748005,4,10,✅ OPTIMALE (13j),Non renseigné (Auto),N/A
Serie_A,2026-04-04,Verona vs Fiorentina,Fiorentina,Jack Harrison,0,0.09029460605233908,3,6,✅ OPTIMALE (13j),Non renseigné (Auto),N/A
Serie_A,2026-04-04,Verona vs Fiorentina,Fiorentina,Pablo Marí,0,0.04825178999453783,2,2,✅ OPTIMALE (13j),Non renseigné (Auto),N/A
Serie_A,2026-04-04,Verona vs Fiorentina,Fiorentina,Abdelhamid Sabiri,0,0.012924617156386375,1,3,✅ OPTIMALE (13j),Non renseigné (Auto),N/A
Serie_A,2026-04-04,Verona vs Fiorentina,Fiorentina,Amir Richardson,0,0.012502109631896019,1,0,✅ OPTIMALE (13j),Non renseigné (Auto),N/A
Serie_A,2026-04-04,Verona vs Fiorentina,Fiorentina,Giovanni Fabbian,0,0.06952381879091263,1,1,✅ OPTIMALE (13j),Non renseigné (Auto),N/A
Serie_A,2026-04-04,Verona vs Fiorentina,Fiorentina,David de Gea,0,0.0,0,1,✅ OPTIMALE (13j),Non renseigné (Auto),N/A
Serie_A,2026-04-04,Verona vs Fiorentina,Fiorentina,Daniele Rugani,0,0.0,0,0,✅ OPTIMALE (13j),Non renseigné (Auto),N/A
Serie_A,2026-04-04,Verona vs Fiorentina,Fiorentina,Christian Kouamé,0,0.0,0,0,✅ OPTIMALE (13j),Non renseigné (Auto),N/A
Serie_A,2026-04-04,Verona vs Fiorentina,Fiorentina,Tariq Lamptey,0,0.0,0,2,✅ OPTIMALE (13j),Non renseigné (Auto),N/A
Serie_A,2026-04-04,Verona vs Fiorentina,Fiorentina,Mattia Viti,0,0.0,0,0,✅ OPTIMALE (13j),Non renseigné (Auto),N/A
Serie_A,2026-04-04,Verona vs Fiorentina,Fiorentina,Eddy Kouadio,0,0.0,0,1,✅ OPTIMALE (13j),Non renseigné (Auto),N/A
Serie_A,2026-04-04,Verona vs Fiorentina,Verona,Gift Orban,7,11.338334465399384,75,20,✅ OPTIMALE (13j),Non renseigné (Auto),N/A
Serie_A,2026-04-04,Verona vs Fiorentina,Verona,Giovane,3,3.713917773216963,47,28,✅ OPTIMALE (13j),Non renseigné (Auto),N/A
Serie_A,2026-04-04,Verona vs Fiorentina,Verona,Suat Serdar,2,2.6708283396437764,19,12,✅ OPTIMALE (13j),Non renseigné (Auto),N/A
Serie_A,2026-04-04,Verona vs Fiorentina,Verona,Amin Sarr,0,1.542491452768445,17,13,✅ OPTIMALE (13j),Non renseigné (Auto),N/A
Serie_A,2026-04-04,Verona vs Fiorentina,Verona,Martin Frese,2,1.2523860819637775,16,23,✅ OPTIMALE (13j),Non renseigné (Auto),N/A
Serie_A,2026-04-04,Verona vs Fiorentina,Verona,Antoine Bernede,1,0.7658993229269981,16,19,✅ OPTIMALE (13j),Non renseigné (Auto),N/A
Serie_A,2026-04-04,Verona vs Fiorentina,Verona,Daniel Mosquera,0,1.0957419574260712,16,5,✅ OPTIMALE (13j),Non renseigné (Auto),N/A
Serie_A,2026-04-04,Verona vs Fiorentina,Verona,Kieron Bowie,1,2.021906264126301,12,3,✅ OPTIMALE (13j),Non renseigné (Auto),N/A
Serie_A,2026-04-04,Verona vs Fiorentina,Verona,Rafik Belghali,2,2.009876527823508,11,19,✅ OPTIMALE (13j),Non renseigné (Auto),N/A
Serie_A,2026-04-04,Verona vs Fiorentina,Verona,Roberto Gagliardini,1,0.8348669214174151,11,9,✅ OPTIMALE (13j),Non renseigné (Auto),N/A
Serie_A,2026-04-04,Verona vs Fiorentina,Verona,Abdou Harroui,1,1.1467182114720345,10,10,✅ OPTIMALE (13j),Non renseigné (Auto),N/A
Serie_A,2026-04-04,Verona vs Fiorentina,Verona,Domagoj Bradaric,0,0.47167971916496754,9,22,✅ OPTIMALE (13j),Non renseigné (Auto),N/A
Serie_A,2026-04-04,Verona vs Fiorentina,Verona,Jean-Daniel Akpa-Akpro,1,0.6402966864407063,8,8,✅ OPTIMALE (13j),Non renseigné (Auto),N/A
Serie_A,2026-04-04,Verona vs Fiorentina,Verona,Nicolás Valentini,0,0.2603095965459943,8,2,✅ OPTIMALE (13j),Non renseigné (Auto),N/A
Serie_A,2026-04-04,Verona vs Fiorentina,Verona,Victor Nelsson,0,0.3612266927957535,8,2,✅ OPTIMALE (13j),Non renseigné (Auto),N/A
Serie_A,2026-04-04,Verona vs Fiorentina,Verona,Unai Núñez,0,0.29863099195063114,7,5,✅ OPTIMALE (13j),Non renseigné (Auto),N/A
Serie_A,2026-04-04,Verona vs Fiorentina,Verona,Al Musrati,0,0.15250873751938343,7,6,✅ OPTIMALE (13j),Non renseigné (Auto),N/A
Serie_A,2026-04-04,Verona vs Fiorentina,Verona,Cheikh Niasse,0,0.1757795037701726,6,11,✅ OPTIMALE (13j),Non renseigné (Auto),N/A
Serie_A,2026-04-04,Verona vs Fiorentina,Verona,Fallou Cham,0,0.343944251537323,5,4,✅ OPTIMALE (13j),Non renseigné (Auto),N/A
Serie_A,2026-04-04,Verona vs Fiorentina,Verona,Armel Bella Kotchap,0,0.07622531428933144,3,1,✅ OPTIMALE (13j),Non renseigné (Auto),N/A
Serie_A,2026-04-04,Verona vs Fiorentina,Verona,Tomás Suslov,0,0.11262632720172405,3,1,✅ OPTIMALE (13j),Non renseigné (Auto),N/A
Serie_A,2026-04-04,Verona vs Fiorentina,Verona,Tobias Slotsager,0,0.13953347317874432,3,0,✅ OPTIMALE (13j),Non renseigné (Auto),N/A
Serie_A,2026-04-04,Verona vs Fiorentina,Verona,Sandi Lovric,0,0.07909909822046757,2,1,✅ OPTIMALE (13j),Non renseigné (Auto),N/A
Serie_A,2026-04-04,Verona vs Fiorentina,Verona,Grigoris Kastanos,0,0.028007475659251213,1,1,✅ OPTIMALE (13j),Non renseigné (Auto),N/A
Serie_A,2026-04-04,Verona vs Fiorentina,Verona,Enzo Ebosse,0,0.05857173725962639,1,0,✅ OPTIMALE (13j),Non renseigné (Auto),N/A
Serie_A,2026-04-04,Verona vs Fiorentina,Verona,Jesús Santiago,0,0.010065632872283459,1,1,✅ OPTIMALE (13j),Non renseigné (Auto),N/A
Serie_A,2026-04-04,Verona vs Fiorentina,Verona,Daniel Oyegoke,0,0.032606713473796844,1,3,✅ OPTIMALE (13j),Non renseigné (Auto),N/A
Serie_A,2026-04-04,Verona vs Fiorentina,Verona,Andrias Edmundsson,0,0.029425065964460373,1,1,✅ OPTIMALE (13j),Non renseigné (Auto),N/A
Serie_A,2026-04-04,Verona vs Fiorentina,Verona,Pol Lirola,0,0.0,0,1,✅ OPTIMALE (13j),Non renseigné (Auto),N/A
Serie_A,2026-04-04,Verona vs Fiorentina,Verona,Lorenzo Montipò,0,0.0,0,2,✅ OPTIMALE (13j),Non renseigné (Auto),N/A
Serie_A,2026-04-04,Verona vs Fiorentina,Verona,Simone Perilli,0,0.0,0,0,✅ OPTIMALE (13j),Non renseigné (Auto),N/A
Serie_A,2026-04-04,Verona vs Fiorentina,Verona,Junior Ajayi,0,0.0,0,0,✅ OPTIMALE (13j),Non renseigné (Auto),N/A
Serie_A,2026-04-04,Verona vs Fiorentina,Verona,Ioan Vermesan,0,0.0,0,0,✅ OPTIMALE (13j),Non renseigné (Auto),N/A
Serie_A,2026-04-04,Verona vs Fiorentina,Verona,Isaac,0,0.0,0,0,✅ OPTIMALE (13j),Non renseigné (Auto),N/A
Bundesliga,2026-04-04,VfB Stuttgart vs Borussia Dortmund,Borussia Dortmund,Serhou Guirassy,13,15.727250542491674,67,17,✅ OPTIMALE (14j),Non renseigné (Auto),N/A
Bundesliga,2026-04-04,VfB Stuttgart vs Borussia Dortmund,Borussia Dortmund,Maximilian Beier,8,7.629877120256424,44,19,✅ OPTIMALE (14j),Non renseigné (Auto),N/A
Bundesliga,2026-04-04,VfB Stuttgart vs Borussia Dortmund,Borussia Dortmund,Felix Nmecha,2,3.1790058817714453,31,20,✅ OPTIMALE (14j),Non renseigné (Auto),N/A
Bundesliga,2026-04-04,VfB Stuttgart vs Borussia Dortmund,Borussia Dortmund,Karim Adeyemi,6,4.678508400917053,30,14,✅ OPTIMALE (14j),Non renseigné (Auto),N/A
Bundesliga,2026-04-04,VfB Stuttgart vs Borussia Dortmund,Borussia Dortmund,Nico Schlotterbeck,4,3.2422886332497,30,8,✅ OPTIMALE (14j),Non renseigné (Auto),N/A
Bundesliga,2026-04-04,VfB Stuttgart vs Borussia Dortmund,Borussia Dortmund,Julian Brandt,6,4.301542589440942,26,24,✅ OPTIMALE (14j),Non renseigné (Auto),N/A
Bundesliga,2026-04-04,VfB Stuttgart vs Borussia Dortmund,Borussia Dortmund,Fabio Silva,1,1.6806797478348017,19,16,✅ OPTIMALE (14j),Non renseigné (Auto),N/A
Bundesliga,2026-04-04,VfB Stuttgart vs Borussia Dortmund,Borussia Dortmund,Marcel Sabitzer,1,1.0127577241510153,17,11,✅ OPTIMALE (14j),Non renseigné (Auto),N/A
Bundesliga,2026-04-04,VfB Stuttgart vs Borussia Dortmund,Borussia Dortmund,Carney Chukwuemeka,2,2.3645795173943043,15,10,✅ OPTIMALE (14j),Non renseigné (Auto),N/A
Bundesliga,2026-04-04,VfB Stuttgart vs Borussia Dortmund,Borussia Dortmund,Jobe Bellingham,0,0.7233882173895836,14,5,✅ OPTIMALE (14j),Non renseigné (Auto),N/A
Bundesliga,2026-04-04,VfB Stuttgart vs Borussia Dortmund,Borussia Dortmund,Waldemar Anton,2,1.7578401621431112,13,7,✅ OPTIMALE (14j),Non renseigné (Auto),N/A
Bundesliga,2026-04-04,VfB Stuttgart vs Borussia Dortmund,Borussia Dortmund,Ramy Bensebaini,4,2.5890878485515714,12,7,✅ OPTIMALE (14j),Non renseigné (Auto),N/A
Bundesliga,2026-04-04,VfB Stuttgart vs Borussia Dortmund,Borussia Dortmund,Daniel Svensson,2,1.877221655100584,9,30,✅ OPTIMALE (14j),Non renseigné (Auto),N/A
Bundesliga,2026-04-04,VfB Stuttgart vs Borussia Dortmund,Borussia Dortmund,Julian Ryerson,0,0.5529551077634096,9,45,✅ OPTIMALE (14j),Non renseigné (Auto),N/A
Bundesliga,2026-04-04,VfB Stuttgart vs Borussia Dortmund,Borussia Dortmund,Yan Couto,1,0.5621986016631126,8,17,✅ OPTIMALE (14j),Non renseigné (Auto),N/A
Bundesliga,2026-04-04,VfB Stuttgart vs Borussia Dortmund,Borussia Dortmund,Pascal Groß,0,0.8347828388214111,8,11,✅ OPTIMALE (14j),Non renseigné (Auto),N/A
Bundesliga,2026-04-04,VfB Stuttgart vs Borussia Dortmund,Borussia Dortmund,Emre Can,3,2.363978619687259,5,0,✅ OPTIMALE (14j),Non renseigné (Auto),N/A
Bundesliga,2026-04-04,VfB Stuttgart vs Borussia Dortmund,Borussia Dortmund,Luca Reggiani,1,0.09582721628248692,2,2,✅ OPTIMALE (14j),Non renseigné (Auto),N/A
Bundesliga,2026-04-04,VfB Stuttgart vs Borussia Dortmund,Borussia Dortmund,Niklas Süle,0,0.03355417028069496,2,2,✅ OPTIMALE (14j),Non renseigné (Auto),N/A
Bundesliga,2026-04-04,VfB Stuttgart vs Borussia Dortmund,Borussia Dortmund,Aaron Anselmino,1,0.05440906062722206,1,0,✅ OPTIMALE (14j),Non renseigné (Auto),N/A
Bundesliga,2026-04-04,VfB Stuttgart vs Borussia Dortmund,Borussia Dortmund,Salih Özcan,0,0.1352226883172989,1,0,✅ OPTIMALE (14j),Non renseigné (Auto),N/A
Bundesliga,2026-04-04,VfB Stuttgart vs Borussia Dortmund,Borussia Dortmund,Cole Campbell,0,0.1280488818883896,1,1,✅ OPTIMALE (14j),Non renseigné (Auto),N/A
Bundesliga,2026-04-04,VfB Stuttgart vs Borussia Dortmund,Borussia Dortmund,Samuele Inácio,0,0.05087319016456604,1,0,✅ OPTIMALE (14j),Non renseigné (Auto),N/A
Bundesliga,2026-04-04,VfB Stuttgart vs Borussia Dortmund,Borussia Dortmund,Gregor Kobel,0,0.0,0,0,✅ OPTIMALE (14j),Non renseigné (Auto),N/A
Bundesliga,2026-04-04,VfB Stuttgart vs Borussia Dortmund,Borussia Dortmund,Filippo Mané,0,0.0,0,0,✅ OPTIMALE (14j),Non renseigné (Auto),N/A
Bundesliga,2026-04-04,VfB Stuttgart vs Borussia Dortmund,VfB Stuttgart,Deniz Undav,18,16.30695114657283,100,25,✅ OPTIMALE (13j),Non renseigné (Auto),N/A
Bundesliga,2026-04-04,VfB Stuttgart vs Borussia Dortmund,VfB Stuttgart,Jamie Leweling,7,3.726155199110508,40,34,✅ OPTIMALE (13j),Non renseigné (Auto),N/A
Bundesliga,2026-04-04,VfB Stuttgart vs Borussia Dortmund,VfB Stuttgart,Bilal El Khannouss,3,1.7664454439654946,31,38,✅ OPTIMALE (13j),Non renseigné (Auto),N/A
Bundesliga,2026-04-04,VfB Stuttgart vs Borussia Dortmund,VfB Stuttgart,Tiago Tomás,4,4.151520639657974,30,10,✅ OPTIMALE (13j),Non renseigné (Auto),N/A
Bundesliga,2026-04-04,VfB Stuttgart vs Borussia Dortmund,VfB Stuttgart,Ermedin Demirovic,9,6.367287680506706,29,12,✅ OPTIMALE (13j),Non renseigné (Auto),N/A
Bundesliga,2026-04-04,VfB Stuttgart vs Borussia Dortmund,VfB Stuttgart,Chris Führich,4,2.2353497818112373,26,32,✅ OPTIMALE (13j),Non renseigné (Auto),N/A
Bundesliga,2026-04-04,VfB Stuttgart vs Borussia Dortmund,VfB Stuttgart,Maximilian Mittelstädt,4,3.5066699385643005,23,31,✅ OPTIMALE (13j),Non renseigné (Auto),N/A
Bundesliga,2026-04-04,VfB Stuttgart vs Borussia Dortmund,VfB Stuttgart,Nikolas Nartey,3,3.905818996950984,20,20,✅ OPTIMALE (13j),Non renseigné (Auto),N/A
Bundesliga,2026-04-04,VfB Stuttgart vs Borussia Dortmund,VfB Stuttgart,Joshua Vagnoman,1,3.556872447952628,19,16,✅ OPTIMALE (13j),Non renseigné (Auto),N/A
Bundesliga,2026-04-04,VfB Stuttgart vs Borussia Dortmund,VfB Stuttgart,Julian Chabot,0,1.4299173662438989,16,4,✅ OPTIMALE (13j),Non renseigné (Auto),N/A
Bundesliga,2026-04-04,VfB Stuttgart vs Borussia Dortmund,VfB Stuttgart,Badredine Bouanani,0,0.8921055234968662,13,5,✅ OPTIMALE (13j),Non renseigné (Auto),N/A
Bundesliga,2026-04-04,VfB Stuttgart vs Borussia Dortmund,VfB Stuttgart,Lorenz Assignon,0,0.6411505760625005,11,5,✅ OPTIMALE (13j),Non renseigné (Auto),N/A
Bundesliga,2026-04-04,VfB Stuttgart vs Borussia Dortmund,VfB Stuttgart,Chema Andres,1,0.9713077396154404,10,9,✅ OPTIMALE (13j),Non renseigné (Auto),N/A
Bundesliga,2026-04-04,VfB Stuttgart vs Borussia Dortmund,VfB Stuttgart,Angelo Stiller,1,2.3774432204663754,9,45,✅ OPTIMALE (13j),Non renseigné (Auto),N/A
Bundesliga,2026-04-04,VfB Stuttgart vs Borussia Dortmund,VfB Stuttgart,Atakan Karazor,0,1.0594271700829268,7,11,✅ OPTIMALE (13j),Non renseigné (Auto),N/A
Bundesliga,2026-04-04,VfB Stuttgart vs Borussia Dortmund,VfB Stuttgart,Dan-Axel Zagadou,0,0.26282281428575516,5,1,✅ OPTIMALE (13j),Non renseigné (Auto),N/A
Bundesliga,2026-04-04,VfB Stuttgart vs Borussia Dortmund,VfB Stuttgart,Pascal Stenzel,0,0.15920219477266073,3,0,✅ OPTIMALE (13j),Non renseigné (Auto),N/A
Bundesliga,2026-04-04,VfB Stuttgart vs Borussia Dortmund,VfB Stuttgart,Ramon Hendriks,0,0.06360262259840965,3,4,✅ OPTIMALE (13j),Non renseigné (Auto),N/A
Bundesliga,2026-04-04,VfB Stuttgart vs Borussia Dortmund,VfB Stuttgart,Finn Jeltsch,0,0.19509844854474068,3,5,✅ OPTIMALE (13j),Non renseigné (Auto),N/A
Bundesliga,2026-04-04,VfB Stuttgart vs Borussia Dortmund,VfB Stuttgart,Jeremy Arévalo,0,0.15828637033700943,3,1,✅ OPTIMALE (13j),Non renseigné (Auto),N/A
Bundesliga,2026-04-04,VfB Stuttgart vs Borussia Dortmund,VfB Stuttgart,Luca Jaquez,0,0.11304950062185526,2,5,✅ OPTIMALE (13j),Non renseigné (Auto),N/A
Bundesliga,2026-04-04,VfB Stuttgart vs Borussia Dortmund,VfB Stuttgart,Ameen Al Dakhil,0,0.06256280839443207,1,2,✅ OPTIMALE (13j),Non renseigné (Auto),N/A
Bundesliga,2026-04-04,VfB Stuttgart vs Borussia Dortmund,VfB Stuttgart,Lazar Jovanovic,0,0.0999414473772049,1,2,✅ OPTIMALE (13j),Non renseigné (Auto),N/A
Bundesliga,2026-04-04,VfB Stuttgart vs Borussia Dortmund,VfB Stuttgart,Alexander Nübel,0,0.0,0,3,✅ OPTIMALE (13j),Non renseigné (Auto),N/A
Bundesliga,2026-04-04,VfB Stuttgart vs Borussia Dortmund,VfB Stuttgart,Nick Woltemade,0,0.0,0,1,✅ OPTIMALE (13j),Non renseigné (Auto),N/A
Bundesliga,2026-04-04,VfB Stuttgart vs Borussia Dortmund,VfB Stuttgart,Leonidas Stergiou,0,0.0,0,0,✅ OPTIMALE (13j),Non renseigné (Auto),N/A
Bundesliga,2026-04-04,Werder Bremen vs RasenBallsport Leipzig,RasenBallsport Leipzig,Christoph Baumgartner,12,13.94309102743864,62,30,✅ OPTIMALE (15j),Non renseigné (Auto),N/A
Bundesliga,2026-04-04,Werder Bremen vs RasenBallsport Leipzig,RasenBallsport Leipzig,Antonio Nusa,2,4.746032314375043,51,27,✅ OPTIMALE (15j),Non renseigné (Auto),N/A
Bundesliga,2026-04-04,Werder Bremen vs RasenBallsport Leipzig,RasenBallsport Leipzig,Rômulo,7,11.962001759558916,46,21,✅ OPTIMALE (15j),Non renseigné (Auto),N/A
Bundesliga,2026-04-04,Werder Bremen vs RasenBallsport Leipzig,RasenBallsport Leipzig,Yan Diomande,10,6.414470110088587,42,44,✅ OPTIMALE (15j),Non renseigné (Auto),N/A
Bundesliga,2026-04-04,Werder Bremen vs RasenBallsport Leipzig,RasenBallsport Leipzig,Conrad Harder,2,3.6867622919380665,36,12,✅ OPTIMALE (15j),Non renseigné (Auto),N/A
Bundesliga,2026-04-04,Werder Bremen vs RasenBallsport Leipzig,RasenBallsport Leipzig,Bote Baku,1,2.007764134556055,23,28,✅ OPTIMALE (15j),Non renseigné (Auto),N/A
Bundesliga,2026-04-04,Werder Bremen vs RasenBallsport Leipzig,RasenBallsport Leipzig,David Raum,3,2.2789241075515747,21,85,✅ OPTIMALE (15j),Non renseigné (Auto),N/A
Bundesliga,2026-04-04,Werder Bremen vs RasenBallsport Leipzig,RasenBallsport Leipzig,Willi Orban,1,3.0930753713473678,19,7,✅ OPTIMALE (15j),Non renseigné (Auto),N/A
Bundesliga,2026-04-04,Werder Bremen vs RasenBallsport Leipzig,RasenBallsport Leipzig,Assan Ouédraogo,3,2.1908827032893896,18,8,✅ OPTIMALE (15j),Non renseigné (Auto),N/A
Bundesliga,2026-04-04,Werder Bremen vs RasenBallsport Leipzig,RasenBallsport Leipzig,Johan Bakayoko,2,1.7686516754329205,18,9,✅ OPTIMALE (15j),Non renseigné (Auto),N/A
Bundesliga,2026-04-04,Werder Bremen vs RasenBallsport Leipzig,RasenBallsport Leipzig,Xaver Schlager,2,1.5761990547180176,17,16,✅ OPTIMALE (15j),Non renseigné (Auto),N/A
Bundesliga,2026-04-04,Werder Bremen vs RasenBallsport Leipzig,RasenBallsport Leipzig,Nicolas Seiwald,0,1.405506957322359,16,12,✅ OPTIMALE (15j),Non renseigné (Auto),N/A
Bundesliga,2026-04-04,Werder Bremen vs RasenBallsport Leipzig,RasenBallsport Leipzig,Ezechiel Banzuzi,0,1.1647295914590359,14,7,✅ OPTIMALE (15j),Non renseigné (Auto),N/A
Bundesliga,2026-04-04,Werder Bremen vs RasenBallsport Leipzig,RasenBallsport Leipzig,Brajan Gruda,3,2.3300758227705956,13,11,✅ OPTIMALE (15j),Non renseigné (Auto),N/A
Bundesliga,2026-04-04,Werder Bremen vs RasenBallsport Leipzig,RasenBallsport Leipzig,Tidiam Gomis,1,0.6109884418547153,9,2,✅ OPTIMALE (15j),Non renseigné (Auto),N/A
Bundesliga,2026-04-04,Werder Bremen vs RasenBallsport Leipzig,RasenBallsport Leipzig,Castello Lukeba,1,0.8890010062605143,8,6,✅ OPTIMALE (15j),Non renseigné (Auto),N/A
Bundesliga,2026-04-04,Werder Bremen vs RasenBallsport Leipzig,RasenBallsport Leipzig,Benjamin Henrichs,1,0.1952432431280613,4,2,✅ OPTIMALE (15j),Non renseigné (Auto),N/A
Bundesliga,2026-04-04,Werder Bremen vs RasenBallsport Leipzig,RasenBallsport Leipzig,Loïs Openda,0,0.15504523739218712,3,1,✅ OPTIMALE (15j),Non renseigné (Auto),N/A
Bundesliga,2026-04-04,Werder Bremen vs RasenBallsport Leipzig,RasenBallsport Leipzig,Andrija Maksimovic,0,0.0663988795131445,2,3,✅ OPTIMALE (15j),Non renseigné (Auto),N/A
Bundesliga,2026-04-04,Werder Bremen vs RasenBallsport Leipzig,RasenBallsport Leipzig,Lukas Klostermann,0,0.04343457147479057,1,1,✅ OPTIMALE (15j),Non renseigné (Auto),N/A
Bundesliga,2026-04-04,Werder Bremen vs RasenBallsport Leipzig,RasenBallsport Leipzig,El Chadaille Bitshiabu,0,0.08506286144256592,1,1,✅ OPTIMALE (15j),Non renseigné (Auto),N/A
Bundesliga,2026-04-04,Werder Bremen vs RasenBallsport Leipzig,RasenBallsport Leipzig,Max Finkgrafe,0,0.09081710875034332,1,1,✅ OPTIMALE (15j),Non renseigné (Auto),N/A
Bundesliga,2026-04-04,Werder Bremen vs RasenBallsport Leipzig,RasenBallsport Leipzig,Samba Konate,0,0.0413617305457592,1,0,✅ OPTIMALE (15j),Non renseigné (Auto),N/A
Bundesliga,2026-04-04,Werder Bremen vs RasenBallsport Leipzig,RasenBallsport Leipzig,Timo Werner,0,0.0,0,0,✅ OPTIMALE (15j),Non renseigné (Auto),N/A
Bundesliga,2026-04-04,Werder Bremen vs RasenBallsport Leipzig,RasenBallsport Leipzig,Kevin Kampl,0,0.0,0,0,✅ OPTIMALE (15j),Non renseigné (Auto),N/A
Bundesliga,2026-04-04,Werder Bremen vs RasenBallsport Leipzig,RasenBallsport Leipzig,Péter Gulácsi,0,0.0,0,0,✅ OPTIMALE (15j),Non renseigné (Auto),N/A
Bundesliga,2026-04-04,Werder Bremen vs RasenBallsport Leipzig,RasenBallsport Leipzig,Xavi Simons,0,0.0,0,1,✅ OPTIMALE (15j),Non renseigné (Auto),N/A
Bundesliga,2026-04-04,Werder Bremen vs RasenBallsport Leipzig,RasenBallsport Leipzig,Kosta Nedeljkovic,0,0.0,0,0,✅ OPTIMALE (15j),Non renseigné (Auto),N/A
Bundesliga,2026-04-04,Werder Bremen vs RasenBallsport Leipzig,RasenBallsport Leipzig,Maarten Vandevoordt,0,0.0,0,0,✅ OPTIMALE (15j),Non renseigné (Auto),N/A
Bundesliga,2026-04-04,Werder Bremen vs RasenBallsport Leipzig,Werder Bremen,Jens Stage,7,4.65173052996397,46,23,✅ OPTIMALE (14j),Non renseigné (Auto),N/A
Bundesliga,2026-04-04,Werder Bremen vs RasenBallsport Leipzig,Werder Bremen,Justin Njinmah,5,5.167566480115056,45,13,✅ OPTIMALE (14j),Non renseigné (Auto),N/A
Bundesliga,2026-04-04,Werder Bremen vs RasenBallsport Leipzig,Werder Bremen,Romano Schmid,2,6.263214188627899,45,67,✅ OPTIMALE (14j),Non renseigné (Auto),N/A
Bundesliga,2026-04-04,Werder Bremen vs RasenBallsport Leipzig,Werder Bremen,Marco Grüll,3,3.741651838645339,39,31,✅ OPTIMALE (14j),Non renseigné (Auto),N/A
Bundesliga,2026-04-04,Werder Bremen vs RasenBallsport Leipzig,Werder Bremen,Yukinari Sugawara,0,1.5922868372872472,28,13,✅ OPTIMALE (14j),Non renseigné (Auto),N/A
Bundesliga,2026-04-04,Werder Bremen vs RasenBallsport Leipzig,Werder Bremen,Cameron Puertas,0,1.6473787911236286,27,19,✅ OPTIMALE (14j),Non renseigné (Auto),N/A
Bundesliga,2026-04-04,Werder Bremen vs RasenBallsport Leipzig,Werder Bremen,Keke Maximilian Topp,1,2.021150179207325,25,9,✅ OPTIMALE (14j),Non renseigné (Auto),N/A
Bundesliga,2026-04-04,Werder Bremen vs RasenBallsport Leipzig,Werder Bremen,Senne Lynen,0,0.6801605997607112,17,9,✅ OPTIMALE (14j),Non renseigné (Auto),N/A
Bundesliga,2026-04-04,Werder Bremen vs RasenBallsport Leipzig,Werder Bremen,Victor Boniface,0,0.908873425796628,16,7,✅ OPTIMALE (14j),Non renseigné (Auto),N/A
Bundesliga,2026-04-04,Werder Bremen vs RasenBallsport Leipzig,Werder Bremen,Samuel Mbangula,3,1.7021509390324354,15,14,✅ OPTIMALE (14j),Non renseigné (Auto),N/A
Bundesliga,2026-04-04,Werder Bremen vs RasenBallsport Leipzig,Werder Bremen,Jovan Milosevic,3,2.097077786922455,9,1,✅ OPTIMALE (14j),Non renseigné (Auto),N/A
Bundesliga,2026-04-04,Werder Bremen vs RasenBallsport Leipzig,Werder Bremen,Marco Friedl,1,0.729124104604125,8,5,✅ OPTIMALE (14j),Non renseigné (Auto),N/A
Bundesliga,2026-04-04,Werder Bremen vs RasenBallsport Leipzig,Werder Bremen,Amos Pieper,0,0.3870185147970915,8,2,✅ OPTIMALE (14j),Non renseigné (Auto),N/A
Bundesliga,2026-04-04,Werder Bremen vs RasenBallsport Leipzig,Werder Bremen,Olivier Deman,1,0.36980773508548737,7,12,✅ OPTIMALE (14j),Non renseigné (Auto),N/A
Bundesliga,2026-04-04,Werder Bremen vs RasenBallsport Leipzig,Werder Bremen,Karim Coulibaly,1,1.1301267184317112,6,6,✅ OPTIMALE (14j),Non renseigné (Auto),N/A
Bundesliga,2026-04-04,Werder Bremen vs RasenBallsport Leipzig,Werder Bremen,Patrice Covic,1,1.1091214641928673,5,3,✅ OPTIMALE (14j),Non renseigné (Auto),N/A
Bundesliga,2026-04-04,Werder Bremen vs RasenBallsport Leipzig,Werder Bremen,Leonardo Bittencourt,0,0.15544733870774508,5,4,✅ OPTIMALE (14j),Non renseigné (Auto),N/A
Bundesliga,2026-04-04,Werder Bremen vs RasenBallsport Leipzig,Werder Bremen,Isaac Schmidt,1,0.5034690070897341,4,9,✅ OPTIMALE (14j),Non renseigné (Auto),N/A
Bundesliga,2026-04-04,Werder Bremen vs RasenBallsport Leipzig,Werder Bremen,Niklas Stark,0,0.5795709788799286,3,0,✅ OPTIMALE (14j),Non renseigné (Auto),N/A
Bundesliga,2026-04-04,Werder Bremen vs RasenBallsport Leipzig,Werder Bremen,Felix Agu,0,0.08192805992439389,2,6,✅ OPTIMALE (14j),Non renseigné (Auto),N/A
Bundesliga,2026-04-04,Werder Bremen vs RasenBallsport Leipzig,Werder Bremen,Julián Malatini,0,0.02844528667628765,2,2,✅ OPTIMALE (14j),Non renseigné (Auto),N/A
Bundesliga,2026-04-04,Werder Bremen vs RasenBallsport Leipzig,Werder Bremen,Salim Musah,0,0.01949378475546837,1,0,✅ OPTIMALE (14j),Non renseigné (Auto),N/A
Bundesliga,2026-04-04,Werder Bremen vs RasenBallsport Leipzig,Werder Bremen,Karl Hein,0,0.0,0,0,✅ OPTIMALE (14j),Non renseigné (Auto),N/A
Bundesliga,2026-04-04,Werder Bremen vs RasenBallsport Leipzig,Werder Bremen,Skelly Alvero,0,0.0,0,0,✅ OPTIMALE (14j),Non renseigné (Auto),N/A
Bundesliga,2026-04-04,Werder Bremen vs RasenBallsport Leipzig,Werder Bremen,Isak Hansen-Aaröen,0,0.0,0,0,✅ OPTIMALE (14j),Non renseigné (Auto),N/A
Bundesliga,2026-04-04,Werder Bremen vs RasenBallsport Leipzig,Werder Bremen,Mio Backhaus,0,0.0,0,0,✅ OPTIMALE (14j),Non renseigné (Auto),N/A
Bundesliga,2026-04-04,Werder Bremen vs RasenBallsport Leipzig,Werder Bremen,Mick Schmetgens,0,0.0,0,0,✅ OPTIMALE (14j),Non renseigné (Auto),N/A
